Aug 15 2015 01: +0,1.143,1600
Aug 16 2015 01: +0,1.119,647
Aug 17 2015 01: +0,1.109,468
Aug 18 2015 01: +0,1.115,408
Aug 19 2015 01: +0,1.125,402
Aug 20 2015 01: +0,1.14,640
Aug 21 2015 01: +0,0.878,1556
Aug 22 2015 01: +0,0.453,7404
Aug 23 2015 01: +0,0.334,99019
Aug 24 2015 01: +0,0.363,19050
Aug 25 2015 01: +0,0.392,3378
Aug 26 2015 01: +0,0.387,2547
Aug 27 2015 01: +0,0.363,2340
Aug 28 2015 01: +0,0.359,2684
Aug 29 2015 01: +0,0.354,2251
Aug 30 2015 01: +0,0.357,2368
Aug 31 2015 01: +0,0.337,2661
Sep 01 2015 01: +0,0.313,2463
Sep 02 2015 01: +0,0.309,2220
Sep 03 2015 01: +0,0.313,1830
Sep 04 2015 01: +0,0.314,2421
Sep 05 2015 01: +0,0.314,2393
Sep 06 2015 01: +0,0.309,2286
Sep 07 2015 01: +0,0.303,1985
Sep 08 2015 01: +0,0.311,2016
Sep 09 2015 01: +0,0.312,1454
Sep 10 2015 01: +0,0.309,2027
Sep 11 2015 01: +0,0.305,2693
Sep 12 2015 01: +0,0.31,2391
Sep 13 2015 01: +0,0.308,2209
Sep 14 2015 01: +0,0.3,2102
Sep 15 2015 01: +0,0.293,2235
Sep 16 2015 01: +0,0.291,2535
Sep 17 2015 01: +0,0.294,2093
Sep 18 2015 01: +0,0.303,2635
Sep 19 2015 01: +0,0.318,3030
Sep 20 2015 01: +0,0.327,2493
Sep 21 2015 01: +0,0.326,1746
Sep 22 2015 01: +0,0.328,1916
Sep 23 2015 01: +0,0.325,2217
Sep 24 2015 01: +0,0.335,2080
Sep 25 2015 01: +0,0.339,2154
Sep 26 2015 01: +0,0.365,2321
Sep 27 2015 01: +0,0.371,2389
Sep 28 2015 01: +0,0.367,1673
Sep 29 2015 01: +0,0.357,1760
Sep 30 2015 01: +0,0.345,1827
Oct 01 2015 01: +0,0.358,1722
Oct 02 2015 01: +0,0.355,2105
Oct 03 2015 01: +0,0.354,2514
Oct 04 2015 01: +0,0.349,2019
Oct 05 2015 01: +0,0.343,1851
Oct 06 2015 01: +0,0.336,1553
Oct 07 2015 01: +0,0.331,1863
Oct 08 2015 01: +0,0.332,1615
Oct 09 2015 01: +0,0.323,2034
Oct 10 2015 01: +0,0.326,2246
Oct 11 2015 01: +0,0.323,2138
Oct 12 2015 01: +0,0.316,1872
Oct 13 2015 01: +0,0.305,1811
Oct 14 2015 01: +0,0.307,2142
Oct 15 2015 01: +0,0.308,1829
Oct 16 2015 01: +0,0.306,2070
Oct 17 2015 01: +0,0.31,2557
Oct 18 2015 01: +0,0.307,2657
Oct 19 2015 01: +0,0.306,1769
Oct 20 2015 01: +0,0.298,1982
Oct 21 2015 01: +0,0.255,1888
Oct 22 2015 01: +0,0.267,1244
Oct 23 2015 01: +0,0.276,1771
Oct 24 2015 01: +0,0.279,2165
Oct 25 2015 01: +0,0.287,1883
Oct 26 2015 01: +0,0.284,1494
Oct 27 2015 01: +0,0.274,1349
Oct 28 2015 01: +0,0.27,1439
Oct 29 2015 01: +0,0.273,1430
Oct 30 2015 01: +0,0.269,1405
Oct 31 2015 01: +0,0.253,1603
Nov 01 2015 01: +0,0.234,1575
Nov 02 2015 01: +0,0.238,746
Nov 03 2015 01: +0,0.246,802
Nov 04 2015 01: +0,0.236,630
Nov 05 2015 01: +0,0.244,505
Nov 06 2015 01: +0,0.232,595
Nov 07 2015 01: +0,0.255,647
Nov 08 2015 01: +0,0.25,562
Nov 09 2015 01: +0,0.242,534
Nov 10 2015 01: +0,0.242,442
Nov 11 2015 01: +0,0.242,535
Nov 12 2015 01: +0,0.237,470
Nov 13 2015 01: +0,0.236,631
Nov 14 2015 01: +0,0.247,706
Nov 15 2015 01: +0,0.247,665
Nov 16 2015 01: +0,0.25,523
Nov 17 2015 01: +0,0.236,616
Nov 18 2015 01: +0,0.253,458
Nov 19 2015 01: +0,0.255,556
Nov 20 2015 01: +0,0.251,627
Nov 21 2015 01: +0,0.262,751
Nov 22 2015 01: +0,0.253,560
Nov 23 2015 01: +0,0.25,491
Nov 24 2015 01: +0,0.261,686
Nov 25 2015 01: +0,0.255,670
Nov 26 2015 01: +0,0.24,692
Nov 27 2015 01: +0,0.232,762
Nov 28 2015 01: +0,0.228,803
Nov 29 2015 01: +0,0.242,585
Nov 30 2015 01: +0,0.241,516
Dec 01 2015 01: +0,0.231,943
Dec 02 2015 01: +0,0.253,590
Dec 03 2015 01: +0,0.249,640
Dec 04 2015 01: +0,0.248,725
Dec 05 2015 01: +0,0.256,769
Dec 06 2015 01: +0,0.259,764
Dec 07 2015 01: +0,0.262,661
Dec 08 2015 01: +0,0.26,712
Dec 09 2015 01: +0,0.257,1170
Dec 10 2015 01: +0,0.273,780
Dec 11 2015 01: +0,0.275,964
Dec 12 2015 01: +0,0.288,1203
Dec 13 2015 01: +0,0.296,956
Dec 14 2015 01: +0,0.292,872
Dec 15 2015 01: +0,0.3,706
Dec 16 2015 01: +0,0.311,755
Dec 17 2015 01: +0,0.335,523
Dec 18 2015 01: +0,0.322,639
Dec 19 2015 01: +0,0.309,925
Dec 20 2015 01: +0,0.312,830
Dec 21 2015 01: +0,0.311,813
Dec 22 2015 01: +0,0.3,953
Dec 23 2015 01: +0,0.304,695
Dec 24 2015 01: +0,0.311,676
Dec 25 2015 01: +0,0.322,882
Dec 26 2015 01: +0,0.324,1100
Dec 27 2015 01: +0,0.32,927
Dec 28 2015 01: +0,0.334,766
Dec 29 2015 01: +0,0.35,886
Dec 30 2015 01: +0,0.363,930
Dec 31 2015 01: +0,0.349,840
Jan 01 2016 01: +0,0.34,879
Jan 02 2016 01: +0,0.33,914
Jan 03 2016 01: +0,0.319,855
Jan 04 2016 01: +0,0.337,636
Jan 05 2016 01: +0,0.333,793
Jan 06 2016 01: +0,0.333,707
Jan 07 2016 01: +0,0.365,815
Jan 08 2016 01: +0,0.391,795
Jan 09 2016 01: +0,0.403,963
Jan 10 2016 01: +0,0.407,945
Jan 11 2016 01: +0,0.418,641
Jan 12 2016 01: +0,0.414,609
Jan 13 2016 01: +0,0.419,637
Jan 14 2016 01: +0,0.385,1129
Jan 15 2016 01: +0,0.402,2413
Jan 16 2016 01: +0,0.431,1039
Jan 17 2016 01: +0,0.425,988
Jan 18 2016 01: +0,0.438,844
Jan 19 2016 01: +0,0.44,583
Jan 20 2016 01: +0,0.461,622
Jan 21 2016 01: +0,0.472,607
Jan 22 2016 01: +0,0.497,591
Jan 23 2016 01: +0,0.526,591
Jan 24 2016 01: +0,0.532,582
Jan 25 2016 01: +0,0.529,472
Jan 26 2016 01: +0,0.513,467
Jan 27 2016 01: +0,0.525,423
Jan 28 2016 01: +0,0.516,450
Jan 29 2016 01: +0,0.511,465
Jan 30 2016 01: +0,0.503,605
Jan 31 2016 01: +0,0.51,619
Feb 01 2016 01: +0,0.502,512
Feb 02 2016 01: +0,0.505,490
Feb 03 2016 01: +0,0.506,386
Feb 04 2016 01: +0,0.501,431
Feb 05 2016 01: +0,0.499,557
Feb 06 2016 01: +0,0.474,747
Feb 07 2016 01: +0,0.482,600
Feb 08 2016 01: +0,0.488,385
Feb 09 2016 01: +0,0.494,398
Feb 10 2016 01: +0,0.497,361
Feb 11 2016 01: +0,0.484,457
Feb 12 2016 01: +0,0.495,551
Feb 13 2016 01: +0,0.512,651
Feb 14 2016 01: +0,0.515,566
Feb 15 2016 01: +0,0.507,538
Feb 16 2016 01: +0,0.526,487
Feb 17 2016 01: +0,0.511,469
Feb 18 2016 01: +0,0.436,704
Feb 19 2016 01: +0,0.517,527
Feb 20 2016 01: +0,0.52,686
Feb 21 2016 01: +0,0.516,597
Feb 22 2016 01: +0,0.492,462
Feb 23 2016 01: +0,0.499,408
Feb 24 2016 01: +0,0.472,483
Feb 25 2016 01: +0,0.464,532
Feb 26 2016 01: +0,0.459,508
Feb 27 2016 01: +0,0.47,844
Feb 28 2016 01: +0,0.474,543
Feb 29 2016 01: +0,0.468,583
Mar 01 2016 01: +0,0.456,664
Mar 02 2016 01: +0,0.447,632
Mar 03 2016 01: +0,0.453,626
Mar 04 2016 01: +0,0.455,614
Mar 05 2016 01: +0,0.455,832
Mar 06 2016 01: +0,0.453,685
Mar 07 2016 01: +0,0.445,537
Mar 08 2016 01: +0,0.437,469
Mar 09 2016 01: +0,0.428,446
Mar 10 2016 01: +0,0.432,424
Mar 11 2016 01: +0,0.438,592
Mar 12 2016 01: +0,0.44,693
Mar 13 2016 01: +0,0.442,706
Mar 14 2016 01: +0,0.427,624
Mar 15 2016 01: +0,0.423,600
Mar 16 2016 01: +0,0.419,563
Mar 17 2016 01: +0,0.412,779
Mar 18 2016 01: +0,0.38,677
Mar 19 2016 01: +0,0.378,707
Mar 20 2016 01: +0,0.418,434
Mar 21 2016 01: +0,0.418,411
Mar 22 2016 01: +0,0.413,349
Mar 23 2016 01: +0,0.409,584
Mar 24 2016 01: +0,0.417,382
Mar 25 2016 01: +0,0.409,454
Mar 26 2016 01: +0,0.411,542
Mar 27 2016 01: +0,0.397,647
Mar 28 2016 01: +0,0.375,599
Mar 29 2016 01: +0,0.381,552
Mar 30 2016 01: +0,0.39,511
Mar 31 2016 01: +0,0.375,372
Apr 01 2016 01: +0,0.349,642
Apr 02 2016 01: +0,0.339,582
Apr 03 2016 01: +0,0.289,598
Apr 04 2016 01: +0,0.321,291
Apr 05 2016 01: +0,0.362,197
Apr 06 2016 01: +0,0.36,228
Apr 07 2016 01: +0,0.36,201
Apr 08 2016 01: +0,0.355,291
Apr 09 2016 01: +0,0.37,304
Apr 10 2016 01: +0,0.366,264
Apr 11 2016 01: +0,0.365,190
Apr 12 2016 01: +0,0.364,173
Apr 13 2016 01: +0,0.355,164
Apr 14 2016 01: +0,0.355,186
Apr 15 2016 01: +0,0.349,219
Apr 16 2016 01: +0,0.351,275
Apr 17 2016 01: +0,0.359,247
Apr 18 2016 01: +0,0.348,175
Apr 19 2016 01: +0,0.335,211
Apr 20 2016 01: +0,0.359,213
Apr 21 2016 01: +0,0.341,289
Apr 22 2016 01: +0,0.33,334
Apr 23 2016 01: +0,0.354,362
Apr 24 2016 01: +0,0.355,315
Apr 25 2016 01: +0,0.353,213
Apr 26 2016 01: +0,0.343,272
Apr 27 2016 01: +0,0.336,238
Apr 28 2016 01: +0,0.341,314
Apr 29 2016 01: +0,0.346,400
Apr 30 2016 01: +0,0.353,366
May 01 2016 01: +0,0.352,402
May 02 2016 01: +0,0.364,347
May 03 2016 01: +0,0.366,325
May 04 2016 01: +0,0.378,354
May 05 2016 01: +0,0.384,288
May 06 2016 01: +0,0.392,324
May 07 2016 01: +0,0.396,410
May 08 2016 01: +0,0.411,264
May 09 2016 01: +0,0.415,226
May 10 2016 01: +0,0.424,169
May 11 2016 01: +0,0.419,206
May 12 2016 01: +0,0.424,185
May 13 2016 01: +0,0.406,222
May 14 2016 01: +0,0.419,335
May 15 2016 01: +0,0.421,351
May 16 2016 01: +0,0.412,216
May 17 2016 01: +0,0.398,196
May 18 2016 01: +0,0.377,163
May 19 2016 01: +0,0.377,209
May 20 2016 01: +0,0.366,276
May 21 2016 01: +0,0.387,307
May 22 2016 01: +0,0.414,222
May 23 2016 01: +0,0.408,198
May 24 2016 01: +0,0.398,170
May 25 2016 01: +0,0.408,188
May 26 2016 01: +0,0.402,191
May 27 2016 01: +0,0.416,215
May 28 2016 01: +0,0.429,226
May 29 2016 01: +0,0.411,202
May 30 2016 01: +0,0.404,252
May 31 2016 01: +0,0.394,204
Jun 01 2016 01: +0,0.381,355
Jun 02 2016 01: +0,0.359,320
Jun 03 2016 01: +0,0.364,327
Jun 04 2016 01: +0,0.361,276
Jun 05 2016 01: +0,0.365,245
Jun 06 2016 01: +0,0.371,283
Jun 07 2016 01: +0,0.362,232
Jun 08 2016 01: +0,0.358,243
Jun 09 2016 01: +0,0.35,213
Jun 10 2016 01: +0,0.354,299
Jun 11 2016 01: +0,0.356,312
Jun 12 2016 01: +0,0.344,356
Jun 13 2016 01: +0,0.343,270
Jun 14 2016 01: +0,0.338,339
Jun 15 2016 01: +0,0.341,268
Jun 16 2016 01: +0,0.336,340
Jun 17 2016 01: +0,0.336,365
Jun 18 2016 01: +0,0.342,538
Jun 19 2016 01: +0,0.337,397
Jun 20 2016 01: +0,0.333,395
Jun 21 2016 01: +0,0.343,367
Jun 22 2016 01: +0,0.357,334
Jun 23 2016 01: +0,0.343,351
Jun 24 2016 01: +0,0.336,408
Jun 25 2016 01: +0,0.321,315
Jun 26 2016 01: +0,0.322,279
Jun 27 2016 01: +0,0.317,202
Jun 28 2016 01: +0,0.303,253
Jun 29 2016 01: +0,0.305,240
Jun 30 2016 01: +0,0.31,261
Jul 01 2016 01: +0,0.317,304
Jul 02 2016 01: +0,0.32,280
Jul 03 2016 01: +0,0.311,308
Jul 04 2016 01: +0,0.298,322
Jul 05 2016 01: +0,0.299,356
Jul 06 2016 01: +0,0.3,350
Jul 07 2016 01: +0,0.306,328
Jul 08 2016 01: +0,0.321,242
Jul 09 2016 01: +0,0.292,395
Jul 10 2016 01: +0,0.272,338
Jul 11 2016 01: +0,0.288,199
Jul 12 2016 01: +0,0.304,198
Jul 13 2016 01: +0,0.309,175
Jul 14 2016 01: +0,0.301,205
Jul 15 2016 01: +0,0.309,197
Jul 16 2016 01: +0,0.31,174
Jul 17 2016 01: +0,0.322,202
Jul 18 2016 01: +0,0.317,225
Jul 19 2016 01: +0,0.353,205
Jul 20 2016 01: +0,0.361,214
Jul 21 2016 01: +0,0.364,170
Jul 22 2016 01: +0,0.359,151
Jul 23 2016 01: +0,0.366,185
Jul 24 2016 01: +0,0.364,157
Jul 25 2016 01: +0,0.342,170
Jul 26 2016 01: +0,0.365,146
Jul 27 2016 01: +0,0.361,170
Jul 28 2016 01: +0,0.378,197
Jul 29 2016 01: +0,0.37,169
Jul 30 2016 01: +0,0.391,160
Jul 31 2016 01: +0,0.405,122
Aug 01 2016 01: +0,0.424,106
Aug 02 2016 01: +0,0.402,181
Aug 03 2016 01: +0,0.366,190
Aug 04 2016 01: +0,0.341,198
Aug 05 2016 01: +0,0.347,222
Aug 06 2016 01: +0,0.341,224
Aug 07 2016 01: +0,0.344,149
Aug 08 2016 01: +0,0.341,196
Aug 09 2016 01: +0,0.33,157
Aug 10 2016 01: +0,0.304,221
Aug 11 2016 01: +0,0.283,299
Aug 12 2016 01: +0,0.262,392
Aug 13 2016 01: +0,0.264,610
Aug 14 2016 01: +0,0.29,271
Aug 15 2016 01: +0,0.29,258
Aug 16 2016 01: +0,0.296,266
Aug 17 2016 01: +0,0.309,253
Aug 18 2016 01: +0,0.322,288
Aug 19 2016 01: +0,0.328,284
Aug 20 2016 01: +0,0.319,340
Aug 21 2016 01: +0,0.329,333
Aug 22 2016 01: +0,0.336,294
Aug 23 2016 01: +0,0.35,249
Aug 24 2016 01: +0,0.351,224
Aug 25 2016 01: +0,0.352,246
Aug 26 2016 01: +0,0.362,216
Aug 27 2016 01: +0,0.372,251
Aug 28 2016 01: +0,0.396,637
Aug 29 2016 01: +0,0.391,577
Aug 30 2016 01: +0,0.326,541
Aug 31 2016 01: +0,0.408,200
Sep 01 2016 01: +0,0.401,219
Sep 02 2016 01: +0,0.4,211
Sep 03 2016 01: +0,0.411,260
Sep 04 2016 01: +0,0.411,269
Sep 05 2016 01: +0,0.409,237
Sep 06 2016 01: +0,0.406,214
Sep 07 2016 01: +0,0.409,239
Sep 08 2016 01: +0,0.409,171
Sep 09 2016 01: +0,0.41,263
Sep 10 2016 01: +0,0.408,298
Sep 11 2016 01: +0,0.407,262
Sep 12 2016 01: +0,0.407,188
Sep 13 2016 01: +0,0.413,183
Sep 14 2016 01: +0,0.414,184
Sep 15 2016 01: +0,0.415,165
Sep 16 2016 01: +0,0.411,190
Sep 17 2016 01: +0,0.42,253
Sep 18 2016 01: +0,0.419,265
Sep 19 2016 01: +0,0.416,231
Sep 20 2016 01: +0,0.421,154
Sep 21 2016 01: +0,0.426,168
Sep 22 2016 01: +0,0.423,154
Sep 23 2016 01: +0,0.43,200
Sep 24 2016 01: +0,0.421,236
Sep 25 2016 01: +0,0.421,256
Sep 26 2016 01: +0,0.433,168
Sep 27 2016 01: +0,0.435,179
Sep 28 2016 01: +0,0.432,182
Sep 29 2016 01: +0,0.43,163
Sep 30 2016 01: +0,0.418,190
Oct 01 2016 01: +0,0.42,253
Oct 02 2016 01: +0,0.406,249
Oct 03 2016 01: +0,0.412,182
Oct 04 2016 01: +0,0.408,128
Oct 05 2016 01: +0,0.408,210
Oct 06 2016 01: +0,0.409,144
Oct 07 2016 01: +0,0.411,152
Oct 08 2016 01: +0,0.411,202
Oct 09 2016 01: +0,0.409,184
Oct 10 2016 01: +0,0.413,105
Oct 11 2016 01: +0,0.404,121
Oct 12 2016 01: +0,0.4,148
Oct 13 2016 01: +0,0.397,141
Oct 14 2016 01: +0,0.388,161
Oct 15 2016 01: +0,0.401,159
Oct 16 2016 01: +0,0.401,168
Oct 17 2016 01: +0,0.404,153
Oct 18 2016 01: +0,0.401,102
Oct 19 2016 01: +0,0.403,113
Oct 20 2016 01: +0,0.409,118
Oct 21 2016 01: +0,0.397,145
Oct 22 2016 01: +0,0.395,183
Oct 23 2016 01: +0,0.385,185
Oct 24 2016 01: +0,0.373,133
Oct 25 2016 01: +0,0.394,143
Oct 26 2016 01: +0,0.385,117
Oct 27 2016 01: +0,0.38,141
Oct 28 2016 01: +0,0.391,136
Oct 29 2016 01: +0,0.391,216
Oct 30 2016 01: +0,0.4,171
Oct 31 2016 01: +0,0.401,211
Nov 01 2016 01: +0,0.404,172
Nov 02 2016 01: +0,0.423,158
Nov 03 2016 01: +0,0.413,144
Nov 04 2016 01: +0,0.406,185
Nov 05 2016 01: +0,0.427,245
Nov 06 2016 01: +0,0.433,221
Nov 07 2016 01: +0,0.432,193
Nov 08 2016 01: +0,0.413,149
Nov 09 2016 01: +0,0.404,192
Nov 10 2016 01: +0,0.41,154
Nov 11 2016 01: +0,0.405,181
Nov 12 2016 01: +0,0.411,258
Nov 13 2016 01: +0,0.406,222
Nov 14 2016 01: +0,0.411,208
Nov 15 2016 01: +0,0.411,171
Nov 16 2016 01: +0,0.39,197
Nov 17 2016 01: +0,0.387,183
Nov 18 2016 01: +0,0.397,214
Nov 19 2016 01: +0,0.401,227
Nov 20 2016 01: +0,0.403,210
Nov 21 2016 01: +0,0.402,176
Nov 22 2016 01: +0,0.397,209
Nov 23 2016 01: +0,0.396,142
Nov 24 2016 01: +0,0.389,157
Nov 25 2016 01: +0,0.39,219
Nov 26 2016 01: +0,0.39,208
Nov 27 2016 01: +0,0.387,155
Nov 28 2016 01: +0,0.392,174
Nov 29 2016 01: +0,0.362,215
Nov 30 2016 01: +0,0.386,180
Dec 01 2016 01: +0,0.398,172
Dec 02 2016 01: +0,0.392,233
Dec 03 2016 01: +0,0.397,294
Dec 04 2016 01: +0,0.394,335
Dec 05 2016 01: +0,0.378,256
Dec 06 2016 01: +0,0.399,264
Dec 07 2016 01: +0,0.396,204
Dec 08 2016 01: +0,0.398,234
Dec 09 2016 01: +0,0.384,245
Dec 10 2016 01: +0,0.393,322
Dec 11 2016 01: +0,0.399,289
Dec 12 2016 01: +0,0.39,208
Dec 13 2016 01: +0,0.376,258
Dec 14 2016 01: +0,0.382,229
Dec 15 2016 01: +0,0.394,176
Dec 16 2016 01: +0,0.391,210
Dec 17 2016 01: +0,0.402,290
Dec 18 2016 01: +0,0.406,235
Dec 19 2016 01: +0,0.395,235
Dec 20 2016 01: +0,0.403,192
Dec 21 2016 01: +0,0.407,166
Dec 22 2016 01: +0,0.41,223
Dec 23 2016 01: +0,0.405,177
Dec 24 2016 01: +0,0.411,275
Dec 25 2016 01: +0,0.4,447
Dec 26 2016 01: +0,0.398,495
Dec 27 2016 01: +0,0.44,374
Dec 28 2016 01: +0,0.468,272
Dec 29 2016 01: +0,0.497,272
Dec 30 2016 01: +0,0.484,215
Dec 31 2016 01: +0,0.493,249
Jan 01 2017 01: +0,0.559,495
Jan 02 2017 01: +0,0.573,207
Jan 03 2017 01: +0,0.581,486
Jan 04 2017 01: +0,0.57,251
Jan 05 2017 01: +0,0.572,246
Jan 06 2017 01: +0,0.586,215
Jan 07 2017 01: +0,0.591,191
Jan 08 2017 01: +0,0.582,246
Jan 09 2017 01: +0,0.55,214
Jan 10 2017 01: +0,0.564,155
Jan 11 2017 01: +0,0.614,681
Jan 12 2017 01: +0,0.647,131
Jan 13 2017 01: +0,0.655,146
Jan 14 2017 01: +0,0.631,308
Jan 15 2017 01: +0,0.662,161
Jan 16 2017 01: +0,0.649,156
Jan 17 2017 01: +0,0.649,151
Jan 18 2017 01: +0,0.664,120
Jan 19 2017 01: +0,0.661,131
Jan 20 2017 01: +0,0.662,144
Jan 21 2017 01: +0,0.653,128
Jan 22 2017 01: +0,0.649,162
Jan 23 2017 01: +0,0.676,100
Jan 24 2017 01: +0,0.641,147
Jan 25 2017 01: +0,0.67,367
Jan 26 2017 01: +0,0.729,136
Jan 27 2017 01: +0,0.769,81
Jan 28 2017 01: +0,0.763,117
Jan 29 2017 01: +0,0.665,180
Jan 30 2017 01: +0,0.608,201
Jan 31 2017 01: +0,0.645,134
Feb 01 2017 01: +0,0.701,100
Feb 02 2017 01: +0,0.702,82
Feb 03 2017 01: +0,0.711,94
Feb 04 2017 01: +0,0.699,131
Feb 05 2017 01: +0,0.723,148
Feb 06 2017 01: +0,0.692,84
Feb 07 2017 01: +0,0.704,73
Feb 08 2017 01: +0,0.705,109
Feb 09 2017 01: +0,0.618,82
Feb 10 2017 01: +0,0.624,316
Feb 11 2017 01: +0,0.733,111
Feb 12 2017 01: +0,0.733,166
Feb 13 2017 01: +0,0.678,107
Feb 14 2017 01: +0,0.754,98
Feb 15 2017 01: +0,0.761,84
Feb 16 2017 01: +0,0.726,89
Feb 17 2017 01: +0,0.699,78
Feb 18 2017 01: +0,0.664,147
Feb 19 2017 01: +0,0.689,105
Feb 20 2017 01: +0,0.655,127
Feb 21 2017 01: +0,0.681,303
Feb 22 2017 01: +0,0.873,232
Feb 23 2017 01: +0,0.8,148
Feb 24 2017 01: +0,0.862,131
Feb 25 2017 01: +0,0.846,312
Feb 26 2017 01: +0,0.849,231
Feb 27 2017 01: +0,0.908,377
Feb 28 2017 01: +0,0.949,201
Mar 01 2017 01: +0,0.95,86
Mar 02 2017 01: +0,0.953,129
Mar 03 2017 01: +0,0.971,157
Mar 04 2017 01: +0,0.966,216
Mar 05 2017 01: +0,0.953,168
Mar 06 2017 01: +0,1.007,513
Mar 07 2017 01: +0,0.999,76
Mar 08 2017 01: +0,1.006,64
Mar 09 2017 01: +0,1.004,520
Mar 10 2017 01: +0,1.066,83
Mar 11 2017 01: +0,1.036,106
Mar 12 2017 01: +0,1.065,126
Mar 13 2017 01: +0,1.004,58
Mar 14 2017 01: +0,1.004,96
Mar 15 2017 01: +0,0.952,57
Mar 16 2017 01: +0,0.967,84
Mar 17 2017 01: +0,0.991,69
Mar 18 2017 01: +0,0.988,113
Mar 19 2017 01: +0,0.925,87
Mar 20 2017 01: +0,0.985,95
Mar 21 2017 01: +0,0.981,79
Mar 22 2017 01: +0,0.958,91
Mar 23 2017 01: +0,0.916,89
Mar 24 2017 01: +0,0.903,88
Mar 25 2017 01: +0,0.897,117
Mar 26 2017 01: +0,0.868,117
Mar 27 2017 01: +0,0.867,104
Mar 28 2017 01: +0,0.874,183
Mar 29 2017 01: +0,0.897,76
Mar 30 2017 01: +0,0.848,85
Mar 31 2017 01: +0,0.861,112
Apr 01 2017 01: +0,0.836,109
Apr 02 2017 01: +0,0.821,135
Apr 03 2017 01: +0,0.815,109
Apr 04 2017 01: +0,0.818,115
Apr 05 2017 01: +0,0.817,69
Apr 06 2017 01: +0,0.819,103
Apr 07 2017 01: +0,0.824,104
Apr 08 2017 01: +0,0.823,123
Apr 09 2017 01: +0,0.808,100
Apr 10 2017 01: +0,0.778,89
Apr 11 2017 01: +0,0.799,93
Apr 12 2017 01: +0,0.781,116
Apr 13 2017 01: +0,0.791,99
Apr 14 2017 01: +0,0.779,138
Apr 15 2017 01: +0,0.779,146
Apr 16 2017 01: +0,0.794,152
Apr 17 2017 01: +0,0.803,120
Apr 18 2017 01: +0,0.825,131
Apr 19 2017 01: +0,0.856,68
Apr 20 2017 01: +0,0.849,89
Apr 21 2017 01: +0,0.842,85
Apr 22 2017 01: +0,0.878,166
Apr 23 2017 01: +0,0.907,127
Apr 24 2017 01: +0,0.893,89
Apr 25 2017 01: +0,0.916,93
Apr 26 2017 01: +0,0.94,57
Apr 27 2017 01: +0,0.928,98
Apr 28 2017 01: +0,0.922,117
Apr 29 2017 01: +0,0.944,99
Apr 30 2017 01: +0,0.955,106
May 01 2017 01: +0,0.943,72
May 02 2017 01: +0,0.906,73
May 03 2017 01: +0,0.906,73
May 04 2017 01: +0,0.89,82
May 05 2017 01: +0,0.745,103
May 06 2017 01: +0,0.705,134
May 07 2017 01: +0,0.704,109
May 08 2017 01: +0,0.694,109
May 09 2017 01: +0,0.679,83
May 10 2017 01: +0,0.68,95
May 11 2017 01: +0,0.687,90
May 12 2017 01: +0,0.688,125
May 13 2017 01: +0,0.691,140
May 14 2017 01: +0,0.695,153
May 15 2017 01: +0,0.683,92
May 16 2017 01: +0,0.705,107
May 17 2017 01: +0,0.702,133
May 18 2017 01: +0,0.685,122
May 19 2017 01: +0,0.691,126
May 20 2017 01: +0,0.692,133
May 21 2017 01: +0,0.712,139
May 22 2017 01: +0,0.822,65
May 23 2017 01: +0,0.837,111
May 24 2017 01: +0,0.746,116
May 25 2017 01: +0,0.796,107
May 26 2017 01: +0,0.823,110
May 27 2017 01: +0,0.811,138
May 28 2017 01: +0,0.803,102
May 29 2017 01: +0,0.817,120
May 30 2017 01: +0,0.816,99
May 31 2017 01: +0,0.831,108
Jun 01 2017 01: +0,0.843,104
Jun 02 2017 01: +0,0.842,98
Jun 03 2017 01: +0,0.84,96
Jun 04 2017 01: +0,0.821,123
Jun 05 2017 01: +0,0.816,91
Jun 06 2017 01: +0,0.783,138
Jun 07 2017 01: +0,0.792,75
Jun 08 2017 01: +0,0.788,109
Jun 09 2017 01: +0,0.758,99
Jun 10 2017 01: +0,0.762,88
Jun 11 2017 01: +0,0.77,95
Jun 12 2017 01: +0,0.795,104
Jun 13 2017 01: +0,0.79,82
Jun 14 2017 01: +0,0.777,105
Jun 15 2017 01: +0,0.742,84
Jun 16 2017 01: +0,0.724,98
Jun 17 2017 01: +0,0.789,91
Jun 18 2017 01: +0,0.779,107
Jun 19 2017 01: +0,0.808,110
Jun 20 2017 01: +0,0.792,64
Jun 21 2017 01: +0,0.782,80
Jun 22 2017 01: +0,0.79,54
Jun 23 2017 01: +0,0.768,82
Jun 24 2017 01: +0,0.802,103
Jun 25 2017 01: +0,0.803,121
Jun 26 2017 01: +0,0.768,97
Jun 27 2017 01: +0,0.775,107
Jun 28 2017 01: +0,0.732,106
Jun 29 2017 01: +0,0.746,91
Jun 30 2017 01: +0,0.779,112
Jul 01 2017 01: +0,0.78,120
Jul 02 2017 01: +0,0.756,127
Jul 03 2017 01: +0,0.705,120
Jul 04 2017 01: +0,0.684,129
Jul 05 2017 01: +0,0.685,163
Jul 06 2017 01: +0,0.742,108
Jul 07 2017 01: +0,0.764,147
Jul 08 2017 01: +0,0.7,124
Jul 09 2017 01: +0,0.717,103
Jul 10 2017 01: +0,0.712,141
Jul 11 2017 01: +0,0.721,110
Jul 12 2017 01: +0,0.727,88
Jul 13 2017 01: +0,0.712,94
Jul 14 2017 01: +0,0.728,126
Jul 15 2017 01: +0,0.712,94
Jul 16 2017 01: +0,0.72,104
Jul 17 2017 01: +0,0.733,69
Jul 18 2017 01: +0,0.714,75
Jul 19 2017 01: +0,0.704,86
Jul 20 2017 01: +0,0.677,52
Jul 21 2017 01: +0,0.668,60
Jul 22 2017 01: +0,0.643,60
Jul 23 2017 01: +0,0.597,62
Jul 24 2017 01: +0,0.533,55
Jul 25 2017 01: +0,0.587,30
Jul 26 2017 01: +0,0.626,40
Jul 27 2017 01: +0,0.651,44
Jul 28 2017 01: +0,0.62,50
Jul 29 2017 01: +0,0.63,55
Jul 30 2017 01: +0,0.656,39
Jul 31 2017 01: +0,0.682,57
Aug 01 2017 01: +0,0.685,22
Aug 02 2017 01: +0,0.674,34
Aug 03 2017 01: +0,0.7,45
Aug 04 2017 01: +0,0.691,35
Aug 05 2017 01: +0,0.67,51
Aug 06 2017 01: +0,0.701,57
Aug 07 2017 01: +0,0.693,45
Aug 08 2017 01: +0,0.678,26
Aug 09 2017 01: +0,0.647,25
Aug 10 2017 01: +0,0.693,34
Aug 11 2017 01: +0,0.693,53
Aug 12 2017 01: +0,0.678,22
Aug 13 2017 01: +0,0.65,38
Aug 14 2017 01: +0,0.633,47
Aug 15 2017 01: +0,0.674,39
Aug 16 2017 01: +0,0.635,48
Aug 17 2017 01: +0,0.633,44
Aug 18 2017 01: +0,0.635,29
Aug 19 2017 01: +0,0.657,54
Aug 20 2017 01: +0,0.659,57
Aug 21 2017 01: +0,0.583,44
Aug 22 2017 01: +0,0.593,33
Aug 23 2017 01: +0,0.607,26
Aug 24 2017 01: +0,0.611,38
Aug 25 2017 01: +0,0.605,40
Aug 26 2017 01: +0,0.579,50
Aug 27 2017 01: +0,0.565,39
Aug 28 2017 01: +0,0.559,44
Aug 29 2017 01: +0,0.552,36
Aug 30 2017 01: +0,0.552,39
Aug 31 2017 01: +0,0.568,24
Sep 01 2017 01: +0,0.583,40
Sep 02 2017 01: +0,0.571,40
Sep 03 2017 01: +0,0.573,37
Sep 04 2017 01: +0,0.591,30
Sep 05 2017 01: +0,0.587,27
Sep 06 2017 01: +0,0.558,26
Sep 07 2017 01: +0,0.56,43
Sep 08 2017 01: +0,0.585,54
Sep 09 2017 01: +0,0.592,33
Sep 10 2017 01: +0,0.584,41
Sep 11 2017 01: +0,0.56,26
Sep 12 2017 01: +0,0.513,34
Sep 13 2017 01: +0,0.5,30
Sep 14 2017 01: +0,0.537,19
Sep 15 2017 01: +0,0.591,45
Sep 16 2017 01: +0,0.59,37
Sep 17 2017 01: +0,0.567,59
Sep 18 2017 01: +0,0.565,41
Sep 19 2017 01: +0,0.556,23
Sep 20 2017 01: +0,0.555,28
Sep 21 2017 01: +0,0.586,39
Sep 22 2017 01: +0,0.566,51
Sep 23 2017 01: +0,0.572,33
Sep 24 2017 01: +0,0.566,47
Sep 25 2017 01: +0,0.553,57
Sep 26 2017 01: +0,0.554,30
Sep 27 2017 01: +0,0.537,37
Sep 28 2017 01: +0,0.566,44
Sep 29 2017 01: +0,0.558,42
Sep 30 2017 01: +0,0.566,46
Oct 01 2017 01: +0,0.566,24
Oct 02 2017 01: +0,0.517,41
Oct 03 2017 01: +0,0.484,43
Oct 04 2017 01: +0,0.499,34
Oct 05 2017 01: +0,0.492,50
Oct 06 2017 01: +0,0.495,35
Oct 07 2017 01: +0,0.493,44
Oct 08 2017 01: +0,0.515,33
Oct 09 2017 01: +0,0.468,43
Oct 10 2017 01: +0,0.43,72
Oct 11 2017 01: +0,0.498,47
Oct 12 2017 01: +0,0.498,36
Oct 13 2017 01: +0,0.501,40
Oct 14 2017 01: +0,0.499,55
Oct 15 2017 01: +0,0.52,56
Oct 16 2017 01: +0,0.506,42
Oct 17 2017 01: +0,0.536,32
Oct 18 2017 01: +0,0.548,33
Oct 19 2017 01: +0,0.493,29
Oct 20 2017 01: +0,0.462,66
Oct 21 2017 01: +0,0.501,49
Oct 22 2017 01: +0,0.496,65
Oct 23 2017 01: +0,0.514,35
Oct 24 2017 01: +0,0.503,38
Oct 25 2017 01: +0,0.513,34
Oct 26 2017 01: +0,0.502,33
Oct 27 2017 01: +0,0.53,45
Oct 28 2017 01: +0,0.514,51
Oct 29 2017 01: +0,0.496,54
Oct 30 2017 01: +0,0.413,120
Oct 31 2017 01: +0,0.46,50
Nov 01 2017 01: +0,0.491,29
Nov 02 2017 01: +0,0.491,20
Nov 03 2017 01: +0,0.487,38
Nov 04 2017 01: +0,0.501,50
Nov 05 2017 01: +0,0.515,22
Nov 06 2017 01: +0,0.485,24
Nov 07 2017 01: +0,0.49,59
Nov 08 2017 01: +0,0.507,22
Nov 09 2017 01: +0,0.502,38
Nov 10 2017 01: +0,0.491,32
Nov 11 2017 01: +0,0.491,57
Nov 12 2017 01: +0,0.495,42
Nov 13 2017 01: +0,0.473,36
Nov 14 2017 01: +0,0.496,37
Nov 15 2017 01: +0,0.49,30
Nov 16 2017 01: +0,0.505,31
Nov 17 2017 01: +0,0.494,38
Nov 18 2017 01: +0,0.497,34
Nov 19 2017 01: +0,0.495,34
Nov 20 2017 01: +0,0.483,58
Nov 21 2017 01: +0,0.5,33
Nov 22 2017 01: +0,0.507,22
Nov 23 2017 01: +0,0.466,21
Nov 24 2017 01: +0,0.468,64
Nov 25 2017 01: +0,0.461,131
Nov 26 2017 01: +0,0.481,45
Nov 27 2017 01: +0,0.483,27
Nov 28 2017 01: +0,0.48,24
Nov 29 2017 01: +0,0.478,35
Nov 30 2017 01: +0,0.467,28
Dec 01 2017 01: +0,0.461,28
Dec 02 2017 01: +0,0.468,50
Dec 03 2017 01: +0,0.472,34
Dec 04 2017 01: +0,0.464,50
Dec 05 2017 01: +0,0.472,41
Dec 06 2017 01: +0,0.464,44
Dec 07 2017 01: +0,0.438,68
Dec 08 2017 01: +0,0.434,62
Dec 09 2017 01: +0,0.464,65
Dec 10 2017 01: +0,0.459,51
Dec 11 2017 01: +0,0.456,42
Dec 12 2017 01: +0,0.455,30
Dec 13 2017 01: +0,0.453,37
Dec 14 2017 01: +0,0.462,38
Dec 15 2017 01: +0,0.46,32
Dec 16 2017 01: +0,0.447,46
Dec 17 2017 01: +0,0.456,26
Dec 18 2017 01: +0,0.454,38
Dec 19 2017 01: +0,0.435,36
Dec 20 2017 01: +0,0.471,30
Dec 21 2017 01: +0,0.449,27
Dec 22 2017 01: +0,0.447,41
Dec 23 2017 01: +0,0.469,35
Dec 24 2017 01: +0,0.469,41
Dec 25 2017 01: +0,0.485,69
Dec 26 2017 01: +0,0.459,91
Dec 27 2017 01: +0,0.462,62
Dec 28 2017 01: +0,0.468,41
Dec 29 2017 01: +0,0.468,52
Dec 30 2017 01: +0,0.481,65
Dec 31 2017 01: +0,0.478,44
Jan 01 2018 01: +0,0.48,135
Jan 02 2018 01: +0,0.445,74
Jan 03 2018 01: +0,0.458,69
Jan 04 2018 01: +0,0.467,48
Jan 05 2018 01: +0,0.481,50
Jan 06 2018 01: +0,0.469,51
Jan 07 2018 01: +0,0.479,40
Jan 08 2018 01: +0,0.478,31
Jan 09 2018 01: +0,0.473,47
Jan 10 2018 01: +0,0.467,34
Jan 11 2018 01: +0,0.455,42
Jan 12 2018 01: +0,0.468,61
Jan 13 2018 01: +0,0.473,86
Jan 14 2018 01: +0,0.471,45
Jan 15 2018 01: +0,0.47,93
Jan 16 2018 01: +0,0.443,58
Jan 17 2018 01: +0,0.459,73
Jan 18 2018 01: +0,0.457,54
Jan 19 2018 01: +0,0.46,97
Jan 20 2018 01: +0,0.47,72
Jan 21 2018 01: +0,0.446,47
Jan 22 2018 01: +0,0.454,72
Jan 23 2018 01: +0,0.471,30
Jan 24 2018 01: +0,0.472,30
Jan 25 2018 01: +0,0.461,26
Jan 26 2018 01: +0,0.465,57
Jan 27 2018 01: +0,0.463,32
Jan 28 2018 01: +0,0.476,67
Jan 29 2018 01: +0,0.491,50
Jan 30 2018 01: +0,0.49,45
Jan 31 2018 01: +0,0.508,38
Feb 01 2018 01: +0,0.52,41
Feb 02 2018 01: +0,0.471,82
Feb 03 2018 01: +0,0.499,44
Feb 04 2018 01: +0,0.524,43
Feb 05 2018 01: +0,0.522,35
Feb 06 2018 01: +0,0.512,26
Feb 07 2018 01: +0,0.518,27
Feb 08 2018 01: +0,0.527,15
Feb 09 2018 01: +0,0.517,32
Feb 10 2018 01: +0,0.507,42
Feb 11 2018 01: +0,0.517,29
Feb 12 2018 01: +0,0.511,29
Feb 13 2018 01: +0,0.522,21
Feb 14 2018 01: +0,0.519,30
Feb 15 2018 01: +0,0.524,31
Feb 16 2018 01: +0,0.538,35
Feb 17 2018 01: +0,0.528,32
Feb 18 2018 01: +0,0.525,35
Feb 19 2018 01: +0,0.518,26
Feb 20 2018 01: +0,0.569,51
Feb 21 2018 01: +0,0.594,20
Feb 22 2018 01: +0,0.579,46
Feb 23 2018 01: +0,0.579,54
Feb 24 2018 01: +0,0.522,28
Feb 25 2018 01: +0,0.618,41
Feb 26 2018 01: +0,0.565,19
Feb 27 2018 01: +0,0.641,27
Feb 28 2018 01: +0,0.602,15
Mar 01 2018 01: +0,0.623,14
Mar 02 2018 01: +0,0.607,28
Mar 03 2018 01: +0,0.549,32
Mar 04 2018 01: +0,0.562,22
Mar 05 2018 01: +0,0.59,26
Mar 06 2018 01: +0,0.58,20
Mar 07 2018 01: +0,0.549,14
Mar 08 2018 01: +0,0.611,23
Mar 09 2018 01: +0,0.587,15
Mar 10 2018 01: +0,0.563,27
Mar 11 2018 01: +0,0.518,25
Mar 12 2018 01: +0,0.532,11
Mar 13 2018 01: +0,0.553,29
Mar 14 2018 01: +0,0.558,16
Mar 15 2018 01: +0,0.576,16
Mar 16 2018 01: +0,0.577,29
Mar 17 2018 01: +0,0.617,19
Mar 18 2018 01: +0,0.621,26
Mar 19 2018 01: +0,0.631,10
Mar 20 2018 01: +0,0.612,14
Mar 21 2018 01: +0,0.54,16
Mar 22 2018 01: +0,0.551,22
Mar 23 2018 01: +0,0.621,21
Mar 24 2018 01: +0,0.61,41
Mar 25 2018 01: +0,0.487,64
Mar 26 2018 01: +0,0.505,21
Mar 27 2018 01: +0,0.516,15
Mar 28 2018 01: +0,0.54,24
Mar 29 2018 01: +0,0.51,13
Mar 30 2018 01: +0,0.533,35
Mar 31 2018 01: +0,0.542,31
Apr 01 2018 01: +0,0.546,16
Apr 02 2018 01: +0,0.587,14
Apr 03 2018 01: +0,0.591,26
Apr 04 2018 01: +0,0.602,15
Apr 05 2018 01: +0,0.574,26
Apr 06 2018 01: +0,0.574,30
Apr 07 2018 01: +0,0.602,17
Apr 08 2018 01: +0,0.58,25
Apr 09 2018 01: +0,0.593,10
Apr 10 2018 01: +0,0.593,17
Apr 11 2018 01: +0,0.573,10
Apr 12 2018 01: +0,0.562,12
Apr 13 2018 01: +0,0.597,18
Apr 14 2018 01: +0,0.603,22
Apr 15 2018 01: +0,0.613,10
Apr 16 2018 01: +0,0.613,23
Apr 17 2018 01: +0,0.622,10
Apr 18 2018 01: +0,0.619,11
Apr 19 2018 01: +0,0.635,23
Apr 20 2018 01: +0,0.664,21
Apr 21 2018 01: +0,0.671,10
Apr 22 2018 01: +0,0.702,21
Apr 23 2018 01: +0,0.699,27
Apr 24 2018 01: +0,0.658,4
Apr 25 2018 01: +0,0.646,15
Apr 26 2018 01: +0,0.631,5
Apr 27 2018 01: +0,0.628,23
Apr 28 2018 01: +0,0.628,24
Apr 29 2018 01: +0,0.613,16
Apr 30 2018 01: +0,0.609,22
May 01 2018 01: +0,0.636,15
May 02 2018 01: +0,0.626,5
May 03 2018 01: +0,0.638,20
May 04 2018 01: +0,0.626,17
May 05 2018 01: +0,0.632,17
May 06 2018 01: +0,0.631,22
May 07 2018 01: +0,0.625,15
May 08 2018 01: +0,0.619,10
May 09 2018 01: +0,0.576,20
May 10 2018 01: +0,0.582,21
May 11 2018 01: +0,0.548,12
May 12 2018 01: +0,0.557,17
May 13 2018 01: +0,0.566,16
May 14 2018 01: +0,0.567,25
May 15 2018 01: +0,0.574,23
May 16 2018 01: +0,0.552,12
May 17 2018 01: +0,0.547,18
May 18 2018 01: +0,0.549,19
May 19 2018 01: +0,0.531,13
May 20 2018 01: +0,0.502,21
May 21 2018 01: +0,0.537,17
May 22 2018 01: +0,0.526,17
May 23 2018 01: +0,0.537,15
May 24 2018 01: +0,0.534,12
May 25 2018 01: +0,0.53,23
May 26 2018 01: +0,0.523,18
May 27 2018 01: +0,0.522,11
May 28 2018 01: +0,0.51,16
May 29 2018 01: +0,0.513,35
May 30 2018 01: +0,0.525,15
May 31 2018 01: +0,0.539,20
Jun 01 2018 01: +0,0.538,190
Jun 02 2018 01: +0,0.521,16
Jun 03 2018 01: +0,0.482,22
Jun 04 2018 01: +0,0.488,14
Jun 05 2018 01: +0,0.468,7
Jun 06 2018 01: +0,0.508,20
Jun 07 2018 01: +0,0.499,10
Jun 08 2018 01: +0,0.503,22
Jun 09 2018 01: +0,0.484,17
Jun 10 2018 01: +0,0.492,17
Jun 11 2018 01: +0,0.494,11
Jun 12 2018 01: +0,0.478,16
Jun 13 2018 01: +0,0.498,17
Jun 14 2018 01: +0,0.499,16
Jun 15 2018 01: +0,0.489,11
Jun 16 2018 01: +0,0.509,19
Jun 17 2018 01: +0,0.509,17
Jun 18 2018 01: +0,0.488,20
Jun 19 2018 01: +0,0.488,12
Jun 20 2018 01: +0,0.5,27
Jun 21 2018 01: +0,0.474,17
Jun 22 2018 01: +0,0.43,14
Jun 23 2018 01: +0,0.401,20
Jun 24 2018 01: +0,0.382,30
Jun 25 2018 01: +0,0.387,17
Jun 26 2018 01: +0,0.387,25
Jun 27 2018 01: +0,0.388,23
Jun 28 2018 01: +0,0.364,29
Jun 29 2018 01: +0,0.377,17
Jun 30 2018 01: +0,0.346,19
Jul 01 2018 01: +0,0.375,28
Jul 02 2018 01: +0,0.355,20
Jul 03 2018 01: +0,0.385,25
Jul 04 2018 01: +0,0.393,24
Jul 05 2018 01: +0,0.439,18
Jul 06 2018 01: +0,0.465,14
Jul 07 2018 01: +0,0.489,17
Jul 08 2018 01: +0,0.498,14
Jul 09 2018 01: +0,0.488,17
Jul 10 2018 01: +0,0.468,22
Jul 11 2018 01: +0,0.489,14
Jul 12 2018 01: +0,0.495,25
Jul 13 2018 01: +0,0.47,21
Jul 14 2018 01: +0,0.471,11
Jul 15 2018 01: +0,0.469,25
Jul 16 2018 01: +0,0.501,17
Jul 17 2018 01: +0,0.5,14
Jul 18 2018 01: +0,0.479,9
Jul 19 2018 01: +0,0.5,22
Jul 20 2018 01: +0,0.494,22
Jul 21 2018 01: +0,0.496,35
Jul 22 2018 01: +0,0.508,21
Jul 23 2018 01: +0,0.487,4
Jul 24 2018 01: +0,0.495,24
Jul 25 2018 01: +0,0.455,23
Jul 26 2018 01: +0,0.459,13
Jul 27 2018 01: +0,0.475,12
Jul 28 2018 01: +0,0.468,16
Jul 29 2018 01: +0,0.47,8
Jul 30 2018 01: +0,0.445,21
Jul 31 2018 01: +0,0.469,14
Aug 01 2018 01: +0,0.504,14
Aug 02 2018 01: +0,0.489,17
Aug 03 2018 01: +0,0.508,7
Aug 04 2018 01: +0,0.506,12
Aug 05 2018 01: +0,0.489,10
Aug 06 2018 01: +0,0.486,15
Aug 07 2018 01: +0,0.505,12
Aug 08 2018 01: +0,0.419,51
Aug 09 2018 01: +0,0.445,41
Aug 10 2018 01: +0,0.449,10
Aug 11 2018 01: +0,0.46,12
Aug 12 2018 01: +0,0.438,19
Aug 13 2018 01: +0,0.457,32
Aug 14 2018 01: +0,0.467,17
Aug 15 2018 01: +0,0.498,19
Aug 16 2018 01: +0,0.509,16
Aug 17 2018 01: +0,0.485,15
Aug 18 2018 01: +0,0.478,17
Aug 19 2018 01: +0,0.452,17
Aug 20 2018 01: +0,0.474,13
Aug 21 2018 01: +0,0.487,37
Aug 22 2018 01: +0,0.466,24
Aug 23 2018 01: +0,0.485,31
Aug 24 2018 01: +0,0.482,15
Aug 25 2018 01: +0,0.492,24
Aug 26 2018 01: +0,0.485,21
Aug 27 2018 01: +0,0.48,15
Aug 28 2018 01: +0,0.496,24
Aug 29 2018 01: +0,0.49,11
Aug 30 2018 01: +0,0.484,21
Aug 31 2018 01: +0,0.441,53
Sep 01 2018 01: +0,0.44,22
Sep 02 2018 01: +0,0.471,20
Sep 03 2018 01: +0,0.459,15
Sep 04 2018 01: +0,0.443,18
Sep 05 2018 01: +0,0.447,14
Sep 06 2018 01: +0,0.466,9
Sep 07 2018 01: +0,0.453,38
Sep 08 2018 01: +0,0.453,24
Sep 09 2018 01: +0,0.449,26
Sep 10 2018 01: +0,0.459,22
Sep 11 2018 01: +0,0.478,18
Sep 12 2018 01: +0,0.487,20
Sep 13 2018 01: +0,0.462,11
Sep 14 2018 01: +0,0.502,13
Sep 15 2018 01: +0,0.485,24
Sep 16 2018 01: +0,0.484,19
Sep 17 2018 01: +0,0.463,12
Sep 18 2018 01: +0,0.464,48
Sep 19 2018 01: +0,0.443,17
Sep 20 2018 01: +0,0.485,10
Sep 21 2018 01: +0,0.498,16
Sep 22 2018 01: +0,0.48,26
Sep 23 2018 01: +0,0.442,81
Sep 24 2018 01: +0,0.411,14
Sep 25 2018 01: +0,0.454,15
Sep 26 2018 01: +0,0.437,12
Sep 27 2018 01: +0,0.466,14
Sep 28 2018 01: +0,0.464,16
Sep 29 2018 01: +0,0.478,11
Sep 30 2018 01: +0,0.469,17
Oct 01 2018 01: +0,0.471,15
Oct 02 2018 01: +0,0.482,16
Oct 03 2018 18: +0,0.461,2
Oct 03 2018 20: +0,0.477,1
Oct 03 2018 21: +0,0.503,1
Oct 04 2018 11: +0,0.488,1
Oct 04 2018 14: +0,0.476,2
Oct 04 2018 21: +0,0.49,1
Oct 05 2018 08: +0,0.478,1
Oct 05 2018 13: +0,0.5,1
Oct 05 2018 15: +0,0.497,2
Oct 05 2018 21: +0,0.49,2
Oct 06 2018 00: +0,0.497,1
Oct 06 2018 02: +0,0.496,1
Oct 06 2018 08: +0,0.492,1
Oct 06 2018 10: +0,0.497,1
Oct 06 2018 11: +0,0.497,1
Oct 06 2018 12: +0,0.498,2
Oct 06 2018 14: +0,0.498,1
Oct 06 2018 15: +0,0.495,1
Oct 06 2018 19: +0,0.484,1
Oct 06 2018 20: +0,0.496,21
Oct 06 2018 21: +0,0.498,1
Oct 06 2018 22: +0,0.4,1
Oct 06 2018 23: +0,0.487,2
Oct 07 2018 00: +0,0.49,1
Oct 07 2018 05: +0,0.49,1
Oct 07 2018 10: +0,0.466,2
Oct 07 2018 11: +0,0.461,1
Oct 07 2018 12: +0,0.472,3
Oct 07 2018 15: +0,0.483,1
Oct 07 2018 17: +0,0.472,1
Oct 07 2018 18: +0,0.461,2
Oct 07 2018 19: +0,0.376,2
Oct 07 2018 20: +0,0.438,1
Oct 08 2018 02: +0,0.47,1
Oct 08 2018 09: +0,0.457,2
Oct 08 2018 11: +0,0.477,1
Oct 08 2018 13: +0,0.469,2
Oct 08 2018 16: +0,0.477,1
Oct 08 2018 17: +0,0.477,1
Oct 08 2018 18: +0,0.43,1
Oct 08 2018 19: +0,0.477,1
Oct 08 2018 20: +0,0.461,1
Oct 08 2018 21: +0,0.461,1
Oct 09 2018 00: +0,0.48,1
Oct 09 2018 02: +0,0.49,1
Oct 09 2018 09: +0,0.49,2
Oct 09 2018 10: +0,0.415,2
Oct 09 2018 12: +0,0.358,6
Oct 09 2018 13: +0,0.471,1
Oct 09 2018 16: +0,0.483,1
Oct 09 2018 20: +0,0.448,1
Oct 09 2018 21: +0,0.464,2
Oct 10 2018 01: +0,0.48,2
Oct 10 2018 02: +0,0.48,1
Oct 10 2018 05: +0,0.48,1
Oct 10 2018 08: +0,0.487,2
Oct 10 2018 09: +0,0.487,1
Oct 10 2018 11: +0,0.485,6
Oct 10 2018 14: +0,0.478,2
Oct 10 2018 15: +0,0.486,5
Oct 10 2018 16: +0,0.487,1
Oct 10 2018 17: +0,0.472,2
Oct 10 2018 19: +0,0.474,1
Oct 10 2018 21: +0,0.473,1
Oct 11 2018 04: +0,0.48,1
Oct 11 2018 07: +0,0.476,1
Oct 11 2018 10: +0,0.482,1
Oct 11 2018 11: +0,0.483,1
Oct 11 2018 12: +0,0.478,1
Oct 11 2018 18: +0,0.474,1
Oct 11 2018 20: +0,0.48,1
Oct 11 2018 22: +0,0.476,4
Oct 12 2018 05: +0,0.451,1
Oct 12 2018 06: +0,0.48,1
Oct 12 2018 11: +0,0.48,1
Oct 12 2018 14: +0,0.432,1
Oct 12 2018 16: +0,0.485,2
Oct 12 2018 18: +0,0.366,1
Oct 12 2018 19: +0,0.482,7
Oct 12 2018 22: +0,0.489,3
Oct 13 2018 03: +0,0.482,1
Oct 13 2018 05: +0,0.489,21
Oct 13 2018 08: +0,0.491,5
Oct 13 2018 09: +0,0.448,1
Oct 13 2018 12: +0,0.491,1
Oct 13 2018 17: +0,0.491,1
Oct 13 2018 18: +0,0.481,2
Oct 13 2018 19: +0,0.491,5
Oct 14 2018 00: +0,0.473,1
Oct 14 2018 07: +0,0.482,1
Oct 14 2018 08: +0,0.49,1
Oct 14 2018 12: +0,0.473,5
Oct 14 2018 15: +0,0.471,1
Oct 14 2018 17: +0,0.482,2
Oct 14 2018 18: +0,0.476,1
Oct 14 2018 20: +0,0.491,3
Oct 15 2018 00: +0,0.489,4
Oct 15 2018 03: +0,0.478,1
Oct 15 2018 09: +0,0.479,1
Oct 15 2018 13: +0,0.473,1
Oct 15 2018 14: +0,0.491,4
Oct 15 2018 15: +0,0.489,4
Oct 15 2018 16: +0,0.484,2
Oct 15 2018 17: +0,0.489,2
Oct 15 2018 18: +0,0.473,1
Oct 15 2018 19: +0,0.485,3
Oct 16 2018 06: +0,0.472,1
Oct 16 2018 07: +0,0.478,1
Oct 16 2018 10: +0,0.481,3
Oct 16 2018 13: +0,0.481,1
Oct 16 2018 15: +0,0.471,2
Oct 16 2018 17: +0,0.481,1
Oct 16 2018 22: +0,0.48,1
Oct 17 2018 01: +0,0.48,1
Oct 17 2018 06: +0,0.49,1
Oct 17 2018 09: +0,0.489,1
Oct 17 2018 12: +0,0.492,1
Oct 17 2018 13: +0,0.493,1
Oct 17 2018 14: +0,0.493,1
Oct 17 2018 15: +0,0.492,1
Oct 17 2018 18: +0,0.476,3
Oct 17 2018 19: +0,0.49,1
Oct 18 2018 02: +0,0.444,1
Oct 18 2018 05: +0,0.461,2
Oct 18 2018 10: +0,0.489,1
Oct 18 2018 14: +0,0.488,1
Oct 18 2018 15: +0,0.464,2
Oct 18 2018 16: +0,0.481,2
Oct 18 2018 17: +0,0.49,1
Oct 18 2018 18: +0,0.49,2
Oct 18 2018 22: +0,0.49,1
Oct 18 2018 23: +0,0.471,1
Oct 19 2018 01: +0,0.488,1
Oct 19 2018 04: +0,0.49,1
Oct 19 2018 05: +0,0.499,1
Oct 19 2018 06: +0,0.491,1
Oct 19 2018 14: +0,0.493,2
Oct 19 2018 20: +0,0.482,1
Oct 19 2018 21: +0,0.49,2
Oct 20 2018 03: +0,0.28,1
Oct 20 2018 04: +0,0.492,2
Oct 20 2018 05: +0,0.501,1
Oct 20 2018 06: +0,0.5,2
Oct 20 2018 07: +0,0.5,4
Oct 20 2018 08: +0,0.5,1
Oct 20 2018 13: +0,0.481,5
Oct 20 2018 15: +0,0.486,1
Oct 20 2018 16: +0,0.498,2
Oct 20 2018 17: +0,0.5,1
Oct 20 2018 18: +0,0.496,6
Oct 20 2018 20: +0,0.48,1
Oct 21 2018 03: +0,0.448,1
Oct 21 2018 04: +0,0.458,2
Oct 21 2018 06: +0,0.458,1
Oct 21 2018 10: +0,0.46,3
Oct 21 2018 11: +0,0.447,3
Oct 21 2018 12: +0,0.404,1
Oct 21 2018 14: +0,0.458,3
Oct 21 2018 15: +0,0.389,2
Oct 21 2018 16: +0,0.46,1
Oct 21 2018 18: +0,0.453,2
Oct 21 2018 19: +0,0.46,1
Oct 21 2018 22: +0,0.458,2
Oct 21 2018 23: +0,0.458,1
Oct 22 2018 00: +0,0.458,1
Oct 22 2018 06: +0,0.458,1
Oct 22 2018 07: +0,0.46,1
Oct 22 2018 08: +0,0.458,1
Oct 22 2018 09: +0,0.46,1
Oct 22 2018 11: +0,0.449,1
Oct 22 2018 12: +0,0.447,1
Oct 22 2018 13: +0,0.46,3
Oct 22 2018 14: +0,0.458,4
Oct 22 2018 15: +0,0.459,1
Oct 22 2018 17: +0,0.461,2
Oct 22 2018 19: +0,0.459,4
Oct 23 2018 00: +0,0.46,3
Oct 23 2018 02: +0,0.46,2
Oct 23 2018 06: +0,0.46,1
Oct 23 2018 07: +0,0.46,2
Oct 23 2018 10: +0,0.459,1
Oct 23 2018 14: +0,0.457,2
Oct 23 2018 18: +0,0.447,1
Oct 23 2018 21: +0,0.459,1
Oct 24 2018 02: +0,0.403,1
Oct 24 2018 06: +0,0.459,13
Oct 24 2018 12: +0,0.482,1
Oct 24 2018 14: +0,0.47,1
Oct 24 2018 15: +0,0.476,2
Oct 24 2018 17: +0,0.483,3
Oct 24 2018 19: +0,0.501,1
Oct 24 2018 20: +0,0.479,2
Oct 24 2018 21: +0,0.393,1
Oct 25 2018 00: +0,0.5,1
Oct 25 2018 04: +0,0.498,1
Oct 25 2018 09: +0,0.498,1
Oct 25 2018 10: +0,0.5,1
Oct 25 2018 14: +0,0.486,1
Oct 25 2018 17: +0,0.498,1
Oct 25 2018 19: +0,0.497,1
Oct 25 2018 21: +0,0.5,1
Oct 26 2018 01: +0,0.498,2
Oct 26 2018 03: +0,0.478,1
Oct 26 2018 05: +0,0.497,1
Oct 26 2018 12: +0,0.478,1
Oct 26 2018 14: +0,0.488,2
Oct 27 2018 00: +0,0.461,1
Oct 27 2018 01: +0,0.485,4
Oct 27 2018 09: +0,0.495,1
Oct 27 2018 11: +0,0.477,2
Oct 27 2018 15: +0,0.484,1
Oct 27 2018 16: +0,0.495,1
Oct 27 2018 17: +0,0.476,1
Oct 27 2018 19: +0,0.5,5
Oct 27 2018 20: +0,0.431,9
Oct 27 2018 21: +0,0.495,1
Oct 27 2018 23: +0,0.488,1
Oct 28 2018 02: +0,0.488,1
Oct 28 2018 04: +0,0.5,1
Oct 28 2018 05: +0,0.506,1
Oct 28 2018 13: +0,0.513,2
Oct 28 2018 14: +0,0.515,1
Oct 28 2018 15: +0,0.517,1
Oct 28 2018 20: +0,0.39,1
Oct 29 2018 07: +0,0.519,3
Oct 29 2018 10: +0,0.519,1
Oct 29 2018 12: +0,0.522,2
Oct 29 2018 14: +0,0.509,1
Oct 29 2018 15: +0,0.521,2
Oct 29 2018 16: +0,0.522,2
Oct 29 2018 20: +0,0.522,1
Oct 29 2018 21: +0,0.523,2
Oct 29 2018 23: +0,0.437,1
Oct 30 2018 01: +0,0.523,1
Oct 30 2018 06: +0,0.436,1
Oct 30 2018 10: +0,0.421,1
Oct 30 2018 14: +0,0.477,2
Oct 30 2018 17: +0,0.497,1
Oct 30 2018 20: +0,0.497,1
Oct 30 2018 21: +0,0.487,1
Oct 31 2018 04: +0,0.496,4
Oct 31 2018 13: +0,0.455,2
Oct 31 2018 14: +0,0.484,1
Oct 31 2018 19: +0,0.477,1
Oct 31 2018 20: +0,0.446,2
Oct 31 2018 21: +0,0.475,4
Oct 31 2018 22: +0,0.52,1
Nov 01 2018 10: +0,0.52,1
Nov 01 2018 14: +0,0.508,1
Nov 02 2018 06: +0,0.51,1
Nov 02 2018 08: +0,0.51,1
Nov 02 2018 09: +0,0.511,3
Nov 02 2018 11: +0,0.512,1
Nov 02 2018 12: +0,0.517,1
Nov 02 2018 13: +0,0.518,1
Nov 02 2018 15: +0,0.489,1
Nov 02 2018 18: +0,0.523,1
Nov 02 2018 19: +0,0.524,1
Nov 02 2018 20: +0,0.426,2
