Aug 15 2015 01: +0,1.15,940
Aug 16 2015 01: +0,1.124,341
Aug 17 2015 01: +0,1.105,255
Aug 18 2015 01: +0,1.128,179
Aug 19 2015 01: +0,1.114,196
Aug 20 2015 01: +0,1.105,290
Aug 21 2015 01: +0,1.106,523
Aug 22 2015 01: +0,0.514,3269
Aug 23 2015 01: +0,0.351,87756
Aug 24 2015 01: +0,0.419,19205
Aug 25 2015 01: +0,0.453,2624
Aug 26 2015 01: +0,0.418,2361
Aug 27 2015 01: +0,0.418,1783
Aug 28 2015 01: +0,0.41,1596
Aug 29 2015 01: +0,0.393,1722
Aug 30 2015 01: +0,0.397,1654
Aug 31 2015 01: +0,0.406,1699
Sep 01 2015 01: +0,0.376,1685
Sep 02 2015 01: +0,0.327,2725
Sep 03 2015 01: +0,0.326,1889
Sep 04 2015 01: +0,0.319,2210
Sep 05 2015 01: +0,0.324,2218
Sep 06 2015 01: +0,0.315,1958
Sep 07 2015 01: +0,0.308,1583
Sep 08 2015 01: +0,0.317,1926
Sep 09 2015 01: +0,0.321,1305
Sep 10 2015 01: +0,0.314,1576
Sep 11 2015 01: +0,0.314,1888
Sep 12 2015 01: +0,0.318,1969
Sep 13 2015 01: +0,0.318,1869
Sep 14 2015 01: +0,0.313,1616
Sep 15 2015 01: +0,0.305,1765
Sep 16 2015 01: +0,0.303,2561
Sep 17 2015 01: +0,0.303,1897
Sep 18 2015 01: +0,0.308,2507
Sep 19 2015 01: +0,0.309,2910
Sep 20 2015 01: +0,0.313,2475
Sep 21 2015 01: +0,0.312,1952
Sep 22 2015 01: +0,0.305,2453
Sep 23 2015 01: +0,0.312,2055
Sep 24 2015 01: +0,0.321,2216
Sep 25 2015 01: +0,0.335,2187
Sep 26 2015 01: +0,0.367,2134
Sep 27 2015 01: +0,0.379,1752
Sep 28 2015 01: +0,0.366,1584
Sep 29 2015 01: +0,0.347,1716
Sep 30 2015 01: +0,0.347,1812
Oct 01 2015 01: +0,0.358,1399
Oct 02 2015 01: +0,0.35,1907
Oct 03 2015 01: +0,0.355,1848
Oct 04 2015 01: +0,0.351,1611
Oct 05 2015 01: +0,0.355,1445
Oct 06 2015 01: +0,0.343,1287
Oct 07 2015 01: +0,0.331,1582
Oct 08 2015 01: +0,0.328,1668
Oct 09 2015 01: +0,0.327,1683
Oct 10 2015 01: +0,0.327,2062
Oct 11 2015 01: +0,0.32,2120
Oct 12 2015 01: +0,0.308,1871
Oct 13 2015 01: +0,0.299,2091
Oct 14 2015 01: +0,0.306,1883
Oct 15 2015 01: +0,0.306,1908
Oct 16 2015 01: +0,0.306,2183
Oct 17 2015 01: +0,0.305,3251
Oct 18 2015 01: +0,0.306,2612
Oct 19 2015 01: +0,0.303,1711
Oct 20 2015 01: +0,0.299,2076
Oct 21 2015 01: +0,0.255,2146
Oct 22 2015 01: +0,0.268,1263
Oct 23 2015 01: +0,0.278,1909
Oct 24 2015 01: +0,0.288,1862
Oct 25 2015 01: +0,0.292,1715
Oct 26 2015 01: +0,0.283,1653
Oct 27 2015 01: +0,0.283,1442
Oct 28 2015 01: +0,0.275,1668
Oct 29 2015 01: +0,0.28,1509
Oct 30 2015 01: +0,0.285,1521
Oct 31 2015 01: +0,0.282,1228
Nov 01 2015 01: +0,0.251,1320
Nov 02 2015 01: +0,0.265,757
Nov 03 2015 01: +0,0.273,569
Nov 04 2015 01: +0,0.266,514
Nov 05 2015 01: +0,0.269,570
Nov 06 2015 01: +0,0.269,617
Nov 07 2015 01: +0,0.277,731
Nov 08 2015 01: +0,0.272,651
Nov 09 2015 01: +0,0.265,561
Nov 10 2015 01: +0,0.265,501
Nov 11 2015 01: +0,0.265,556
Nov 12 2015 01: +0,0.271,520
Nov 13 2015 01: +0,0.277,521
Nov 14 2015 01: +0,0.282,755
Nov 15 2015 01: +0,0.283,688
Nov 16 2015 01: +0,0.271,571
Nov 17 2015 01: +0,0.284,603
Nov 18 2015 01: +0,0.275,597
Nov 19 2015 01: +0,0.273,539
Nov 20 2015 01: +0,0.277,590
Nov 21 2015 01: +0,0.277,830
Nov 22 2015 01: +0,0.283,480
Nov 23 2015 01: +0,0.281,407
Nov 24 2015 01: +0,0.291,597
Nov 25 2015 01: +0,0.277,770
Nov 26 2015 01: +0,0.251,740
Nov 27 2015 01: +0,0.253,703
Nov 28 2015 01: +0,0.272,733
Nov 29 2015 01: +0,0.272,609
Nov 30 2015 01: +0,0.274,448
Dec 01 2015 01: +0,0.263,620
Dec 02 2015 01: +0,0.267,460
Dec 03 2015 01: +0,0.263,599
Dec 04 2015 01: +0,0.285,572
Dec 05 2015 01: +0,0.282,765
Dec 06 2015 01: +0,0.286,815
Dec 07 2015 01: +0,0.276,731
Dec 08 2015 01: +0,0.279,733
Dec 09 2015 01: +0,0.275,778
Dec 10 2015 01: +0,0.288,889
Dec 11 2015 01: +0,0.293,1002
Dec 12 2015 01: +0,0.301,1284
Dec 13 2015 01: +0,0.301,1190
Dec 14 2015 01: +0,0.31,766
Dec 15 2015 01: +0,0.328,643
Dec 16 2015 01: +0,0.333,629
Dec 17 2015 01: +0,0.355,594
Dec 18 2015 01: +0,0.363,644
Dec 19 2015 01: +0,0.349,615
Dec 20 2015 01: +0,0.343,593
Dec 21 2015 01: +0,0.337,772
Dec 22 2015 01: +0,0.338,686
Dec 23 2015 01: +0,0.335,578
Dec 24 2015 01: +0,0.338,569
Dec 25 2015 01: +0,0.363,608
Dec 26 2015 01: +0,0.371,776
Dec 27 2015 01: +0,0.37,736
Dec 28 2015 01: +0,0.373,717
Dec 29 2015 01: +0,0.378,685
Dec 30 2015 01: +0,0.386,724
Dec 31 2015 01: +0,0.363,819
Jan 01 2016 01: +0,0.363,651
Jan 02 2016 01: +0,0.39,596
Jan 03 2016 01: +0,0.38,569
Jan 04 2016 01: +0,0.389,638
Jan 05 2016 01: +0,0.373,954
Jan 06 2016 01: +0,0.402,965
Jan 07 2016 01: +0,0.404,540
Jan 08 2016 01: +0,0.386,797
Jan 09 2016 01: +0,0.422,1557
Jan 10 2016 01: +0,0.473,512
Jan 11 2016 01: +0,0.481,504
Jan 12 2016 01: +0,0.489,426
Jan 13 2016 01: +0,0.492,352
Jan 14 2016 01: +0,0.445,703
Jan 15 2016 01: +0,0.48,690
Jan 16 2016 01: +0,0.48,762
Jan 17 2016 01: +0,0.474,597
Jan 18 2016 01: +0,0.478,549
Jan 19 2016 01: +0,0.487,454
Jan 20 2016 01: +0,0.48,566
Jan 21 2016 01: +0,0.491,506
Jan 22 2016 01: +0,0.51,618
Jan 23 2016 01: +0,0.546,676
Jan 24 2016 01: +0,0.604,1267
Jan 25 2016 01: +0,0.639,372
Jan 26 2016 01: +0,0.611,424
Jan 27 2016 01: +0,0.626,335
Jan 28 2016 01: +0,0.615,336
Jan 29 2016 01: +0,0.637,405
Jan 30 2016 01: +0,0.65,393
Jan 31 2016 01: +0,0.649,387
Feb 01 2016 01: +0,0.638,355
Feb 02 2016 01: +0,0.64,336
Feb 03 2016 01: +0,0.636,264
Feb 04 2016 01: +0,0.643,319
Feb 05 2016 01: +0,0.619,374
Feb 06 2016 01: +0,0.582,464
Feb 07 2016 01: +0,0.572,403
Feb 08 2016 01: +0,0.569,363
Feb 09 2016 01: +0,0.576,355
Feb 10 2016 01: +0,0.571,290
Feb 11 2016 01: +0,0.567,344
Feb 12 2016 01: +0,0.571,364
Feb 13 2016 01: +0,0.563,541
Feb 14 2016 01: +0,0.573,535
Feb 15 2016 01: +0,0.561,493
Feb 16 2016 01: +0,0.563,497
Feb 17 2016 01: +0,0.566,432
Feb 18 2016 01: +0,0.48,614
Feb 19 2016 01: +0,0.569,548
Feb 20 2016 01: +0,0.573,533
Feb 21 2016 01: +0,0.584,469
Feb 22 2016 01: +0,0.554,466
Feb 23 2016 01: +0,0.544,427
Feb 24 2016 01: +0,0.523,467
Feb 25 2016 01: +0,0.506,532
Feb 26 2016 01: +0,0.501,652
Feb 27 2016 01: +0,0.478,840
Feb 28 2016 01: +0,0.504,585
Feb 29 2016 01: +0,0.496,578
Mar 01 2016 01: +0,0.476,636
Mar 02 2016 01: +0,0.47,682
Mar 03 2016 01: +0,0.466,652
Mar 04 2016 01: +0,0.464,729
Mar 05 2016 01: +0,0.486,718
Mar 06 2016 01: +0,0.512,665
Mar 07 2016 01: +0,0.482,564
Mar 08 2016 01: +0,0.48,589
Mar 09 2016 01: +0,0.476,535
Mar 10 2016 01: +0,0.493,378
Mar 11 2016 01: +0,0.498,565
Mar 12 2016 01: +0,0.515,578
Mar 13 2016 01: +0,0.503,648
Mar 14 2016 01: +0,0.516,475
Mar 15 2016 01: +0,0.523,478
Mar 16 2016 01: +0,0.523,476
Mar 17 2016 01: +0,0.5,505
Mar 18 2016 01: +0,0.456,569
Mar 19 2016 01: +0,0.469,500
Mar 20 2016 01: +0,0.472,405
Mar 21 2016 01: +0,0.486,331
Mar 22 2016 01: +0,0.496,265
Mar 23 2016 01: +0,0.506,327
Mar 24 2016 01: +0,0.48,339
Mar 25 2016 01: +0,0.453,424
Mar 26 2016 01: +0,0.46,434
Mar 27 2016 01: +0,0.448,433
Mar 28 2016 01: +0,0.458,404
Mar 29 2016 01: +0,0.449,438
Mar 30 2016 01: +0,0.436,458
Mar 31 2016 01: +0,0.448,453
Apr 01 2016 01: +0,0.446,274
Apr 02 2016 01: +0,0.45,298
Apr 03 2016 01: +0,0.358,319
Apr 04 2016 01: +0,0.373,174
Apr 05 2016 01: +0,0.402,206
Apr 06 2016 01: +0,0.393,200
Apr 07 2016 01: +0,0.398,180
Apr 08 2016 01: +0,0.392,202
Apr 09 2016 01: +0,0.398,236
Apr 10 2016 01: +0,0.391,170
Apr 11 2016 01: +0,0.4,175
Apr 12 2016 01: +0,0.394,157
Apr 13 2016 01: +0,0.396,129
Apr 14 2016 01: +0,0.399,179
Apr 15 2016 01: +0,0.396,194
Apr 16 2016 01: +0,0.397,246
Apr 17 2016 01: +0,0.392,222
Apr 18 2016 01: +0,0.385,177
Apr 19 2016 01: +0,0.358,232
Apr 20 2016 01: +0,0.371,160
Apr 21 2016 01: +0,0.363,273
Apr 22 2016 01: +0,0.357,230
Apr 23 2016 01: +0,0.364,336
Apr 24 2016 01: +0,0.359,274
Apr 25 2016 01: +0,0.369,309
Apr 26 2016 01: +0,0.364,244
Apr 27 2016 01: +0,0.377,235
Apr 28 2016 01: +0,0.379,202
Apr 29 2016 01: +0,0.388,327
Apr 30 2016 01: +0,0.393,365
May 01 2016 01: +0,0.396,343
May 02 2016 01: +0,0.393,314
May 03 2016 01: +0,0.391,316
May 04 2016 01: +0,0.395,322
May 05 2016 01: +0,0.4,347
May 06 2016 01: +0,0.398,435
May 07 2016 01: +0,0.396,372
May 08 2016 01: +0,0.408,255
May 09 2016 01: +0,0.437,180
May 10 2016 01: +0,0.453,166
May 11 2016 01: +0,0.447,179
May 12 2016 01: +0,0.438,138
May 13 2016 01: +0,0.436,200
May 14 2016 01: +0,0.455,277
May 15 2016 01: +0,0.445,220
May 16 2016 01: +0,0.449,208
May 17 2016 01: +0,0.428,194
May 18 2016 01: +0,0.431,161
May 19 2016 01: +0,0.422,182
May 20 2016 01: +0,0.424,202
May 21 2016 01: +0,0.446,198
May 22 2016 01: +0,0.442,232
May 23 2016 01: +0,0.432,122
May 24 2016 01: +0,0.416,209
May 25 2016 01: +0,0.431,157
May 26 2016 01: +0,0.425,181
May 27 2016 01: +0,0.43,162
May 28 2016 01: +0,0.428,214
May 29 2016 01: +0,0.414,217
May 30 2016 01: +0,0.41,202
May 31 2016 01: +0,0.395,226
Jun 01 2016 01: +0,0.395,273
Jun 02 2016 01: +0,0.372,250
Jun 03 2016 01: +0,0.349,303
Jun 04 2016 01: +0,0.36,353
Jun 05 2016 01: +0,0.371,203
Jun 06 2016 01: +0,0.344,449
Jun 07 2016 01: +0,0.364,197
Jun 08 2016 01: +0,0.378,197
Jun 09 2016 01: +0,0.362,210
Jun 10 2016 01: +0,0.371,280
Jun 11 2016 01: +0,0.374,230
Jun 12 2016 01: +0,0.367,213
Jun 13 2016 01: +0,0.362,219
Jun 14 2016 01: +0,0.351,264
Jun 15 2016 01: +0,0.37,196
Jun 16 2016 01: +0,0.356,291
Jun 17 2016 01: +0,0.35,296
Jun 18 2016 01: +0,0.35,362
Jun 19 2016 01: +0,0.344,369
Jun 20 2016 01: +0,0.323,719
Jun 21 2016 01: +0,0.327,438
Jun 22 2016 01: +0,0.329,418
Jun 23 2016 01: +0,0.331,325
Jun 24 2016 01: +0,0.336,312
Jun 25 2016 01: +0,0.326,271
Jun 26 2016 01: +0,0.314,135
Jun 27 2016 01: +0,0.31,142
Jun 28 2016 01: +0,0.306,204
Jun 29 2016 01: +0,0.312,169
Jun 30 2016 01: +0,0.317,196
Jul 01 2016 01: +0,0.316,274
Jul 02 2016 01: +0,0.307,289
Jul 03 2016 01: +0,0.299,328
Jul 04 2016 01: +0,0.296,234
Jul 05 2016 01: +0,0.294,401
Jul 06 2016 01: +0,0.296,445
Jul 07 2016 01: +0,0.324,210
Jul 08 2016 01: +0,0.336,119
Jul 09 2016 01: +0,0.327,111
Jul 10 2016 01: +0,0.29,160
Jul 11 2016 01: +0,0.303,105
Jul 12 2016 01: +0,0.318,79
Jul 13 2016 01: +0,0.314,80
Jul 14 2016 01: +0,0.291,118
Jul 15 2016 01: +0,0.29,97
Jul 16 2016 01: +0,0.301,136
Jul 17 2016 01: +0,0.302,146
Jul 18 2016 01: +0,0.296,188
Jul 19 2016 01: +0,0.293,165
Jul 20 2016 01: +0,0.286,132
Jul 21 2016 01: +0,0.284,129
Jul 22 2016 01: +0,0.277,186
Jul 23 2016 01: +0,0.28,210
Jul 24 2016 01: +0,0.282,207
Jul 25 2016 01: +0,0.288,203
Jul 26 2016 01: +0,0.292,191
Jul 27 2016 01: +0,0.259,605
Jul 28 2016 01: +0,0.266,455
Jul 29 2016 01: +0,0.277,431
Jul 30 2016 01: +0,0.278,450
Jul 31 2016 01: +0,0.295,226
Aug 01 2016 01: +0,0.314,111
Aug 02 2016 01: +0,0.311,174
Aug 03 2016 01: +0,0.281,362
Aug 04 2016 01: +0,0.278,284
Aug 05 2016 01: +0,0.28,310
Aug 06 2016 01: +0,0.276,273
Aug 07 2016 01: +0,0.276,355
Aug 08 2016 01: +0,0.276,296
Aug 09 2016 01: +0,0.277,305
Aug 10 2016 01: +0,0.277,307
Aug 11 2016 01: +0,0.277,316
Aug 12 2016 01: +0,0.278,257
Aug 13 2016 01: +0,0.272,325
Aug 14 2016 01: +0,0.275,274
Aug 15 2016 01: +0,0.279,316
Aug 16 2016 01: +0,0.28,335
Aug 17 2016 01: +0,0.281,532
Aug 18 2016 01: +0,0.307,138
Aug 19 2016 01: +0,0.321,100
Aug 20 2016 01: +0,0.314,155
Aug 21 2016 01: +0,0.317,154
Aug 22 2016 01: +0,0.325,119
Aug 23 2016 01: +0,0.334,101
Aug 24 2016 01: +0,0.331,136
Aug 25 2016 01: +0,0.318,169
Aug 26 2016 01: +0,0.323,204
Aug 27 2016 01: +0,0.341,141
Aug 28 2016 01: +0,0.344,114
Aug 29 2016 01: +0,0.334,418
Aug 30 2016 01: +0,0.309,668
Aug 31 2016 01: +0,0.336,199
Sep 01 2016 01: +0,0.341,144
Sep 02 2016 01: +0,0.346,191
Sep 03 2016 01: +0,0.355,145
Sep 04 2016 01: +0,0.356,153
Sep 05 2016 01: +0,0.363,99
Sep 06 2016 01: +0,0.374,92
Sep 07 2016 01: +0,0.366,107
Sep 08 2016 01: +0,0.385,109
Sep 09 2016 01: +0,0.373,152
Sep 10 2016 01: +0,0.382,136
Sep 11 2016 01: +0,0.365,195
Sep 12 2016 01: +0,0.38,88
Sep 13 2016 01: +0,0.396,117
Sep 14 2016 01: +0,0.382,81
Sep 15 2016 01: +0,0.383,104
Sep 16 2016 01: +0,0.375,130
Sep 17 2016 01: +0,0.371,197
Sep 18 2016 01: +0,0.365,180
Sep 19 2016 01: +0,0.372,90
Sep 20 2016 01: +0,0.378,75
Sep 21 2016 01: +0,0.375,105
Sep 22 2016 01: +0,0.383,81
Sep 23 2016 01: +0,0.383,127
Sep 24 2016 01: +0,0.385,104
Sep 25 2016 01: +0,0.386,81
Sep 26 2016 01: +0,0.371,112
Sep 27 2016 01: +0,0.367,88
Sep 28 2016 01: +0,0.367,125
Sep 29 2016 01: +0,0.372,103
Sep 30 2016 01: +0,0.375,60
Oct 01 2016 01: +0,0.383,148
Oct 02 2016 01: +0,0.365,112
Oct 03 2016 01: +0,0.365,96
Oct 04 2016 01: +0,0.357,128
Oct 05 2016 01: +0,0.352,142
Oct 06 2016 01: +0,0.349,92
Oct 07 2016 01: +0,0.347,148
Oct 08 2016 01: +0,0.35,136
Oct 09 2016 01: +0,0.347,90
Oct 10 2016 01: +0,0.346,69
Oct 11 2016 01: +0,0.344,113
Oct 12 2016 01: +0,0.335,103
Oct 13 2016 01: +0,0.338,107
Oct 14 2016 01: +0,0.339,119
Oct 15 2016 01: +0,0.341,156
Oct 16 2016 01: +0,0.341,173
Oct 17 2016 01: +0,0.339,74
Oct 18 2016 01: +0,0.356,40
Oct 19 2016 01: +0,0.352,51
Oct 20 2016 01: +0,0.345,54
Oct 21 2016 01: +0,0.327,205
Oct 22 2016 01: +0,0.342,104
Oct 23 2016 01: +0,0.336,125
Oct 24 2016 01: +0,0.34,60
Oct 25 2016 01: +0,0.335,94
Oct 26 2016 01: +0,0.33,124
Oct 27 2016 01: +0,0.33,100
Oct 28 2016 01: +0,0.328,139
Oct 29 2016 01: +0,0.333,175
Oct 30 2016 01: +0,0.346,41
Oct 31 2016 01: +0,0.336,75
Nov 01 2016 01: +0,0.335,82
Nov 02 2016 01: +0,0.347,56
Nov 03 2016 01: +0,0.338,62
Nov 04 2016 01: +0,0.344,80
Nov 05 2016 01: +0,0.35,82
Nov 06 2016 01: +0,0.347,120
Nov 07 2016 01: +0,0.335,100
Nov 08 2016 01: +0,0.338,104
Nov 09 2016 01: +0,0.341,87
Nov 10 2016 01: +0,0.33,174
Nov 11 2016 01: +0,0.342,121
Nov 12 2016 01: +0,0.346,127
Nov 13 2016 01: +0,0.343,79
Nov 14 2016 01: +0,0.343,87
Nov 15 2016 01: +0,0.332,92
Nov 16 2016 01: +0,0.328,95
Nov 17 2016 01: +0,0.315,267
Nov 18 2016 01: +0,0.323,235
Nov 19 2016 01: +0,0.336,101
Nov 20 2016 01: +0,0.341,93
Nov 21 2016 01: +0,0.342,58
Nov 22 2016 01: +0,0.339,80
Nov 23 2016 01: +0,0.334,79
Nov 24 2016 01: +0,0.32,76
Nov 25 2016 01: +0,0.32,80
Nov 26 2016 01: +0,0.327,127
Nov 27 2016 01: +0,0.319,114
Nov 28 2016 01: +0,0.31,121
Nov 29 2016 01: +0,0.316,77
Nov 30 2016 01: +0,0.323,152
Dec 01 2016 01: +0,0.337,112
Dec 02 2016 01: +0,0.348,117
Dec 03 2016 01: +0,0.361,87
Dec 04 2016 01: +0,0.362,109
Dec 05 2016 01: +0,0.366,73
Dec 06 2016 01: +0,0.371,78
Dec 07 2016 01: +0,0.372,97
Dec 08 2016 01: +0,0.376,71
Dec 09 2016 01: +0,0.369,84
Dec 10 2016 01: +0,0.375,156
Dec 11 2016 01: +0,0.372,94
Dec 12 2016 01: +0,0.376,84
Dec 13 2016 01: +0,0.379,77
Dec 14 2016 01: +0,0.373,48
Dec 15 2016 01: +0,0.37,55
Dec 16 2016 01: +0,0.363,75
Dec 17 2016 01: +0,0.364,104
Dec 18 2016 01: +0,0.354,63
Dec 19 2016 01: +0,0.344,90
Dec 20 2016 01: +0,0.349,102
Dec 21 2016 01: +0,0.343,97
Dec 22 2016 01: +0,0.343,97
Dec 23 2016 01: +0,0.329,170
Dec 24 2016 01: +0,0.344,137
Dec 25 2016 01: +0,0.357,79
Dec 26 2016 01: +0,0.352,137
Dec 27 2016 01: +0,0.351,128
Dec 28 2016 01: +0,0.353,83
Dec 29 2016 01: +0,0.351,149
Dec 30 2016 01: +0,0.359,177
Dec 31 2016 01: +0,0.355,125
Jan 01 2017 01: +0,0.356,134
Jan 02 2017 01: +0,0.352,152
Jan 03 2017 01: +0,0.354,135
Jan 04 2017 01: +0,0.357,136
Jan 05 2017 01: +0,0.356,174
Jan 06 2017 01: +0,0.366,123
Jan 07 2017 01: +0,0.368,134
Jan 08 2017 01: +0,0.359,163
Jan 09 2017 01: +0,0.352,204
Jan 10 2017 01: +0,0.364,91
Jan 11 2017 01: +0,0.365,112
Jan 12 2017 01: +0,0.357,142
Jan 13 2017 01: +0,0.364,130
Jan 14 2017 01: +0,0.364,108
Jan 15 2017 01: +0,0.369,64
Jan 16 2017 01: +0,0.356,82
Jan 17 2017 01: +0,0.363,104
Jan 18 2017 01: +0,0.363,72
Jan 19 2017 01: +0,0.365,75
Jan 20 2017 01: +0,0.366,61
Jan 21 2017 01: +0,0.35,107
Jan 22 2017 01: +0,0.351,114
Jan 23 2017 01: +0,0.358,105
Jan 24 2017 01: +0,0.366,97
Jan 25 2017 01: +0,0.369,80
Jan 26 2017 01: +0,0.366,86
Jan 27 2017 01: +0,0.363,37
Jan 28 2017 01: +0,0.355,62
Jan 29 2017 01: +0,0.327,58
Jan 30 2017 01: +0,0.295,30
Jan 31 2017 01: +0,0.309,34
Feb 01 2017 01: +0,0.319,45
Feb 02 2017 01: +0,0.328,27
Feb 03 2017 01: +0,0.315,32
Feb 04 2017 01: +0,0.307,59
Feb 05 2017 01: +0,0.31,64
Feb 06 2017 01: +0,0.307,47
Feb 07 2017 01: +0,0.308,37
Feb 08 2017 01: +0,0.306,38
Feb 09 2017 01: +0,0.305,35
Feb 10 2017 01: +0,0.302,99
Feb 11 2017 01: +0,0.306,65
Feb 12 2017 01: +0,0.3,65
Feb 13 2017 01: +0,0.287,48
Feb 14 2017 01: +0,0.31,40
Feb 15 2017 01: +0,0.307,50
Feb 16 2017 01: +0,0.312,33
Feb 17 2017 01: +0,0.33,32
Feb 18 2017 01: +0,0.327,47
Feb 19 2017 01: +0,0.301,30
Feb 20 2017 01: +0,0.302,120
Feb 21 2017 01: +0,0.292,76
Feb 22 2017 01: +0,0.304,44
Feb 23 2017 01: +0,0.31,46
Feb 24 2017 01: +0,0.32,34
Feb 25 2017 01: +0,0.311,68
Feb 26 2017 01: +0,0.318,53
Feb 27 2017 01: +0,0.327,29
Feb 28 2017 01: +0,0.318,50
Mar 01 2017 01: +0,0.327,35
Mar 02 2017 01: +0,0.331,44
Mar 03 2017 01: +0,0.336,49
Mar 04 2017 01: +0,0.328,66
Mar 05 2017 01: +0,0.33,62
Mar 06 2017 01: +0,0.327,33
Mar 07 2017 01: +0,0.304,89
Mar 08 2017 01: +0,0.325,37
Mar 09 2017 01: +0,0.321,55
Mar 10 2017 01: +0,0.327,111
Mar 11 2017 01: +0,0.329,96
Mar 12 2017 01: +0,0.33,142
Mar 13 2017 01: +0,0.329,88
Mar 14 2017 01: +0,0.33,108
Mar 15 2017 01: +0,0.333,71
Mar 16 2017 01: +0,0.343,53
Mar 17 2017 01: +0,0.338,52
Mar 18 2017 01: +0,0.343,85
Mar 19 2017 01: +0,0.354,110
Mar 20 2017 01: +0,0.35,78
Mar 21 2017 01: +0,0.352,107
Mar 22 2017 01: +0,0.353,70
Mar 23 2017 01: +0,0.356,58
Mar 24 2017 01: +0,0.351,51
Mar 25 2017 01: +0,0.356,100
Mar 26 2017 01: +0,0.363,75
Mar 27 2017 01: +0,0.362,35
Mar 28 2017 01: +0,0.354,97
Mar 29 2017 01: +0,0.36,115
Mar 30 2017 01: +0,0.359,109
Mar 31 2017 01: +0,0.36,105
Apr 01 2017 01: +0,0.361,162
Apr 02 2017 01: +0,0.363,83
Apr 03 2017 01: +0,0.359,68
Apr 04 2017 01: +0,0.368,69
Apr 05 2017 01: +0,0.363,109
Apr 06 2017 01: +0,0.369,65
Apr 07 2017 01: +0,0.363,163
Apr 08 2017 01: +0,0.362,259
Apr 09 2017 01: +0,0.367,125
Apr 10 2017 01: +0,0.367,100
Apr 11 2017 01: +0,0.366,125
Apr 12 2017 01: +0,0.363,131
Apr 13 2017 01: +0,0.378,76
Apr 14 2017 01: +0,0.379,75
Apr 15 2017 01: +0,0.38,111
Apr 16 2017 01: +0,0.382,165
Apr 17 2017 01: +0,0.389,116
Apr 18 2017 01: +0,0.387,148
Apr 19 2017 01: +0,0.393,126
Apr 20 2017 01: +0,0.401,54
Apr 21 2017 01: +0,0.419,70
Apr 22 2017 01: +0,0.404,76
Apr 23 2017 01: +0,0.416,71
Apr 24 2017 01: +0,0.398,87
Apr 25 2017 01: +0,0.4,80
Apr 26 2017 01: +0,0.407,65
Apr 27 2017 01: +0,0.407,76
Apr 28 2017 01: +0,0.435,45
Apr 29 2017 01: +0,0.42,57
Apr 30 2017 01: +0,0.425,57
May 01 2017 01: +0,0.424,73
May 02 2017 01: +0,0.416,59
May 03 2017 01: +0,0.403,101
May 04 2017 01: +0,0.414,41
May 05 2017 01: +0,0.397,166
May 06 2017 01: +0,0.41,142
May 07 2017 01: +0,0.406,106
May 08 2017 01: +0,0.394,275
May 09 2017 01: +0,0.404,83
May 10 2017 01: +0,0.408,75
May 11 2017 01: +0,0.413,50
May 12 2017 01: +0,0.421,91
May 13 2017 01: +0,0.416,92
May 14 2017 01: +0,0.416,107
May 15 2017 01: +0,0.414,82
May 16 2017 01: +0,0.423,42
May 17 2017 01: +0,0.424,77
May 18 2017 01: +0,0.42,106
May 19 2017 01: +0,0.414,86
May 20 2017 01: +0,0.425,85
May 21 2017 01: +0,0.42,61
May 22 2017 01: +0,0.42,50
May 23 2017 01: +0,0.417,120
May 24 2017 01: +0,0.377,67
May 25 2017 01: +0,0.41,97
May 26 2017 01: +0,0.417,161
May 27 2017 01: +0,0.415,183
May 28 2017 01: +0,0.403,281
May 29 2017 01: +0,0.398,298
May 30 2017 01: +0,0.407,255
May 31 2017 01: +0,0.402,276
Jun 01 2017 01: +0,0.402,373
Jun 02 2017 01: +0,0.396,449
Jun 03 2017 01: +0,0.406,335
Jun 04 2017 01: +0,0.404,317
Jun 05 2017 01: +0,0.401,386
Jun 06 2017 01: +0,0.382,427
Jun 07 2017 01: +0,0.396,323
Jun 08 2017 01: +0,0.389,320
Jun 09 2017 01: +0,0.39,307
Jun 10 2017 01: +0,0.395,334
Jun 11 2017 01: +0,0.399,209
Jun 12 2017 01: +0,0.401,135
Jun 13 2017 01: +0,0.407,101
Jun 14 2017 01: +0,0.407,76
Jun 15 2017 01: +0,0.406,87
Jun 16 2017 01: +0,0.401,76
Jun 17 2017 01: +0,0.39,179
Jun 18 2017 01: +0,0.374,217
Jun 19 2017 01: +0,0.397,69
Jun 20 2017 01: +0,0.401,35
Jun 21 2017 01: +0,0.38,92
Jun 22 2017 01: +0,0.389,54
Jun 23 2017 01: +0,0.373,41
Jun 24 2017 01: +0,0.382,37
Jun 25 2017 01: +0,0.386,34
Jun 26 2017 01: +0,0.379,33
Jun 27 2017 01: +0,0.388,45
Jun 28 2017 01: +0,0.39,43
Jun 29 2017 01: +0,0.393,31
Jun 30 2017 01: +0,0.39,65
Jul 01 2017 01: +0,0.4,74
Jul 02 2017 01: +0,0.399,51
Jul 03 2017 01: +0,0.392,52
Jul 04 2017 01: +0,0.402,84
Jul 05 2017 01: +0,0.396,70
Jul 06 2017 01: +0,0.405,71
Jul 07 2017 01: +0,0.4,79
Jul 08 2017 01: +0,0.361,63
Jul 09 2017 01: +0,0.356,37
Jul 10 2017 01: +0,0.35,38
Jul 11 2017 01: +0,0.359,41
Jul 12 2017 01: +0,0.33,94
Jul 13 2017 01: +0,0.348,61
Jul 14 2017 01: +0,0.354,46
Jul 15 2017 01: +0,0.36,64
Jul 16 2017 01: +0,0.375,47
Jul 17 2017 01: +0,0.374,46
Jul 18 2017 01: +0,0.37,41
Jul 19 2017 01: +0,0.362,111
Jul 20 2017 01: +0,0.35,23
Jul 21 2017 01: +0,0.343,54
Jul 22 2017 01: +0,0.35,31
Jul 23 2017 01: +0,0.339,33
Jul 24 2017 01: +0,0.307,28
Jul 25 2017 01: +0,0.339,16
Jul 26 2017 01: +0,0.339,18
Jul 27 2017 01: +0,0.337,19
Jul 28 2017 01: +0,0.341,24
Jul 29 2017 01: +0,0.365,29
Jul 30 2017 01: +0,0.369,16
Jul 31 2017 01: +0,0.364,28
Aug 01 2017 01: +0,0.38,27
Aug 02 2017 01: +0,0.369,38
Aug 03 2017 01: +0,0.371,18
Aug 04 2017 01: +0,0.344,22
Aug 05 2017 01: +0,0.354,28
Aug 06 2017 01: +0,0.335,30
Aug 07 2017 01: +0,0.342,19
Aug 08 2017 01: +0,0.338,24
Aug 09 2017 01: +0,0.351,20
Aug 10 2017 01: +0,0.349,29
Aug 11 2017 01: +0,0.341,20
Aug 12 2017 01: +0,0.331,29
Aug 13 2017 01: +0,0.338,13
Aug 14 2017 01: +0,0.352,28
Aug 15 2017 01: +0,0.326,29
Aug 16 2017 01: +0,0.315,29
Aug 17 2017 01: +0,0.326,32
Aug 18 2017 01: +0,0.312,32
Aug 19 2017 01: +0,0.316,22
Aug 20 2017 01: +0,0.319,26
Aug 21 2017 01: +0,0.322,42
Aug 22 2017 01: +0,0.317,46
Aug 23 2017 01: +0,0.321,20
Aug 24 2017 01: +0,0.311,39
Aug 25 2017 01: +0,0.314,28
Aug 26 2017 01: +0,0.324,44
Aug 27 2017 01: +0,0.326,19
Aug 28 2017 01: +0,0.329,34
Aug 29 2017 01: +0,0.328,20
Aug 30 2017 01: +0,0.324,26
Aug 31 2017 01: +0,0.324,19
Sep 01 2017 01: +0,0.331,39
Sep 02 2017 01: +0,0.336,32
Sep 03 2017 01: +0,0.327,37
Sep 04 2017 01: +0,0.324,18
Sep 05 2017 01: +0,0.344,29
Sep 06 2017 01: +0,0.365,29
Sep 07 2017 01: +0,0.38,15
Sep 08 2017 01: +0,0.38,34
Sep 09 2017 01: +0,0.375,24
Sep 10 2017 01: +0,0.366,50
Sep 11 2017 01: +0,0.352,28
Sep 12 2017 01: +0,0.377,11
Sep 13 2017 01: +0,0.35,19
Sep 14 2017 01: +0,0.381,25
Sep 15 2017 01: +0,0.375,22
Sep 16 2017 01: +0,0.373,44
Sep 17 2017 01: +0,0.376,39
Sep 18 2017 01: +0,0.363,19
Sep 19 2017 01: +0,0.364,26
Sep 20 2017 01: +0,0.382,19
Sep 21 2017 01: +0,0.362,30
Sep 22 2017 01: +0,0.365,26
Sep 23 2017 01: +0,0.345,147
Sep 24 2017 01: +0,0.337,46
Sep 25 2017 01: +0,0.321,95
Sep 26 2017 01: +0,0.33,48
Sep 27 2017 01: +0,0.323,47
Sep 28 2017 01: +0,0.312,45
Sep 29 2017 01: +0,0.347,44
Sep 30 2017 01: +0,0.345,48
Oct 01 2017 01: +0,0.345,35
Oct 02 2017 01: +0,0.352,29
Oct 03 2017 01: +0,0.335,28
Oct 04 2017 01: +0,0.34,40
Oct 05 2017 01: +0,0.316,34
Oct 06 2017 01: +0,0.306,86
Oct 07 2017 01: +0,0.35,35
Oct 08 2017 01: +0,0.359,21
Oct 09 2017 01: +0,0.355,26
Oct 10 2017 01: +0,0.344,38
Oct 11 2017 01: +0,0.359,23
Oct 12 2017 01: +0,0.349,27
Oct 13 2017 01: +0,0.361,36
Oct 14 2017 01: +0,0.365,74
Oct 15 2017 01: +0,0.354,25
Oct 16 2017 01: +0,0.353,31
Oct 17 2017 01: +0,0.359,17
Oct 18 2017 01: +0,0.364,20
Oct 19 2017 01: +0,0.362,17
Oct 20 2017 01: +0,0.359,17
Oct 21 2017 01: +0,0.352,39
Oct 22 2017 01: +0,0.341,56
Oct 23 2017 01: +0,0.354,18
Oct 24 2017 01: +0,0.347,20
Oct 25 2017 01: +0,0.354,16
Oct 26 2017 01: +0,0.358,33
Oct 27 2017 01: +0,0.348,22
Oct 28 2017 01: +0,0.346,34
Oct 29 2017 01: +0,0.341,22
Oct 30 2017 01: +0,0.346,31
Oct 31 2017 01: +0,0.333,20
Nov 01 2017 01: +0,0.342,20
Nov 02 2017 01: +0,0.34,29
Nov 03 2017 01: +0,0.361,33
Nov 04 2017 01: +0,0.334,42
Nov 05 2017 01: +0,0.359,18
Nov 06 2017 01: +0,0.322,35
Nov 07 2017 01: +0,0.355,10
Nov 08 2017 01: +0,0.348,14
Nov 09 2017 01: +0,0.357,13
Nov 10 2017 01: +0,0.353,13
Nov 11 2017 01: +0,0.361,21
Nov 12 2017 01: +0,0.349,28
Nov 13 2017 01: +0,0.308,41
Nov 14 2017 01: +0,0.303,24
Nov 15 2017 01: +0,0.298,28
Nov 16 2017 01: +0,0.306,48
Nov 17 2017 01: +0,0.316,36
Nov 18 2017 01: +0,0.324,25
Nov 19 2017 01: +0,0.319,28
Nov 20 2017 01: +0,0.312,22
Nov 21 2017 01: +0,0.313,26
Nov 22 2017 01: +0,0.323,24
Nov 23 2017 01: +0,0.318,18
Nov 24 2017 01: +0,0.317,27
Nov 25 2017 01: +0,0.313,23
Nov 26 2017 01: +0,0.313,26
Nov 27 2017 01: +0,0.337,22
Nov 28 2017 01: +0,0.348,15
Nov 29 2017 01: +0,0.345,9
Nov 30 2017 01: +0,0.351,19
Dec 01 2017 01: +0,0.331,14
Dec 02 2017 01: +0,0.342,25
Dec 03 2017 01: +0,0.327,32
Dec 04 2017 01: +0,0.334,20
Dec 05 2017 01: +0,0.331,27
Dec 06 2017 01: +0,0.317,28
Dec 07 2017 01: +0,0.319,41
Dec 08 2017 01: +0,0.313,34
Dec 09 2017 01: +0,0.335,36
Dec 10 2017 01: +0,0.332,26
Dec 11 2017 01: +0,0.32,36
Dec 12 2017 01: +0,0.329,16
Dec 13 2017 01: +0,0.305,27
Dec 14 2017 01: +0,0.303,27
Dec 15 2017 01: +0,0.3,43
Dec 16 2017 01: +0,0.317,36
Dec 17 2017 01: +0,0.325,29
Dec 18 2017 01: +0,0.337,26
Dec 19 2017 01: +0,0.293,80
Dec 20 2017 01: +0,0.301,44
Dec 21 2017 01: +0,0.331,21
Dec 22 2017 01: +0,0.308,28
Dec 23 2017 01: +0,0.308,23
Dec 24 2017 01: +0,0.307,26
Dec 25 2017 01: +0,0.316,31
Dec 26 2017 01: +0,0.302,29
Dec 27 2017 01: +0,0.318,32
Dec 28 2017 01: +0,0.337,32
Dec 29 2017 01: +0,0.321,22
Dec 30 2017 01: +0,0.312,32
Dec 31 2017 01: +0,0.299,22
Jan 01 2018 01: +0,0.297,31
Jan 02 2018 01: +0,0.313,25
Jan 03 2018 01: +0,0.325,31
Jan 04 2018 01: +0,0.317,45
Jan 05 2018 01: +0,0.341,25
Jan 06 2018 01: +0,0.308,42
Jan 07 2018 01: +0,0.308,29
Jan 08 2018 01: +0,0.32,34
Jan 09 2018 01: +0,0.33,23
Jan 10 2018 01: +0,0.332,20
Jan 11 2018 01: +0,0.336,19
Jan 12 2018 01: +0,0.315,41
Jan 13 2018 01: +0,0.32,33
Jan 14 2018 01: +0,0.318,40
Jan 15 2018 01: +0,0.321,46
Jan 16 2018 01: +0,0.317,46
Jan 17 2018 01: +0,0.304,28
Jan 18 2018 01: +0,0.3,22
Jan 19 2018 01: +0,0.303,31
Jan 20 2018 01: +0,0.312,65
Jan 21 2018 01: +0,0.31,54
Jan 22 2018 01: +0,0.318,29
Jan 23 2018 01: +0,0.314,28
Jan 24 2018 01: +0,0.313,38
Jan 25 2018 01: +0,0.317,26
Jan 26 2018 01: +0,0.319,29
Jan 27 2018 01: +0,0.311,45
Jan 28 2018 01: +0,0.305,18
Jan 29 2018 01: +0,0.302,19
Jan 30 2018 01: +0,0.285,42
Jan 31 2018 01: +0,0.311,30
Feb 01 2018 01: +0,0.304,11
Feb 02 2018 01: +0,0.312,21
Feb 03 2018 01: +0,0.313,30
Feb 04 2018 01: +0,0.3,12
Feb 05 2018 01: +0,0.306,12
Feb 06 2018 01: +0,0.305,19
Feb 07 2018 01: +0,0.321,9
Feb 08 2018 01: +0,0.279,16
Feb 09 2018 01: +0,0.302,18
Feb 10 2018 01: +0,0.3,17
Feb 11 2018 01: +0,0.289,14
Feb 12 2018 01: +0,0.299,12
Feb 13 2018 01: +0,0.319,23
Feb 14 2018 01: +0,0.312,20
Feb 15 2018 01: +0,0.301,22
Feb 16 2018 01: +0,0.302,13
Feb 17 2018 01: +0,0.293,21
Feb 18 2018 01: +0,0.299,14
Feb 19 2018 01: +0,0.297,16
Feb 20 2018 01: +0,0.308,26
Feb 21 2018 01: +0,0.298,13
Feb 22 2018 01: +0,0.302,20
Feb 23 2018 01: +0,0.312,20
Feb 24 2018 01: +0,0.322,26
Feb 25 2018 01: +0,0.324,19
Feb 26 2018 01: +0,0.305,25
Feb 27 2018 01: +0,0.312,36
Feb 28 2018 01: +0,0.314,15
Mar 01 2018 01: +0,0.32,31
Mar 02 2018 01: +0,0.323,28
Mar 03 2018 01: +0,0.342,9
Mar 04 2018 01: +0,0.333,16
Mar 05 2018 01: +0,0.333,24
Mar 06 2018 01: +0,0.323,12
Mar 07 2018 01: +0,0.333,13
Mar 08 2018 01: +0,0.326,13
Mar 09 2018 01: +0,0.338,23
Mar 10 2018 01: +0,0.342,25
Mar 11 2018 01: +0,0.312,17
Mar 12 2018 01: +0,0.346,13
Mar 13 2018 01: +0,0.355,16
Mar 14 2018 01: +0,0.353,15
Mar 15 2018 01: +0,0.354,14
Mar 16 2018 01: +0,0.327,12
Mar 17 2018 01: +0,0.346,29
Mar 18 2018 01: +0,0.324,16
Mar 19 2018 01: +0,0.346,11
Mar 20 2018 01: +0,0.335,5
Mar 21 2018 01: +0,0.342,8
Mar 22 2018 01: +0,0.356,22
Mar 23 2018 01: +0,0.342,16
Mar 24 2018 01: +0,0.339,16
Mar 25 2018 01: +0,0.319,18
Mar 26 2018 01: +0,0.334,11
Mar 27 2018 01: +0,0.347,17
Mar 28 2018 01: +0,0.339,8
Mar 29 2018 01: +0,0.322,13
Mar 30 2018 01: +0,0.324,20
Mar 31 2018 01: +0,0.338,13
Apr 01 2018 01: +0,0.343,20
Apr 02 2018 01: +0,0.359,10
Apr 03 2018 01: +0,0.361,15
Apr 04 2018 01: +0,0.359,20
Apr 05 2018 01: +0,0.352,18
Apr 06 2018 01: +0,0.341,19
Apr 07 2018 01: +0,0.33,15
Apr 08 2018 01: +0,0.336,17
Apr 09 2018 01: +0,0.309,17
Apr 10 2018 01: +0,0.332,16
Apr 11 2018 01: +0,0.339,13
Apr 12 2018 01: +0,0.3,5
Apr 13 2018 01: +0,0.341,19
Apr 14 2018 01: +0,0.355,20
Apr 15 2018 01: +0,0.365,12
Apr 16 2018 01: +0,0.373,5
Apr 17 2018 01: +0,0.378,12
Apr 18 2018 01: +0,0.355,13
Apr 19 2018 01: +0,0.329,7
Apr 20 2018 01: +0,0.357,14
Apr 21 2018 01: +0,0.361,17
Apr 22 2018 01: +0,0.378,16
Apr 23 2018 01: +0,0.361,9
Apr 24 2018 01: +0,0.355,8
Apr 25 2018 01: +0,0.37,14
Apr 26 2018 01: +0,0.368,19
Apr 27 2018 01: +0,0.341,7
Apr 28 2018 01: +0,0.355,24
Apr 29 2018 01: +0,0.36,16
Apr 30 2018 01: +0,0.36,13
May 01 2018 01: +0,0.362,11
May 02 2018 01: +0,0.359,17
May 03 2018 01: +0,0.361,11
May 04 2018 01: +0,0.358,24
May 05 2018 01: +0,0.351,16
May 06 2018 01: +0,0.338,13
May 07 2018 01: +0,0.338,10
May 08 2018 01: +0,0.352,20
May 09 2018 01: +0,0.336,16
May 10 2018 01: +0,0.336,9
May 11 2018 01: +0,0.333,31
May 12 2018 01: +0,0.339,16
May 13 2018 01: +0,0.339,18
May 14 2018 01: +0,0.343,15
May 15 2018 01: +0,0.352,5
May 16 2018 01: +0,0.334,24
May 17 2018 01: +0,0.341,16
May 18 2018 01: +0,0.345,19
May 19 2018 01: +0,0.345,12
May 20 2018 01: +0,0.338,15
May 21 2018 01: +0,0.329,14
May 22 2018 01: +0,0.342,7
May 23 2018 01: +0,0.343,8
May 24 2018 01: +0,0.348,13
May 25 2018 01: +0,0.337,7
May 26 2018 01: +0,0.307,19
May 27 2018 01: +0,0.339,12
May 28 2018 01: +0,0.335,6
May 29 2018 01: +0,0.303,7
May 30 2018 01: +0,0.333,12
May 31 2018 01: +0,0.332,9
Jun 01 2018 01: +0,0.334,17
Jun 02 2018 01: +0,0.337,7
Jun 03 2018 01: +0,0.329,11
Jun 04 2018 01: +0,0.325,15
Jun 05 2018 01: +0,0.353,11
Jun 06 2018 01: +0,0.339,7
Jun 07 2018 01: +0,0.34,12
Jun 08 2018 01: +0,0.33,15
Jun 09 2018 01: +0,0.307,21
Jun 10 2018 01: +0,0.317,23
Jun 11 2018 01: +0,0.301,7
Jun 12 2018 01: +0,0.305,12
Jun 13 2018 01: +0,0.321,15
Jun 14 2018 01: +0,0.324,21
Jun 15 2018 01: +0,0.323,8
Jun 16 2018 01: +0,0.326,18
Jun 17 2018 01: +0,0.329,7
Jun 18 2018 01: +0,0.3,63
Jun 19 2018 01: +0,0.304,11
Jun 20 2018 01: +0,0.313,16
Jun 21 2018 01: +0,0.313,12
Jun 22 2018 01: +0,0.315,14
Jun 23 2018 01: +0,0.287,41
Jun 24 2018 01: +0,0.314,13
Jun 25 2018 01: +0,0.304,15
Jun 26 2018 01: +0,0.293,8
Jun 27 2018 01: +0,0.333,18
Jun 28 2018 01: +0,0.308,7
Jun 29 2018 01: +0,0.281,8
Jun 30 2018 01: +0,0.313,17
Jul 01 2018 01: +0,0.3,12
Jul 02 2018 01: +0,0.295,22
Jul 03 2018 01: +0,0.311,14
Jul 04 2018 01: +0,0.319,17
Jul 05 2018 01: +0,0.296,14
Jul 06 2018 01: +0,0.318,12
Jul 07 2018 01: +0,0.32,13
Jul 08 2018 01: +0,0.326,18
Jul 09 2018 01: +0,0.326,11
Jul 10 2018 01: +0,0.327,28
Jul 11 2018 01: +0,0.34,19
Jul 12 2018 01: +0,0.323,27
Jul 13 2018 01: +0,0.351,22
Jul 14 2018 01: +0,0.359,27
Jul 15 2018 01: +0,0.325,9
Jul 16 2018 01: +0,0.343,27
Jul 17 2018 01: +0,0.329,20
Jul 18 2018 01: +0,0.341,18
Jul 19 2018 01: +0,0.33,14
Jul 20 2018 01: +0,0.342,14
Jul 21 2018 01: +0,0.332,12
Jul 22 2018 01: +0,0.339,15
Jul 23 2018 01: +0,0.34,4
Jul 24 2018 01: +0,0.335,24
Jul 25 2018 01: +0,0.329,28
Jul 26 2018 01: +0,0.351,20
Jul 27 2018 01: +0,0.347,12
Jul 28 2018 01: +0,0.349,12
Jul 29 2018 01: +0,0.348,18
Jul 30 2018 01: +0,0.351,25
Jul 31 2018 01: +0,0.34,36
Aug 01 2018 01: +0,0.336,30
Aug 02 2018 01: +0,0.341,12
Aug 03 2018 01: +0,0.336,13
Aug 04 2018 01: +0,0.331,31
Aug 05 2018 01: +0,0.31,19
Aug 06 2018 01: +0,0.329,26
Aug 07 2018 01: +0,0.349,16
Aug 08 2018 01: +0,0.343,14
Aug 09 2018 01: +0,0.329,12
Aug 10 2018 01: +0,0.336,15
Aug 11 2018 01: +0,0.344,21
Aug 12 2018 01: +0,0.337,17
Aug 13 2018 01: +0,0.337,15
Aug 14 2018 01: +0,0.336,16
Aug 15 2018 01: +0,0.342,13
Aug 16 2018 01: +0,0.327,12
Aug 17 2018 01: +0,0.337,27
Aug 18 2018 01: +0,0.319,39
Aug 19 2018 01: +0,0.329,26
Aug 20 2018 01: +0,0.346,16
Aug 21 2018 01: +0,0.347,31
Aug 22 2018 01: +0,0.337,15
Aug 23 2018 01: +0,0.344,23
Aug 24 2018 01: +0,0.35,13
Aug 25 2018 01: +0,0.342,15
Aug 26 2018 01: +0,0.349,14
Aug 27 2018 01: +0,0.354,32
Aug 28 2018 01: +0,0.351,20
Aug 29 2018 01: +0,0.363,17
Aug 30 2018 01: +0,0.348,18
Aug 31 2018 01: +0,0.373,18
Sep 01 2018 01: +0,0.364,12
Sep 02 2018 01: +0,0.379,13
Sep 03 2018 01: +0,0.384,13
Sep 04 2018 01: +0,0.387,10
Sep 05 2018 01: +0,0.373,16
Sep 06 2018 01: +0,0.375,17
Sep 07 2018 01: +0,0.357,11
Sep 08 2018 01: +0,0.376,18
Sep 09 2018 01: +0,0.386,19
Sep 10 2018 01: +0,0.36,12
Sep 11 2018 01: +0,0.376,9
Sep 12 2018 01: +0,0.4,16
Sep 13 2018 01: +0,0.404,15
Sep 14 2018 01: +0,0.437,9
Sep 15 2018 01: +0,0.385,25
Sep 16 2018 01: +0,0.401,4
Sep 17 2018 01: +0,0.417,8
Sep 18 2018 01: +0,0.387,369
Sep 19 2018 01: +0,0.405,21
Sep 20 2018 01: +0,0.397,11
Sep 21 2018 01: +0,0.36,17
Sep 22 2018 01: +0,0.377,14
Sep 23 2018 01: +0,0.374,19
Sep 24 2018 01: +0,0.346,7
Sep 25 2018 01: +0,0.363,7
Sep 26 2018 01: +0,0.375,3
Sep 27 2018 01: +0,0.389,4
Sep 28 2018 01: +0,0.36,14
Sep 29 2018 01: +0,0.376,9
Sep 30 2018 01: +0,0.366,9
Oct 01 2018 01: +0,0.33,4
Oct 02 2018 01: +0,0.349,5
Oct 03 2018 12: +0,0.403,8
Oct 03 2018 19: +0,0.376,1
Oct 04 2018 00: +0,0.375,1
Oct 04 2018 16: +0,0.352,1
Oct 04 2018 17: +0,0.346,1
Oct 04 2018 18: +0,0.333,2
Oct 04 2018 19: +0,0.384,4
Oct 05 2018 01: +0,0.39,2
Oct 05 2018 04: +0,0.395,1
Oct 05 2018 06: +0,0.398,2
Oct 05 2018 12: +0,0.403,1
Oct 05 2018 14: +0,0.402,2
Oct 05 2018 15: +0,0.406,6
Oct 05 2018 17: +0,0.403,3
Oct 05 2018 18: +0,0.406,2
Oct 05 2018 20: +0,0.27,1
Oct 05 2018 21: +0,0.406,1
Oct 06 2018 02: +0,0.407,4
Oct 06 2018 09: +0,0.407,3
Oct 06 2018 10: +0,0.403,4
Oct 06 2018 13: +0,0.404,1
Oct 06 2018 15: +0,0.391,1
Oct 06 2018 16: +0,0.345,1
Oct 06 2018 17: +0,0.397,1
Oct 06 2018 19: +0,0.346,1
Oct 06 2018 21: +0,0.39,1
Oct 06 2018 23: +0,0.402,1
Oct 07 2018 03: +0,0.399,1
Oct 07 2018 05: +0,0.39,1
Oct 07 2018 10: +0,0.405,2
Oct 07 2018 12: +0,0.407,2
Oct 07 2018 13: +0,0.403,1
Oct 07 2018 15: +0,0.403,4
Oct 07 2018 21: +0,0.384,1
Oct 07 2018 22: +0,0.384,1
Oct 08 2018 06: +0,0.384,1
Oct 08 2018 07: +0,0.384,2
Oct 08 2018 15: +0,0.38,7
Oct 08 2018 17: +0,0.403,1
Oct 08 2018 18: +0,0.408,1
Oct 08 2018 21: +0,0.407,1
Oct 09 2018 10: +0,0.32,1
Oct 09 2018 15: +0,0.394,2
Oct 09 2018 16: +0,0.384,2
Oct 10 2018 01: +0,0.408,1
Oct 10 2018 08: +0,0.408,1
Oct 10 2018 09: +0,0.408,1
Oct 10 2018 17: +0,0.406,1
Oct 10 2018 19: +0,0.406,1
Oct 10 2018 20: +0,0.407,4
Oct 11 2018 10: +0,0.41,1
Oct 11 2018 16: +0,0.398,1
Oct 11 2018 18: +0,0.382,2
Oct 11 2018 22: +0,0.392,1
Oct 12 2018 01: +0,0.408,1
Oct 12 2018 15: +0,0.41,2
Oct 12 2018 20: +0,0.411,1
Oct 12 2018 22: +0,0.416,1
Oct 12 2018 23: +0,0.409,1
Oct 13 2018 02: +0,0.409,4
Oct 13 2018 08: +0,0.344,3
Oct 13 2018 09: +0,0.412,1
Oct 13 2018 11: +0,0.413,1
Oct 13 2018 12: +0,0.367,1
Oct 13 2018 17: +0,0.383,2
Oct 13 2018 18: +0,0.383,3
Oct 13 2018 19: +0,0.384,1
Oct 14 2018 06: +0,0.383,1
Oct 14 2018 14: +0,0.383,1
Oct 14 2018 16: +0,0.37,1
Oct 14 2018 17: +0,0.333,1
Oct 14 2018 20: +0,0.356,1
Oct 15 2018 00: +0,0.383,3
Oct 15 2018 16: +0,0.389,4
Oct 15 2018 17: +0,0.398,1
Oct 16 2018 14: +0,0.412,4
Oct 16 2018 20: +0,0.405,1
Oct 16 2018 22: +0,0.41,2
Oct 17 2018 05: +0,0.412,5
Oct 17 2018 10: +0,0.413,3
Oct 17 2018 11: +0,0.334,1
Oct 17 2018 17: +0,0.407,2
Oct 17 2018 21: +0,0.339,2
Oct 18 2018 12: +0,0.345,1
Oct 18 2018 18: +0,0.403,1
Oct 18 2018 19: +0,0.41,1
Oct 18 2018 20: +0,0.4,3
Oct 19 2018 08: +0,0.405,1
Oct 19 2018 10: +0,0.402,1
Oct 19 2018 15: +0,0.402,1
Oct 19 2018 16: +0,0.391,1
Oct 19 2018 17: +0,0.387,4
Oct 19 2018 22: +0,0.367,1
Oct 19 2018 23: +0,0.378,1
Oct 20 2018 10: +0,0.37,1
Oct 20 2018 12: +0,0.376,1
Oct 20 2018 14: +0,0.377,1
Oct 20 2018 15: +0,0.377,1
Oct 20 2018 17: +0,0.37,1
Oct 20 2018 20: +0,0.374,1
Oct 20 2018 23: +0,0.365,1
Oct 21 2018 03: +0,0.356,1
Oct 21 2018 07: +0,0.355,1
Oct 21 2018 08: +0,0.35,1
Oct 21 2018 11: +0,0.356,1
Oct 21 2018 12: +0,0.352,3
Oct 21 2018 13: +0,0.348,2
Oct 21 2018 15: +0,0.344,1
Oct 21 2018 16: +0,0.308,2
Oct 21 2018 21: +0,0.344,1
Oct 22 2018 00: +0,0.356,1
Oct 22 2018 03: +0,0.36,4
Oct 22 2018 07: +0,0.36,1
Oct 22 2018 09: +0,0.31,1
Oct 22 2018 10: +0,0.356,1
Oct 22 2018 13: +0,0.356,1
Oct 22 2018 16: +0,0.356,2
Oct 22 2018 17: +0,0.343,2
Oct 22 2018 21: +0,0.369,1
Oct 22 2018 22: +0,0.356,1
Oct 23 2018 07: +0,0.27,1
Oct 23 2018 12: +0,0.362,2
Oct 23 2018 16: +0,0.356,1
Oct 23 2018 19: +0,0.369,1
Oct 23 2018 21: +0,0.364,1
Oct 24 2018 00: +0,0.364,1
Oct 24 2018 04: +0,0.364,1
Oct 24 2018 10: +0,0.369,3
Oct 24 2018 19: +0,0.329,1
Oct 25 2018 00: +0,0.339,1
Oct 25 2018 06: +0,0.342,1
Oct 25 2018 13: +0,0.341,1
Oct 25 2018 16: +0,0.341,1
Oct 25 2018 19: +0,0.342,1
Oct 25 2018 20: +0,0.345,1
Oct 25 2018 21: +0,0.341,1
Oct 25 2018 22: +0,0.347,2
Oct 26 2018 08: +0,0.366,1
Oct 26 2018 09: +0,0.3,1
Oct 26 2018 12: +0,0.356,1
Oct 26 2018 13: +0,0.367,1
Oct 26 2018 15: +0,0.326,2
Oct 26 2018 18: +0,0.334,1
Oct 26 2018 19: +0,0.347,1
Oct 26 2018 23: +0,0.337,1
Oct 27 2018 10: +0,0.352,1
Oct 27 2018 11: +0,0.34,1
Oct 27 2018 14: +0,0.365,4
Oct 27 2018 15: +0,0.365,1
Oct 27 2018 20: +0,0.28,1
Oct 27 2018 21: +0,0.365,1
Oct 27 2018 23: +0,0.352,1
Oct 28 2018 01: +0,0.357,1
Oct 28 2018 10: +0,0.355,1
Oct 28 2018 14: +0,0.358,1
Oct 28 2018 16: +0,0.357,1
Oct 28 2018 17: +0,0.352,1
Oct 28 2018 18: +0,0.28,1
Oct 28 2018 20: +0,0.352,1
Oct 28 2018 22: +0,0.35,1
Oct 29 2018 05: +0,0.365,5
Oct 29 2018 08: +0,0.366,1
Oct 29 2018 11: +0,0.366,1
Oct 29 2018 12: +0,0.366,1
Oct 29 2018 16: +0,0.366,2
Oct 29 2018 17: +0,0.366,1
Oct 29 2018 19: +0,0.363,2
Oct 29 2018 22: +0,0.368,1
Oct 30 2018 09: +0,0.368,1
Oct 30 2018 10: +0,0.376,1
Oct 30 2018 14: +0,0.377,1
Oct 30 2018 17: +0,0.364,1
Oct 30 2018 18: +0,0.364,12
Oct 30 2018 20: +0,0.378,1
Oct 30 2018 21: +0,0.316,2
Oct 31 2018 11: +0,0.356,3
Oct 31 2018 12: +0,0.357,1
Oct 31 2018 17: +0,0.378,1
Oct 31 2018 22: +0,0.377,2
Nov 01 2018 03: +0,0.378,1
Nov 01 2018 07: +0,0.378,1
Nov 01 2018 09: +0,0.378,1
Nov 01 2018 14: +0,0.384,1
Nov 01 2018 16: +0,0.368,1
Nov 01 2018 17: +0,0.384,3
Nov 01 2018 18: +0,0.378,2
Nov 01 2018 22: +0,0.364,1
Nov 01 2018 23: +0,0.353,1
Nov 02 2018 09: +0,0.34,1
Nov 02 2018 11: +0,0.312,2
Nov 02 2018 18: +0,0.352,4
Nov 02 2018 21: +0,0.354,2
Nov 02 2018 22: +0,0.353,1
