Date,Price,Volume
Feb 27 2015 01: +0,1.116,2433
Feb 28 2015 01: +0,1.104,1047
Mar 01 2015 01: +0,1.097,741
Mar 02 2015 01: +0,1.097,620
Mar 03 2015 01: +0,1.095,439
Mar 04 2015 01: +0,1.089,405
Mar 05 2015 01: +0,1.078,400
Mar 06 2015 01: +0,1.075,434
Mar 07 2015 01: +0,1.069,529
Mar 08 2015 01: +0,1.065,467
Mar 09 2015 01: +0,1.051,361
Mar 10 2015 01: +0,1.05,384
Mar 11 2015 01: +0,1.117,413
Mar 12 2015 01: +0,1.168,545
Mar 13 2015 01: +0,0.881,3126
Mar 14 2015 01: +0,0.47,5711
Mar 15 2015 01: +0,0.384,61233
Mar 16 2015 01: +0,0.429,34691
Mar 17 2015 01: +0,0.576,4895
Mar 18 2015 01: +0,0.54,3191
Mar 19 2015 01: +0,0.493,2780
Mar 20 2015 01: +0,0.448,3301
Mar 21 2015 01: +0,0.437,3882
Mar 22 2015 01: +0,0.446,2929
Mar 23 2015 01: +0,0.433,3021
Mar 24 2015 01: +0,0.449,3292
Mar 25 2015 01: +0,0.454,2322
Mar 26 2015 01: +0,0.448,2336
Mar 27 2015 01: +0,0.449,2628
Mar 28 2015 01: +0,0.483,3238
Mar 29 2015 01: +0,0.497,2390
Mar 30 2015 01: +0,0.485,2136
Mar 31 2015 01: +0,0.48,2228
Apr 01 2015 01: +0,0.463,2803
Apr 02 2015 01: +0,0.493,2354
Apr 03 2015 01: +0,0.501,2264
Apr 04 2015 01: +0,0.502,2508
Apr 05 2015 01: +0,0.524,3060
Apr 06 2015 01: +0,0.538,2163
Apr 07 2015 01: +0,0.566,3442
Apr 08 2015 01: +0,0.704,2803
Apr 09 2015 01: +0,0.645,1694
Apr 10 2015 01: +0,0.64,1591
Apr 11 2015 01: +0,0.636,2034
Apr 12 2015 01: +0,0.617,2154
Apr 13 2015 01: +0,0.584,1768
Apr 14 2015 01: +0,0.541,1728
Apr 15 2015 01: +0,0.543,1478
Apr 16 2015 01: +0,0.525,2150
Apr 17 2015 01: +0,0.534,2011
Apr 18 2015 01: +0,0.537,2550
Apr 19 2015 01: +0,0.546,1895
Apr 20 2015 01: +0,0.556,1891
Apr 21 2015 01: +0,0.535,1848
Apr 22 2015 01: +0,0.54,1769
Apr 23 2015 01: +0,0.539,1780
Apr 24 2015 01: +0,0.547,2012
Apr 25 2015 01: +0,0.566,2396
Apr 26 2015 01: +0,0.579,1882
Apr 27 2015 01: +0,0.573,1729
Apr 28 2015 01: +0,0.598,1483
Apr 29 2015 01: +0,0.611,1420
Apr 30 2015 01: +0,0.623,1821
May 01 2015 01: +0,0.629,1651
May 02 2015 01: +0,0.633,1928
May 03 2015 01: +0,0.642,1630
May 04 2015 01: +0,0.63,1462
May 05 2015 01: +0,0.64,1488
May 06 2015 01: +0,0.645,1319
May 07 2015 01: +0,0.654,1258
May 08 2015 01: +0,0.66,1549
May 09 2015 01: +0,0.678,1625
May 10 2015 01: +0,0.701,1400
May 11 2015 01: +0,0.694,1160
May 12 2015 01: +0,0.703,1300
May 13 2015 01: +0,0.699,1228
May 14 2015 01: +0,0.716,1226
May 15 2015 01: +0,0.738,1249
May 16 2015 01: +0,0.795,1532
May 17 2015 01: +0,0.842,1391
May 18 2015 01: +0,0.836,1034
May 19 2015 01: +0,0.819,1093
May 20 2015 01: +0,0.802,1034
May 21 2015 01: +0,0.822,1018
May 22 2015 01: +0,0.827,1002
May 23 2015 01: +0,0.832,1244
May 24 2015 01: +0,0.823,1085
May 25 2015 01: +0,0.794,1121
May 26 2015 01: +0,0.793,1208
May 27 2015 01: +0,0.576,2560
May 28 2015 01: +0,0.764,1185
May 29 2015 01: +0,0.787,1144
May 30 2015 01: +0,0.824,1063
May 31 2015 01: +0,0.834,1011
Jun 01 2015 01: +0,0.838,1016
Jun 02 2015 01: +0,0.83,1014
Jun 03 2015 01: +0,0.799,1170
Jun 04 2015 01: +0,0.771,1168
Jun 05 2015 01: +0,0.736,1183
Jun 06 2015 01: +0,0.731,1191
Jun 07 2015 01: +0,0.705,1259
Jun 08 2015 01: +0,0.717,1162
Jun 09 2015 01: +0,0.74,1035
Jun 10 2015 01: +0,0.721,1188
Jun 11 2015 01: +0,0.708,1085
Jun 12 2015 01: +0,0.717,1214
Jun 13 2015 01: +0,0.727,1360
Jun 14 2015 01: +0,0.747,1140
Jun 15 2015 01: +0,0.775,1094
Jun 16 2015 01: +0,0.817,1003
Jun 17 2015 01: +0,0.861,859
Jun 18 2015 01: +0,0.832,896
Jun 19 2015 01: +0,0.84,1115
Jun 20 2015 01: +0,0.863,995
Jun 21 2015 01: +0,0.849,887
Jun 22 2015 01: +0,0.861,943
Jun 23 2015 01: +0,0.893,845
Jun 24 2015 01: +0,0.881,919
Jun 25 2015 01: +0,0.89,1005
Jun 26 2015 01: +0,0.941,913
Jun 27 2015 01: +0,0.961,929
Jun 28 2015 01: +0,0.956,929
Jun 29 2015 01: +0,0.956,979
Jun 30 2015 01: +0,0.999,859
Jul 01 2015 01: +0,1.041,946
Jul 02 2015 01: +0,1.093,745
Jul 03 2015 01: +0,1.093,745
Jul 04 2015 01: +0,1.08,667
Jul 05 2015 01: +0,1.091,688
Jul 06 2015 01: +0,1.09,666
Jul 07 2015 01: +0,1.051,702
Jul 08 2015 01: +0,1.081,684
Jul 09 2015 01: +0,1.087,778
Jul 10 2015 01: +0,1.086,706
Jul 11 2015 01: +0,1.088,759
Jul 12 2015 01: +0,1.112,658
Jul 13 2015 01: +0,1.086,870
Jul 14 2015 01: +0,1.087,1004
Jul 15 2015 01: +0,1.103,816
Jul 16 2015 01: +0,1.11,675
Jul 17 2015 01: +0,1.138,631
Jul 18 2015 01: +0,1.212,513
Jul 19 2015 01: +0,1.221,556
Jul 20 2015 01: +0,1.368,512
Jul 21 2015 01: +0,1.338,547
Jul 22 2015 01: +0,1.33,422
Jul 23 2015 01: +0,1.314,535
Jul 24 2015 01: +0,1.318,435
Jul 25 2015 01: +0,1.299,439
Jul 26 2015 01: +0,1.273,502
Jul 27 2015 01: +0,1.26,631
Jul 28 2015 01: +0,1.198,441
Jul 29 2015 01: +0,1.11,627
Jul 30 2015 01: +0,1.121,581
Jul 31 2015 01: +0,1.169,498
Aug 01 2015 01: +0,1.157,496
Aug 02 2015 01: +0,1.166,483
Aug 03 2015 01: +0,1.146,513
Aug 04 2015 01: +0,1.098,475
Aug 05 2015 01: +0,1.038,665
Aug 06 2015 01: +0,0.988,662
Aug 07 2015 01: +0,0.947,884
Aug 08 2015 01: +0,0.974,812
Aug 09 2015 01: +0,1.018,625
Aug 10 2015 01: +0,1.061,646
Aug 11 2015 01: +0,1.056,555
Aug 12 2015 01: +0,1.006,600
Aug 13 2015 01: +0,1.011,579
Aug 14 2015 01: +0,1.018,541
Aug 15 2015 01: +0,0.817,1038
Aug 16 2015 01: +0,0.796,522
Aug 17 2015 01: +0,0.764,487
Aug 18 2015 01: +0,0.779,455
Aug 19 2015 01: +0,0.77,356
Aug 20 2015 01: +0,0.725,552
Aug 21 2015 01: +0,0.666,620
Aug 22 2015 01: +0,0.608,664
Aug 23 2015 01: +0,0.515,896
Aug 24 2015 01: +0,0.585,510
Aug 25 2015 01: +0,0.7,288
Aug 26 2015 01: +0,0.704,232
Aug 27 2015 01: +0,0.708,248
Aug 28 2015 01: +0,0.724,249
Aug 29 2015 01: +0,0.782,273
Aug 30 2015 01: +0,0.763,235
Aug 31 2015 01: +0,0.783,200
Sep 01 2015 01: +0,0.751,209
Sep 02 2015 01: +0,0.742,195
Sep 03 2015 01: +0,0.723,172
Sep 04 2015 01: +0,0.684,236
Sep 05 2015 01: +0,0.701,252
Sep 06 2015 01: +0,0.63,314
Sep 07 2015 01: +0,0.653,219
Sep 08 2015 01: +0,0.688,325
Sep 09 2015 01: +0,0.71,220
Sep 10 2015 01: +0,0.679,257
Sep 11 2015 01: +0,0.686,273
Sep 12 2015 01: +0,0.659,274
Sep 13 2015 01: +0,0.64,303
Sep 14 2015 01: +0,0.637,256
Sep 15 2015 01: +0,0.676,204
Sep 16 2015 01: +0,0.678,294
Sep 17 2015 01: +0,0.64,316
Sep 18 2015 01: +0,0.657,316
Sep 19 2015 01: +0,0.666,405
Sep 20 2015 01: +0,0.661,287
Sep 21 2015 01: +0,0.655,367
Sep 22 2015 01: +0,0.651,317
Sep 23 2015 01: +0,0.693,308
Sep 24 2015 01: +0,0.737,400
Sep 25 2015 01: +0,0.792,319
Sep 26 2015 01: +0,0.814,342
Sep 27 2015 01: +0,0.781,318
Sep 28 2015 01: +0,0.754,251
Sep 29 2015 01: +0,0.768,261
Sep 30 2015 01: +0,0.727,250
Oct 01 2015 01: +0,0.757,234
Oct 02 2015 01: +0,0.794,246
Oct 03 2015 01: +0,0.831,294
Oct 04 2015 01: +0,0.846,251
Oct 05 2015 01: +0,0.779,204
Oct 06 2015 01: +0,0.894,168
Oct 07 2015 01: +0,0.913,160
Oct 08 2015 01: +0,0.943,178
Oct 09 2015 01: +0,0.93,207
Oct 10 2015 01: +0,0.91,195
Oct 11 2015 01: +0,0.876,216
Oct 12 2015 01: +0,0.903,237
Oct 13 2015 01: +0,0.886,201
Oct 14 2015 01: +0,0.873,182
Oct 15 2015 01: +0,0.897,194
Oct 16 2015 01: +0,0.886,191
Oct 17 2015 01: +0,0.885,228
Oct 18 2015 01: +0,0.875,231
Oct 19 2015 01: +0,0.865,194
Oct 20 2015 01: +0,0.879,182
Oct 21 2015 01: +0,0.769,254
Oct 22 2015 01: +0,0.797,153
Oct 23 2015 01: +0,0.793,234
Oct 24 2015 01: +0,0.781,206
Oct 25 2015 01: +0,0.778,246
Oct 26 2015 01: +0,0.737,203
Oct 27 2015 01: +0,0.758,219
Oct 28 2015 01: +0,0.785,275
Oct 29 2015 01: +0,0.832,210
Oct 30 2015 01: +0,0.803,240
Oct 31 2015 01: +0,0.802,272
Nov 01 2015 01: +0,0.769,406
Nov 02 2015 01: +0,0.797,224
Nov 03 2015 01: +0,0.826,174
Nov 04 2015 01: +0,0.781,237
Nov 05 2015 01: +0,0.848,173
Nov 06 2015 01: +0,0.867,190
Nov 07 2015 01: +0,0.882,178
Nov 08 2015 01: +0,0.912,201
Nov 09 2015 01: +0,0.912,183
Nov 10 2015 01: +0,0.873,138
Nov 11 2015 01: +0,0.9,173
Nov 12 2015 01: +0,0.982,123
Nov 13 2015 01: +0,1.092,293
Nov 14 2015 01: +0,1.18,179
Nov 15 2015 01: +0,1.138,208
Nov 16 2015 01: +0,1.143,183
Nov 17 2015 01: +0,1.116,115
Nov 18 2015 01: +0,1.098,179
Nov 19 2015 01: +0,1.074,150
Nov 20 2015 01: +0,1.067,217
Nov 21 2015 01: +0,1.056,156
Nov 22 2015 01: +0,1.029,146
Nov 23 2015 01: +0,1.012,170
Nov 24 2015 01: +0,1.012,200
Nov 25 2015 01: +0,1.009,156
Nov 26 2015 01: +0,0.908,175
Nov 27 2015 01: +0,0.911,231
Nov 28 2015 01: +0,0.945,459
Nov 29 2015 01: +0,1.097,346
Nov 30 2015 01: +0,0.924,166
Dec 01 2015 01: +0,0.888,238
Dec 02 2015 01: +0,0.924,200
Dec 03 2015 01: +0,1.369,403
Dec 04 2015 01: +0,1.35,306
Dec 05 2015 01: +0,1.174,221
Dec 06 2015 01: +0,1.159,227
Dec 07 2015 01: +0,1.139,140
Dec 08 2015 01: +0,1.203,136
Dec 09 2015 01: +0,1.189,192
Dec 10 2015 01: +0,1.327,349
Dec 11 2015 01: +0,1.618,163
Dec 12 2015 01: +0,1.977,279
Dec 13 2015 01: +0,2.04,451
Dec 14 2015 01: +0,2.092,112
Dec 15 2015 01: +0,1.987,108
Dec 16 2015 01: +0,2.056,100
Dec 17 2015 01: +0,1.962,254
Dec 18 2015 01: +0,2.056,338
Dec 19 2015 01: +0,2.016,108
Dec 20 2015 01: +0,1.962,88
Dec 21 2015 01: +0,1.953,260
Dec 22 2015 01: +0,1.66,128
Dec 23 2015 01: +0,1.485,178
Dec 24 2015 01: +0,1.595,137
Dec 25 2015 01: +0,1.924,519
Dec 26 2015 01: +0,2.12,303
Dec 27 2015 01: +0,2.024,161
Dec 28 2015 01: +0,1.988,128
Dec 29 2015 01: +0,2.32,219
Dec 30 2015 01: +0,2.782,171
Dec 31 2015 01: +0,3.246,221
Jan 01 2016 01: +0,4.091,181
Jan 02 2016 01: +0,3.314,233
Jan 03 2016 01: +0,3.317,197
Jan 04 2016 01: +0,3.938,251
Jan 05 2016 01: +0,5.431,192
Jan 06 2016 01: +0,5.945,196
Jan 07 2016 01: +0,7.911,218
Jan 08 2016 01: +0,6.438,136
Jan 09 2016 01: +0,6.134,139
Jan 10 2016 01: +0,6.065,111
Jan 11 2016 01: +0,5.456,102
Jan 12 2016 01: +0,4.722,84
Jan 13 2016 01: +0,5.891,1411
Jan 14 2016 01: +0,12.278,3038
Jan 15 2016 01: +0,13.211,989
Jan 16 2016 01: +0,9.751,439
Jan 17 2016 01: +0,9.425,268
Jan 18 2016 01: +0,9.414,192
Jan 19 2016 01: +0,8.818,259
Jan 20 2016 01: +0,7.98,206
Jan 21 2016 01: +0,7.494,187
Jan 22 2016 01: +0,7.469,253
Jan 23 2016 01: +0,7.816,123
Jan 24 2016 01: +0,7.054,175
Jan 25 2016 01: +0,6.333,145
Jan 26 2016 01: +0,6.348,119
Jan 27 2016 01: +0,6.33,141
Jan 28 2016 01: +0,6.19,134
Jan 29 2016 01: +0,5.757,122
Jan 30 2016 01: +0,5.065,116
Jan 31 2016 01: +0,5.011,151
Feb 01 2016 01: +0,5.305,139
Feb 02 2016 01: +0,5.375,117
Feb 03 2016 01: +0,5.461,91
Feb 04 2016 01: +0,5.573,108
Feb 05 2016 01: +0,5.721,130
Feb 06 2016 01: +0,5.338,153
Feb 07 2016 01: +0,4.681,153
Feb 08 2016 01: +0,4.739,103
Feb 09 2016 01: +0,4.709,112
Feb 10 2016 01: +0,4.72,121
Feb 11 2016 01: +0,4.344,133
Feb 12 2016 01: +0,4.351,106
Feb 13 2016 01: +0,4.715,87
Feb 14 2016 01: +0,4.521,99
Feb 15 2016 01: +0,4.925,78
Feb 16 2016 01: +0,5.452,102
Feb 17 2016 01: +0,6.085,127
Feb 18 2016 01: +0,4.871,385
Feb 19 2016 01: +0,4.813,127
Feb 20 2016 01: +0,4.886,109
Feb 21 2016 01: +0,4.654,121
Feb 22 2016 01: +0,4.54,96
Feb 23 2016 01: +0,4.549,82
Feb 24 2016 01: +0,4.693,75
Feb 25 2016 01: +0,4.522,70
Feb 26 2016 01: +0,4.33,141
Feb 27 2016 01: +0,4.238,271
Feb 28 2016 01: +0,4.614,171
Feb 29 2016 01: +0,4.53,129
Mar 01 2016 01: +0,4.504,105
Mar 02 2016 01: +0,4.695,106
Mar 03 2016 01: +0,4.358,141
Mar 04 2016 01: +0,4.232,131
Mar 05 2016 01: +0,5.512,249
Mar 06 2016 01: +0,4.668,83
Mar 07 2016 01: +0,4.309,97
Mar 08 2016 01: +0,4.222,90
Mar 09 2016 01: +0,4.02,101
Mar 10 2016 01: +0,4.057,79
Mar 11 2016 01: +0,4.164,93
Mar 12 2016 01: +0,4.239,112
Mar 13 2016 01: +0,4.226,99
Mar 14 2016 01: +0,4.239,60
Mar 15 2016 01: +0,4.052,43
Mar 16 2016 01: +0,4.283,62
Mar 17 2016 01: +0,4.258,78
Mar 18 2016 01: +0,4.018,128
Mar 19 2016 01: +0,3.707,100
Mar 20 2016 01: +0,3.729,89
Mar 21 2016 01: +0,3.976,61
Mar 22 2016 01: +0,3.783,88
Mar 23 2016 01: +0,3.744,48
Mar 24 2016 01: +0,3.61,57
Mar 25 2016 01: +0,3.402,77
Mar 26 2016 01: +0,3.258,98
Mar 27 2016 01: +0,3.19,87
Mar 28 2016 01: +0,3.166,97
Mar 29 2016 01: +0,3.342,69
Mar 30 2016 01: +0,3.154,98
Mar 31 2016 01: +0,3.2,77
Apr 01 2016 01: +0,3.335,91
Apr 02 2016 01: +0,3.322,84
Apr 03 2016 01: +0,3.041,335
Apr 04 2016 01: +0,3.306,222
Apr 05 2016 01: +0,3.754,90
Apr 06 2016 01: +0,4.225,96
Apr 07 2016 01: +0,3.941,97
Apr 08 2016 01: +0,4.026,138
Apr 09 2016 01: +0,4.305,111
Apr 10 2016 01: +0,4.085,68
Apr 11 2016 01: +0,4.126,58
Apr 12 2016 01: +0,4.1,78
Apr 13 2016 01: +0,3.938,129
Apr 14 2016 01: +0,4.017,58
Apr 15 2016 01: +0,3.719,43
Apr 16 2016 01: +0,3.6,92
Apr 17 2016 01: +0,3.307,43
Apr 18 2016 01: +0,3.341,105
Apr 19 2016 01: +0,3.567,37
Apr 20 2016 01: +0,3.694,84
Apr 21 2016 01: +0,3.647,82
Apr 22 2016 01: +0,4.003,86
Apr 23 2016 01: +0,3.595,69
Apr 24 2016 01: +0,3.212,71
Apr 25 2016 01: +0,3.517,83
Apr 26 2016 01: +0,3.529,29
Apr 27 2016 01: +0,3.285,69
Apr 28 2016 01: +0,3.214,66
Apr 29 2016 01: +0,3.081,96
Apr 30 2016 01: +0,3.315,72
May 01 2016 01: +0,3.333,67
May 02 2016 01: +0,3.166,51
May 03 2016 01: +0,3.001,74
May 04 2016 01: +0,2.898,53
May 05 2016 01: +0,2.873,86
May 06 2016 01: +0,2.805,64
May 07 2016 01: +0,2.888,69
May 08 2016 01: +0,2.936,67
May 09 2016 01: +0,2.893,49
May 10 2016 01: +0,2.928,55
May 11 2016 01: +0,3.275,93
May 12 2016 01: +0,3.231,55
May 13 2016 01: +0,3.43,56
May 14 2016 01: +0,3.313,66
May 15 2016 01: +0,3.418,81
May 16 2016 01: +0,3.581,91
May 17 2016 01: +0,3.679,79
May 18 2016 01: +0,3.645,81
May 19 2016 01: +0,3.788,70
May 20 2016 01: +0,3.984,82
May 21 2016 01: +0,4.774,114
May 22 2016 01: +0,5.019,69
May 23 2016 01: +0,4.863,71
May 24 2016 01: +0,4.926,98
May 25 2016 01: +0,5.616,84
May 26 2016 01: +0,6.992,170
May 27 2016 01: +0,7.631,145
May 28 2016 01: +0,7.163,77
May 29 2016 01: +0,6.727,89
May 30 2016 01: +0,6.052,52
May 31 2016 01: +0,5.824,56
Jun 01 2016 01: +0,5.628,111
Jun 02 2016 01: +0,5.654,66
Jun 03 2016 01: +0,5.905,118
Jun 04 2016 01: +0,5.463,77
Jun 05 2016 01: +0,5.667,77
Jun 06 2016 01: +0,5.693,58
Jun 07 2016 01: +0,5.623,37
Jun 08 2016 01: +0,5.56,58
Jun 09 2016 01: +0,5.104,37
Jun 10 2016 01: +0,5.228,57
Jun 11 2016 01: +0,5.173,47
Jun 12 2016 01: +0,5.381,44
Jun 13 2016 01: +0,5.158,53
Jun 14 2016 01: +0,5.09,47
Jun 15 2016 01: +0,5.024,26
Jun 16 2016 01: +0,4.624,89
Jun 17 2016 01: +0,4.668,59
Jun 18 2016 01: +0,4.683,40
Jun 19 2016 01: +0,4.421,64
Jun 20 2016 01: +0,4.512,116
Jun 21 2016 01: +0,4.248,43
Jun 22 2016 01: +0,4.158,68
Jun 23 2016 01: +0,3.61,57
Jun 24 2016 01: +0,3.855,81
Jun 25 2016 01: +0,3.737,91
Jun 26 2016 01: +0,3.517,67
Jun 27 2016 01: +0,3.569,69
Jun 28 2016 01: +0,3.543,71
Jun 29 2016 01: +0,3.52,65
Jun 30 2016 01: +0,4.047,113
Jul 01 2016 01: +0,3.745,51
Jul 02 2016 01: +0,3.492,63
Jul 03 2016 01: +0,3.748,74
Jul 04 2016 01: +0,3.923,58
Jul 05 2016 01: +0,3.758,56
Jul 06 2016 01: +0,3.965,57
Jul 07 2016 01: +0,4.129,46
Jul 08 2016 01: +0,4.398,37
Jul 09 2016 01: +0,3.881,57
Jul 10 2016 01: +0,3.58,199
Jul 11 2016 01: +0,3.485,59
Jul 12 2016 01: +0,4.159,49
Jul 13 2016 01: +0,4.186,35
Jul 14 2016 01: +0,3.811,69
Jul 15 2016 01: +0,3.779,49
Jul 16 2016 01: +0,3.901,51
Jul 17 2016 01: +0,4.09,45
Jul 18 2016 01: +0,3.797,44
Jul 19 2016 01: +0,3.765,43
Jul 20 2016 01: +0,3.731,36
Jul 21 2016 01: +0,4.844,131
Jul 22 2016 01: +0,4.163,45
Jul 23 2016 01: +0,4.044,38
Jul 24 2016 01: +0,3.724,37
Jul 25 2016 01: +0,3.622,37
Jul 26 2016 01: +0,3.499,25
Jul 27 2016 01: +0,3.38,63
Jul 28 2016 01: +0,3.437,41
Jul 29 2016 01: +0,3.566,51
Jul 30 2016 01: +0,3.742,34
Jul 31 2016 01: +0,3.954,37
Aug 01 2016 01: +0,3.912,38
Aug 02 2016 01: +0,3.691,28
Aug 03 2016 01: +0,3.802,47
Aug 04 2016 01: +0,3.773,51
Aug 05 2016 01: +0,3.759,49
Aug 06 2016 01: +0,3.96,53
Aug 07 2016 01: +0,4.007,32
Aug 08 2016 01: +0,3.789,50
Aug 09 2016 01: +0,3.676,27
Aug 10 2016 01: +0,3.381,30
Aug 11 2016 01: +0,3.367,47
Aug 12 2016 01: +0,3.191,28
Aug 13 2016 01: +0,2.99,48
Aug 14 2016 01: +0,2.941,45
Aug 15 2016 01: +0,3.011,59
Aug 16 2016 01: +0,2.995,28
Aug 17 2016 01: +0,2.839,54
Aug 18 2016 01: +0,2.91,49
Aug 19 2016 01: +0,2.952,59
Aug 20 2016 01: +0,2.928,76
Aug 21 2016 01: +0,2.945,41
Aug 22 2016 01: +0,2.898,51
Aug 23 2016 01: +0,2.827,41
Aug 24 2016 01: +0,2.774,24
Aug 25 2016 01: +0,2.81,50
Aug 26 2016 01: +0,2.821,36
Aug 27 2016 01: +0,2.805,49
Aug 28 2016 01: +0,2.835,46
Aug 29 2016 01: +0,2.802,43
Aug 30 2016 01: +0,2.834,44
Aug 31 2016 01: +0,2.868,25
Sep 01 2016 01: +0,2.797,48
Sep 02 2016 01: +0,2.714,46
Sep 03 2016 01: +0,2.847,44
Sep 04 2016 01: +0,2.853,32
Sep 05 2016 01: +0,2.717,35
Sep 06 2016 01: +0,2.736,39
Sep 07 2016 01: +0,2.605,20
Sep 08 2016 01: +0,2.664,89
Sep 09 2016 01: +0,2.638,59
Sep 10 2016 01: +0,2.648,55
Sep 11 2016 01: +0,2.483,36
Sep 12 2016 01: +0,2.543,42
Sep 13 2016 01: +0,2.657,39
Sep 14 2016 01: +0,2.817,76
Sep 15 2016 01: +0,3.005,44
Sep 16 2016 01: +0,2.965,28
Sep 17 2016 01: +0,2.994,43
Sep 18 2016 01: +0,2.979,36
Sep 19 2016 01: +0,2.847,40
Sep 20 2016 01: +0,2.711,31
Sep 21 2016 01: +0,2.717,26
Sep 22 2016 01: +0,2.695,22
Sep 23 2016 01: +0,2.714,41
Sep 24 2016 01: +0,2.976,48
Sep 25 2016 01: +0,2.869,46
Sep 26 2016 01: +0,2.874,28
Sep 27 2016 01: +0,2.942,31
Sep 28 2016 01: +0,2.808,31
Sep 29 2016 01: +0,2.894,42
Sep 30 2016 01: +0,2.819,31
Oct 01 2016 01: +0,2.631,41
Oct 02 2016 01: +0,2.543,38
Oct 03 2016 01: +0,2.612,62
Oct 04 2016 01: +0,2.838,25
Oct 05 2016 01: +0,2.723,20
Oct 06 2016 01: +0,2.578,38
Oct 07 2016 01: +0,2.456,39
Oct 08 2016 01: +0,2.464,64
Oct 09 2016 01: +0,2.462,40
Oct 10 2016 01: +0,2.415,38
Oct 11 2016 01: +0,2.397,27
Oct 12 2016 01: +0,2.307,31
Oct 13 2016 01: +0,2.444,42
Oct 14 2016 01: +0,2.413,41
Oct 15 2016 01: +0,2.358,40
Oct 16 2016 01: +0,2.356,43
Oct 17 2016 01: +0,2.355,32
Oct 18 2016 01: +0,2.303,34
Oct 19 2016 01: +0,2.236,45
Oct 20 2016 01: +0,2.326,38
Oct 21 2016 01: +0,2.332,34
Oct 22 2016 01: +0,2.244,51
Oct 23 2016 01: +0,2.274,32
Oct 24 2016 01: +0,2.245,36
Oct 25 2016 01: +0,2.223,31
Oct 26 2016 01: +0,2.233,42
Oct 27 2016 01: +0,2.28,46
Oct 28 2016 01: +0,2.223,46
Oct 29 2016 01: +0,2.208,51
Oct 30 2016 01: +0,2.102,55
Oct 31 2016 01: +0,1.968,45
Nov 01 2016 01: +0,2.057,38
Nov 02 2016 01: +0,2.175,39
Nov 03 2016 01: +0,2.117,34
Nov 04 2016 01: +0,2.086,47
Nov 05 2016 01: +0,2.002,61
Nov 06 2016 01: +0,1.991,87
Nov 07 2016 01: +0,1.984,36
Nov 08 2016 01: +0,2.025,46
Nov 09 2016 01: +0,2.097,42
Nov 10 2016 01: +0,2.079,33
Nov 11 2016 01: +0,2.108,43
Nov 12 2016 01: +0,2.074,50
Nov 13 2016 01: +0,2.097,37
Nov 14 2016 01: +0,2.048,39
Nov 15 2016 01: +0,1.979,36
Nov 16 2016 01: +0,1.929,47
Nov 17 2016 01: +0,1.888,52
Nov 18 2016 01: +0,1.913,51
Nov 19 2016 01: +0,1.948,45
Nov 20 2016 01: +0,1.931,44
Nov 21 2016 01: +0,1.941,31
Nov 22 2016 01: +0,1.922,27
Nov 23 2016 01: +0,1.876,39
Nov 24 2016 01: +0,1.803,53
Nov 25 2016 01: +0,1.789,52
Nov 26 2016 01: +0,1.772,55
Nov 27 2016 01: +0,1.855,42
Nov 28 2016 01: +0,1.842,40
Nov 29 2016 01: +0,1.884,38
Nov 30 2016 01: +0,1.932,36
Dec 01 2016 01: +0,1.985,38
Dec 02 2016 01: +0,1.94,38
Dec 03 2016 01: +0,1.953,46
Dec 04 2016 01: +0,1.969,42
Dec 05 2016 01: +0,1.967,39
Dec 06 2016 01: +0,1.952,27
Dec 07 2016 01: +0,1.981,43
Dec 08 2016 01: +0,1.959,44
Dec 09 2016 01: +0,1.997,55
Dec 10 2016 01: +0,1.973,51
Dec 11 2016 01: +0,1.944,36
Dec 12 2016 01: +0,1.987,48
Dec 13 2016 01: +0,1.886,40
Dec 14 2016 01: +0,1.909,28
Dec 15 2016 01: +0,1.902,31
Dec 16 2016 01: +0,1.911,47
Dec 17 2016 01: +0,1.901,43
Dec 18 2016 01: +0,1.827,50
Dec 19 2016 01: +0,1.873,43
Dec 20 2016 01: +0,1.788,36
Dec 21 2016 01: +0,1.898,41
Dec 22 2016 01: +0,1.882,39
Dec 23 2016 01: +0,1.788,83
Dec 24 2016 01: +0,1.831,57
Dec 25 2016 01: +0,1.924,59
Dec 26 2016 01: +0,1.909,85
Dec 27 2016 01: +0,1.828,131
Dec 28 2016 01: +0,1.759,54
Dec 29 2016 01: +0,1.722,70
Dec 30 2016 01: +0,1.766,69
Dec 31 2016 01: +0,1.895,42
Jan 01 2017 01: +0,1.957,57
Jan 02 2017 01: +0,1.894,48
Jan 03 2017 01: +0,1.902,38
Jan 04 2017 01: +0,1.924,33
Jan 05 2017 01: +0,1.959,63
Jan 06 2017 01: +0,1.957,50
Jan 07 2017 01: +0,2.004,61
Jan 08 2017 01: +0,2.022,59
Jan 09 2017 01: +0,2.04,50
Jan 10 2017 01: +0,2.059,46
Jan 11 2017 01: +0,2.08,37
Jan 12 2017 01: +0,2.043,36
Jan 13 2017 01: +0,2.059,51
Jan 14 2017 01: +0,1.987,55
Jan 15 2017 01: +0,2.042,48
Jan 16 2017 01: +0,2.052,51
Jan 17 2017 01: +0,2.081,40
Jan 18 2017 01: +0,2.042,46
Jan 19 2017 01: +0,2.054,29
Jan 20 2017 01: +0,2.111,35
Jan 21 2017 01: +0,2.046,44
Jan 22 2017 01: +0,2.081,49
Jan 23 2017 01: +0,2.118,38
Jan 24 2017 01: +0,2.145,63
Jan 25 2017 01: +0,2.201,46
Jan 26 2017 01: +0,2.21,46
Jan 27 2017 01: +0,2.26,74
Jan 28 2017 01: +0,2.312,52
Jan 29 2017 01: +0,2.217,53
Jan 30 2017 01: +0,2.372,82
Jan 31 2017 01: +0,2.643,44
Feb 01 2017 01: +0,2.495,25
Feb 02 2017 01: +0,2.314,50
Feb 03 2017 01: +0,2.308,52
Feb 04 2017 01: +0,2.346,50
Feb 05 2017 01: +0,2.494,38
Feb 06 2017 01: +0,2.41,41
Feb 07 2017 01: +0,2.508,44
Feb 08 2017 01: +0,2.533,33
Feb 09 2017 01: +0,2.567,28
Feb 10 2017 01: +0,2.562,60
Feb 11 2017 01: +0,2.549,61
Feb 12 2017 01: +0,2.544,58
Feb 13 2017 01: +0,2.542,58
Feb 14 2017 01: +0,2.527,51
Feb 15 2017 01: +0,2.376,35
Feb 16 2017 01: +0,2.368,36
Feb 17 2017 01: +0,2.238,32
Feb 18 2017 01: +0,2.337,121
Feb 19 2017 01: +0,2.528,46
Feb 20 2017 01: +0,2.48,51
Feb 21 2017 01: +0,2.351,22
Feb 22 2017 01: +0,2.232,30
Feb 23 2017 01: +0,2.171,21
Feb 24 2017 01: +0,2.222,57
Feb 25 2017 01: +0,2.304,54
Feb 26 2017 01: +0,2.571,30
Feb 27 2017 01: +0,2.51,36
Feb 28 2017 01: +0,2.609,64
Mar 01 2017 01: +0,2.688,40
Mar 02 2017 01: +0,2.666,34
Mar 03 2017 01: +0,2.667,36
Mar 04 2017 01: +0,2.687,37
Mar 05 2017 01: +0,2.774,51
Mar 06 2017 01: +0,2.785,29
Mar 07 2017 01: +0,2.729,26
Mar 08 2017 01: +0,2.678,37
Mar 09 2017 01: +0,2.552,95
Mar 10 2017 01: +0,2.512,139
Mar 11 2017 01: +0,2.637,24
Mar 12 2017 01: +0,2.604,32
Mar 13 2017 01: +0,2.439,30
Mar 14 2017 01: +0,2.428,56
Mar 15 2017 01: +0,2.502,31
Mar 16 2017 01: +0,2.48,35
Mar 17 2017 01: +0,2.489,53
Mar 18 2017 01: +0,2.535,52
Mar 19 2017 01: +0,2.493,54
Mar 20 2017 01: +0,2.486,46
Mar 21 2017 01: +0,2.463,27
Mar 22 2017 01: +0,2.516,35
Mar 23 2017 01: +0,2.509,41
Mar 24 2017 01: +0,2.346,35
Mar 25 2017 01: +0,2.374,46
Mar 26 2017 01: +0,2.313,32
Mar 27 2017 01: +0,2.288,35
Mar 28 2017 01: +0,2.405,38
Mar 29 2017 01: +0,2.382,36
Mar 30 2017 01: +0,2.26,24
Mar 31 2017 01: +0,2.336,39
Apr 01 2017 01: +0,2.216,52
Apr 02 2017 01: +0,2.088,44
Apr 03 2017 01: +0,2.253,53
Apr 04 2017 01: +0,2.372,33
Apr 05 2017 01: +0,2.23,52
Apr 06 2017 01: +0,2.204,43
Apr 07 2017 01: +0,2.198,50
Apr 08 2017 01: +0,2.156,52
Apr 09 2017 01: +0,2.156,28
Apr 10 2017 01: +0,2.087,53
Apr 11 2017 01: +0,2.104,55
Apr 12 2017 01: +0,2.072,48
Apr 13 2017 01: +0,2.139,50
Apr 14 2017 01: +0,2.096,45
Apr 15 2017 01: +0,2.104,59
Apr 16 2017 01: +0,2.132,63
Apr 17 2017 01: +0,2.237,61
Apr 18 2017 01: +0,2.337,30
Apr 19 2017 01: +0,2.378,33
Apr 20 2017 01: +0,2.205,41
Apr 21 2017 01: +0,2.25,49
Apr 22 2017 01: +0,2.207,27
Apr 23 2017 01: +0,2.311,79
Apr 24 2017 01: +0,2.382,53
Apr 25 2017 01: +0,2.359,30
Apr 26 2017 01: +0,2.424,31
Apr 27 2017 01: +0,2.359,22
Apr 28 2017 01: +0,2.389,44
Apr 29 2017 01: +0,2.433,44
Apr 30 2017 01: +0,2.315,35
May 01 2017 01: +0,2.322,50
May 02 2017 01: +0,2.295,38
May 03 2017 01: +0,2.432,47
May 04 2017 01: +0,2.466,26
May 05 2017 01: +0,2.366,46
May 06 2017 01: +0,2.435,49
May 07 2017 01: +0,2.422,33
May 08 2017 01: +0,2.379,38
May 09 2017 01: +0,2.418,41
May 10 2017 01: +0,2.411,26
May 11 2017 01: +0,2.373,29
May 12 2017 01: +0,2.35,59
May 13 2017 01: +0,2.449,31
May 14 2017 01: +0,2.375,31
May 15 2017 01: +0,2.301,54
May 16 2017 01: +0,2.358,28
May 17 2017 01: +0,2.458,37
May 18 2017 01: +0,2.393,32
May 19 2017 01: +0,2.354,26
May 20 2017 01: +0,2.414,36
May 21 2017 01: +0,2.375,34
May 22 2017 01: +0,2.379,30
May 23 2017 01: +0,2.378,24
May 24 2017 01: +0,2.178,87
May 25 2017 01: +0,2.377,30
May 26 2017 01: +0,2.384,34
May 27 2017 01: +0,2.387,41
May 28 2017 01: +0,2.392,28
May 29 2017 01: +0,2.416,47
May 30 2017 01: +0,2.405,21
May 31 2017 01: +0,2.435,21
Jun 01 2017 01: +0,2.422,36
Jun 02 2017 01: +0,2.417,22
Jun 03 2017 01: +0,2.452,40
Jun 04 2017 01: +0,2.309,30
Jun 05 2017 01: +0,2.453,46
Jun 06 2017 01: +0,2.435,43
Jun 07 2017 01: +0,2.53,26
Jun 08 2017 01: +0,2.449,21
Jun 09 2017 01: +0,2.425,31
Jun 10 2017 01: +0,2.4,23
Jun 11 2017 01: +0,2.453,23
Jun 12 2017 01: +0,2.465,30
Jun 13 2017 01: +0,2.436,21
Jun 14 2017 01: +0,2.491,33
Jun 15 2017 01: +0,2.425,24
Jun 16 2017 01: +0,2.496,35
Jun 17 2017 01: +0,2.477,29
Jun 18 2017 01: +0,2.506,26
Jun 19 2017 01: +0,2.468,32
Jun 20 2017 01: +0,2.426,28
Jun 21 2017 01: +0,2.343,22
Jun 22 2017 01: +0,2.367,35
Jun 23 2017 01: +0,2.133,39
Jun 24 2017 01: +0,2.135,36
Jun 25 2017 01: +0,2.156,43
Jun 26 2017 01: +0,2.338,60
Jun 27 2017 01: +0,2.497,70
Jun 28 2017 01: +0,2.448,36
Jun 29 2017 01: +0,2.435,15
Jun 30 2017 01: +0,2.561,107
Jul 01 2017 01: +0,2.679,60
Jul 02 2017 01: +0,2.603,36
Jul 03 2017 01: +0,2.501,73
Jul 04 2017 01: +0,2.533,185
Jul 05 2017 01: +0,2.615,58
Jul 06 2017 01: +0,2.752,149
Jul 07 2017 01: +0,2.946,132
Jul 08 2017 01: +0,2.871,57
Jul 09 2017 01: +0,2.869,33
Jul 10 2017 01: +0,2.909,86
Jul 11 2017 01: +0,3.001,34
Jul 12 2017 01: +0,3.393,62
Jul 13 2017 01: +0,2.837,7
Jul 14 2017 01: +0,2.837,22
Jul 15 2017 01: +0,2.787,46
Jul 16 2017 01: +0,2.982,31
Jul 17 2017 01: +0,3.108,18
Jul 18 2017 01: +0,2.976,25
Jul 19 2017 01: +0,2.958,31
Jul 20 2017 01: +0,2.835,31
Jul 21 2017 01: +0,3.145,16
Jul 22 2017 01: +0,3.189,57
Jul 23 2017 01: +0,3.037,55
Jul 24 2017 01: +0,2.888,47
Jul 25 2017 01: +0,2.819,31
Jul 26 2017 01: +0,2.868,9
Jul 27 2017 01: +0,2.87,21
Jul 28 2017 01: +0,2.942,27
Jul 29 2017 01: +0,2.973,119
Jul 30 2017 01: +0,3.675,28
Jul 31 2017 01: +0,4.016,62
Aug 01 2017 01: +0,4.702,87
Aug 02 2017 01: +0,4.894,89
Aug 03 2017 01: +0,5.431,87
Aug 04 2017 01: +0,5.735,101
Aug 05 2017 01: +0,5.662,112
Aug 06 2017 01: +0,4.716,39
Aug 07 2017 01: +0,4.429,28
Aug 08 2017 01: +0,4.333,26
Aug 09 2017 01: +0,4.047,24
Aug 10 2017 01: +0,3.87,19
Aug 11 2017 01: +0,3.889,25
Aug 12 2017 01: +0,3.84,23
Aug 13 2017 01: +0,3.511,33
Aug 14 2017 01: +0,3.236,78
Aug 15 2017 01: +0,3.202,26
Aug 16 2017 01: +0,3.176,42
Aug 17 2017 01: +0,3.145,61
Aug 18 2017 01: +0,3.117,103
Aug 19 2017 01: +0,2.989,33
Aug 20 2017 01: +0,2.993,52
Aug 21 2017 01: +0,2.885,33
Aug 22 2017 01: +0,2.754,51
Aug 23 2017 01: +0,2.789,26
Aug 24 2017 01: +0,2.867,25
Aug 25 2017 01: +0,2.741,17
Aug 26 2017 01: +0,2.849,31
Aug 27 2017 01: +0,2.813,20
Aug 28 2017 01: +0,2.821,15
Aug 29 2017 01: +0,2.89,33
Aug 30 2017 01: +0,2.731,23
Aug 31 2017 01: +0,2.887,25
Sep 01 2017 01: +0,2.959,14
Sep 02 2017 01: +0,2.997,31
Sep 03 2017 01: +0,2.876,27
Sep 04 2017 01: +0,2.911,14
Sep 05 2017 01: +0,2.873,17
Sep 06 2017 01: +0,2.882,12
Sep 07 2017 01: +0,2.998,23
Sep 08 2017 01: +0,3.044,11
Sep 09 2017 01: +0,2.967,7
Sep 10 2017 01: +0,3.002,17
Sep 11 2017 01: +0,3.061,19
Sep 12 2017 01: +0,2.905,24
Sep 13 2017 01: +0,2.878,11
Sep 14 2017 01: +0,2.985,18
Sep 15 2017 01: +0,2.931,15
Sep 16 2017 01: +0,2.991,31
Sep 17 2017 01: +0,3.039,22
Sep 18 2017 01: +0,2.996,19
Sep 19 2017 01: +0,2.958,26
Sep 20 2017 01: +0,3.043,14
Sep 21 2017 01: +0,3.061,20
Sep 22 2017 01: +0,3.051,43
Sep 23 2017 01: +0,2.994,15
Sep 24 2017 01: +0,3.006,29
Sep 25 2017 01: +0,2.964,11
Sep 26 2017 01: +0,2.754,31
Sep 27 2017 01: +0,3.046,24
Sep 28 2017 01: +0,2.96,14
Sep 29 2017 01: +0,2.878,16
Sep 30 2017 01: +0,2.807,21
Oct 01 2017 01: +0,2.817,38
Oct 02 2017 01: +0,2.803,18
Oct 03 2017 01: +0,2.72,17
Oct 04 2017 01: +0,2.814,17
Oct 05 2017 01: +0,2.852,9
Oct 06 2017 01: +0,2.755,17
Oct 07 2017 01: +0,2.824,27
Oct 08 2017 01: +0,2.731,18
Oct 09 2017 01: +0,2.78,17
Oct 10 2017 01: +0,2.825,14
Oct 11 2017 01: +0,2.777,18
Oct 12 2017 01: +0,2.799,22
Oct 13 2017 01: +0,2.827,27
Oct 14 2017 01: +0,2.934,24
Oct 15 2017 01: +0,2.928,29
Oct 16 2017 01: +0,2.882,15
Oct 17 2017 01: +0,2.993,18
Oct 18 2017 01: +0,3.007,19
Oct 19 2017 01: +0,2.967,13
Oct 20 2017 01: +0,3.091,33
Oct 21 2017 01: +0,3.045,16
Oct 22 2017 01: +0,3.137,22
Oct 23 2017 01: +0,2.891,17
Oct 24 2017 01: +0,3.063,21
Oct 25 2017 01: +0,3.15,7
Oct 26 2017 01: +0,2.999,13
Oct 27 2017 01: +0,3.15,32
Oct 28 2017 01: +0,3.047,10
Oct 29 2017 01: +0,2.936,14
Oct 30 2017 01: +0,2.848,16
Oct 31 2017 01: +0,2.943,8
Nov 01 2017 01: +0,2.908,11
Nov 02 2017 01: +0,2.923,14
Nov 03 2017 01: +0,3.035,19
Nov 04 2017 01: +0,3.092,26
Nov 05 2017 01: +0,3.067,19
Nov 06 2017 01: +0,3.134,22
Nov 07 2017 01: +0,3.071,17
Nov 08 2017 01: +0,2.983,34
Nov 09 2017 01: +0,2.986,22
Nov 10 2017 01: +0,2.978,9
Nov 11 2017 01: +0,2.876,23
Nov 12 2017 01: +0,2.875,13
Nov 13 2017 01: +0,3.004,10
Nov 14 2017 01: +0,2.812,9
Nov 15 2017 01: +0,2.814,10
Nov 16 2017 01: +0,2.871,16
Nov 17 2017 01: +0,2.803,15
Nov 18 2017 01: +0,2.816,27
Nov 19 2017 01: +0,2.832,6
Nov 20 2017 01: +0,2.777,14
Nov 21 2017 01: +0,2.791,12
Nov 22 2017 01: +0,2.835,17
Nov 23 2017 01: +0,2.666,9
Nov 24 2017 01: +0,2.617,31
Nov 25 2017 01: +0,2.668,16
Nov 26 2017 01: +0,2.804,12
Nov 27 2017 01: +0,2.593,10
Nov 28 2017 01: +0,2.492,10
Nov 29 2017 01: +0,2.696,18
Nov 30 2017 01: +0,2.772,4
Dec 01 2017 01: +0,2.872,15
Dec 02 2017 01: +0,2.997,27
Dec 03 2017 01: +0,2.76,18
Dec 04 2017 01: +0,2.778,21
Dec 05 2017 01: +0,2.86,16
Dec 06 2017 01: +0,2.996,22
Dec 07 2017 01: +0,2.814,20
Dec 08 2017 01: +0,2.806,10
Dec 09 2017 01: +0,2.764,11
Dec 10 2017 01: +0,2.637,13
Dec 11 2017 01: +0,2.621,11
Dec 12 2017 01: +0,2.659,14
Dec 13 2017 01: +0,2.615,10
Dec 14 2017 01: +0,2.659,7
Dec 15 2017 01: +0,2.689,14
Dec 16 2017 01: +0,2.741,8
Dec 17 2017 01: +0,2.733,15
Dec 18 2017 01: +0,2.776,4
Dec 19 2017 01: +0,2.674,6
Dec 20 2017 01: +0,2.766,16
Dec 21 2017 01: +0,2.378,67
Dec 22 2017 01: +0,2.157,115
Dec 23 2017 01: +0,2.126,7
Dec 24 2017 01: +0,2.133,22
Dec 25 2017 01: +0,2.164,46
Dec 26 2017 01: +0,2.236,17
Dec 27 2017 01: +0,2.411,40
Dec 28 2017 01: +0,2.416,17
Dec 29 2017 01: +0,2.465,21
Dec 30 2017 01: +0,2.475,33
Dec 31 2017 01: +0,2.313,25
Jan 01 2018 01: +0,2.405,26
Jan 02 2018 01: +0,2.299,25
Jan 03 2018 01: +0,2.391,27
Jan 04 2018 01: +0,2.282,9
Jan 05 2018 01: +0,2.391,27
Jan 06 2018 01: +0,2.502,20
Jan 07 2018 01: +0,2.505,22
Jan 08 2018 01: +0,2.62,25
Jan 09 2018 01: +0,2.811,15
Jan 10 2018 01: +0,2.755,13
Jan 11 2018 01: +0,2.821,13
Jan 12 2018 01: +0,2.705,27
Jan 13 2018 01: +0,2.585,17
Jan 14 2018 01: +0,2.614,16
Jan 15 2018 01: +0,2.733,27
Jan 16 2018 01: +0,2.712,13
Jan 17 2018 01: +0,2.635,21
Jan 18 2018 01: +0,2.8,20
Jan 19 2018 01: +0,2.7,14
Jan 20 2018 01: +0,2.768,21
Jan 21 2018 01: +0,2.742,26
Jan 22 2018 01: +0,2.759,6
Jan 23 2018 01: +0,2.692,26
Jan 24 2018 01: +0,2.75,25
Jan 25 2018 01: +0,2.76,20
Jan 26 2018 01: +0,2.764,8
Jan 27 2018 01: +0,2.523,9
Jan 28 2018 01: +0,2.51,25
Jan 29 2018 01: +0,2.574,14
Jan 30 2018 01: +0,2.694,18
Jan 31 2018 01: +0,2.758,11
Feb 01 2018 01: +0,2.82,18
Feb 02 2018 01: +0,2.856,15
Feb 03 2018 01: +0,2.785,15
Feb 04 2018 01: +0,2.719,13
Feb 05 2018 01: +0,2.743,13
Feb 06 2018 01: +0,2.646,9
Feb 07 2018 01: +0,2.75,13
Feb 08 2018 01: +0,2.696,11
Feb 09 2018 01: +0,2.621,22
Feb 10 2018 01: +0,2.771,20
Feb 11 2018 01: +0,2.794,27
Feb 12 2018 01: +0,2.777,10
Feb 13 2018 01: +0,2.669,14
Feb 14 2018 01: +0,2.817,15
Feb 15 2018 01: +0,2.805,16
Feb 16 2018 01: +0,2.827,16
Feb 17 2018 01: +0,2.807,19
Feb 18 2018 01: +0,2.816,31
Feb 19 2018 01: +0,2.587,19
Feb 20 2018 01: +0,2.739,14
Feb 21 2018 01: +0,2.66,10
Feb 22 2018 01: +0,2.582,17
Feb 23 2018 01: +0,2.555,21
Feb 24 2018 01: +0,2.828,22
Feb 25 2018 01: +0,2.783,26
Feb 26 2018 01: +0,2.716,18
Feb 27 2018 01: +0,2.613,64
Feb 28 2018 01: +0,2.652,20
Mar 01 2018 01: +0,2.712,32
Mar 02 2018 01: +0,3.098,49
Mar 03 2018 01: +0,3.183,18
Mar 04 2018 01: +0,3.176,15
Mar 05 2018 01: +0,3.268,21
Mar 06 2018 01: +0,3.429,23
Mar 07 2018 01: +0,3.512,10
Mar 08 2018 01: +0,3.519,10
Mar 09 2018 01: +0,3.6,9
Mar 10 2018 01: +0,3.329,15
Mar 11 2018 01: +0,3.556,20
Mar 12 2018 01: +0,3.581,14
Mar 13 2018 01: +0,3.765,12
Mar 14 2018 01: +0,3.662,8
Mar 15 2018 01: +0,3.954,5
Mar 16 2018 01: +0,3.913,20
Mar 17 2018 01: +0,3.796,21
Mar 18 2018 01: +0,3.926,14
Mar 19 2018 01: +0,4.004,4
Mar 20 2018 01: +0,4.039,15
Mar 21 2018 01: +0,3.812,4
Mar 22 2018 01: +0,3.734,17
Mar 23 2018 01: +0,3.863,7
Mar 24 2018 01: +0,3.688,17
Mar 25 2018 01: +0,3.754,5
Mar 26 2018 01: +0,3.958,7
Mar 27 2018 01: +0,3.413,3
Mar 28 2018 01: +0,3.739,13
Mar 29 2018 01: +0,3.763,8
Mar 30 2018 01: +0,3.621,26
Mar 31 2018 01: +0,3.456,42
Apr 01 2018 01: +0,3.119,25
Apr 02 2018 01: +0,3.087,27
Apr 03 2018 01: +0,3.096,20
Apr 04 2018 01: +0,3.327,49
Apr 05 2018 01: +0,3.559,13
Apr 06 2018 01: +0,3.582,12
Apr 07 2018 01: +0,3.564,9
Apr 08 2018 01: +0,3.439,30
Apr 09 2018 01: +0,3.632,17
Apr 10 2018 01: +0,3.481,21
Apr 11 2018 01: +0,3.673,11
Apr 12 2018 01: +0,3.722,9
Apr 13 2018 01: +0,3.657,17
Apr 14 2018 01: +0,3.665,35
Apr 15 2018 01: +0,3.62,16
Apr 16 2018 01: +0,3.617,17
Apr 17 2018 01: +0,3.567,7
Apr 18 2018 01: +0,3.61,18
Apr 19 2018 01: +0,3.668,8
Apr 20 2018 01: +0,3.735,23
Apr 21 2018 01: +0,3.677,13
Apr 22 2018 01: +0,3.751,22
Apr 23 2018 01: +0,3.864,20
Apr 24 2018 01: +0,3.831,17
Apr 25 2018 01: +0,4.032,9
Apr 26 2018 01: +0,4.135,10
Apr 27 2018 01: +0,4.146,16
Apr 28 2018 01: +0,4.165,8
Apr 29 2018 01: +0,4.111,16
Apr 30 2018 01: +0,3.988,7
May 01 2018 01: +0,4.172,11
May 02 2018 01: +0,3.985,8
May 03 2018 01: +0,4.061,10
May 04 2018 01: +0,4.173,16
May 05 2018 01: +0,4.03,14
May 06 2018 01: +0,4.043,13
May 07 2018 01: +0,4.09,11
May 08 2018 01: +0,4.016,10
May 09 2018 01: +0,3.88,10
May 10 2018 01: +0,3.907,6
May 11 2018 01: +0,4.006,11
May 12 2018 01: +0,3.884,7
May 13 2018 01: +0,3.857,17
May 14 2018 01: +0,4.085,11
May 15 2018 01: +0,4.024,10
May 16 2018 01: +0,4.062,10
May 17 2018 01: +0,3.831,17
May 18 2018 01: +0,3.812,9
May 19 2018 01: +0,3.843,6
May 20 2018 01: +0,3.893,13
May 21 2018 01: +0,3.844,12
May 22 2018 01: +0,3.903,23
May 23 2018 01: +0,4.008,17
May 24 2018 01: +0,3.947,11
May 25 2018 01: +0,3.912,11
May 26 2018 01: +0,3.771,11
May 27 2018 01: +0,3.668,10
May 28 2018 01: +0,3.74,11
May 29 2018 01: +0,3.694,10
May 30 2018 01: +0,3.692,22
May 31 2018 01: +0,3.75,6
Jun 01 2018 01: +0,3.782,3
Jun 02 2018 01: +0,3.537,71
Jun 03 2018 01: +0,3.701,8
Jun 04 2018 01: +0,3.528,12
Jun 05 2018 01: +0,3.564,9
Jun 06 2018 01: +0,3.574,5
Jun 07 2018 01: +0,3.705,14
Jun 08 2018 01: +0,3.528,12
Jun 09 2018 01: +0,3.45,21
Jun 10 2018 01: +0,3.699,4
Jun 11 2018 01: +0,3.331,11
Jun 12 2018 01: +0,3.219,14
Jun 13 2018 01: +0,3.153,7
Jun 14 2018 01: +0,3.24,15
Jun 15 2018 01: +0,3.134,20
Jun 16 2018 01: +0,3.33,8
Jun 17 2018 01: +0,3.27,19
Jun 18 2018 01: +0,3.235,12
Jun 19 2018 01: +0,3.238,31
Jun 20 2018 01: +0,3.197,49
Jun 21 2018 01: +0,3.222,30
Jun 22 2018 01: +0,3.183,28
Jun 23 2018 01: +0,3.151,17
Jun 24 2018 01: +0,3.097,21
Jun 25 2018 01: +0,2.981,27
Jun 26 2018 01: +0,2.95,3
Jun 27 2018 01: +0,3.01,11
Jun 28 2018 01: +0,3.093,20
Jun 29 2018 01: +0,3.081,11
Jun 30 2018 01: +0,3.007,16
Jul 01 2018 01: +0,3.05,10
Jul 02 2018 01: +0,3.101,18
Jul 03 2018 01: +0,3.113,33
Jul 04 2018 01: +0,3.108,12
Jul 05 2018 01: +0,3.13,20
Jul 06 2018 01: +0,3.157,22
Jul 07 2018 01: +0,3.087,14
Jul 08 2018 01: +0,3.172,32
Jul 09 2018 01: +0,3.167,19
Jul 10 2018 01: +0,3.135,23
Jul 11 2018 01: +0,3.119,55
Jul 12 2018 01: +0,3.077,15
Jul 13 2018 01: +0,3.145,40
Jul 14 2018 01: +0,3.169,38
Jul 15 2018 01: +0,3.151,30
Jul 16 2018 01: +0,3.154,14
Jul 17 2018 01: +0,3.069,18
Jul 18 2018 01: +0,3.155,16
Jul 19 2018 01: +0,3.143,17
Jul 20 2018 01: +0,3.157,14
Jul 21 2018 01: +0,3.06,19
Jul 22 2018 01: +0,3.088,17
Jul 23 2018 01: +0,3.154,20
Jul 24 2018 01: +0,3.107,11
Jul 25 2018 01: +0,3.055,23
Jul 26 2018 01: +0,3.038,33
Jul 27 2018 01: +0,3.141,25
Jul 28 2018 01: +0,3.114,17
Jul 29 2018 01: +0,3.145,11
Jul 30 2018 01: +0,3.165,26
Jul 31 2018 01: +0,3.104,16
Aug 01 2018 01: +0,3.148,19
Aug 02 2018 01: +0,3.127,14
Aug 03 2018 01: +0,3.171,11
Aug 04 2018 01: +0,3.102,9
Aug 05 2018 01: +0,3.185,19
Aug 06 2018 01: +0,3.192,10
Aug 07 2018 01: +0,3.095,13
Aug 08 2018 01: +0,3.08,16
Aug 09 2018 01: +0,3.092,22
Aug 10 2018 01: +0,3.061,15
Aug 11 2018 01: +0,2.954,10
Aug 12 2018 01: +0,2.956,26
Aug 13 2018 01: +0,3.039,15
Aug 14 2018 01: +0,3.172,18
Aug 15 2018 01: +0,3.06,14
Aug 16 2018 01: +0,3.059,16
Aug 17 2018 01: +0,3.174,28
Aug 18 2018 01: +0,3.009,10
Aug 19 2018 01: +0,3.177,22
Aug 20 2018 01: +0,3.08,7
Aug 21 2018 01: +0,3.126,19
Aug 22 2018 01: +0,3.106,12
Aug 23 2018 01: +0,2.973,21
Aug 24 2018 01: +0,3.089,16
Aug 25 2018 01: +0,3.127,10
Aug 26 2018 01: +0,3.113,13
Aug 27 2018 01: +0,3.077,14
Aug 28 2018 01: +0,3.174,23
Aug 29 2018 01: +0,3.183,33
Aug 30 2018 01: +0,3.157,20
Aug 31 2018 01: +0,3.095,12
Sep 01 2018 01: +0,3.174,22
Sep 02 2018 01: +0,3.16,16
Sep 03 2018 01: +0,3.144,19
Sep 04 2018 01: +0,3.133,12
Sep 05 2018 01: +0,3.12,20
Sep 06 2018 01: +0,3.08,37
Sep 07 2018 01: +0,3.065,15
Sep 08 2018 01: +0,3.089,16
Sep 09 2018 01: +0,3.127,22
Sep 10 2018 01: +0,3.093,14
Sep 11 2018 01: +0,3.053,24
Sep 12 2018 01: +0,3.192,36
Sep 13 2018 01: +0,3.231,10
Sep 14 2018 01: +0,3.31,19
Sep 15 2018 01: +0,3.351,12
Sep 16 2018 01: +0,3.368,11
Sep 17 2018 01: +0,3.519,23
Sep 18 2018 01: +0,3.586,8
Sep 19 2018 01: +0,3.54,7
Sep 20 2018 01: +0,3.525,5
Sep 21 2018 01: +0,3.556,14
Sep 22 2018 01: +0,3.404,22
Sep 23 2018 01: +0,3.212,27
Sep 24 2018 01: +0,3.37,18
Sep 25 2018 01: +0,3.515,12
Sep 26 2018 01: +0,3.481,15
Sep 27 2018 01: +0,3.611,23
Sep 28 2018 01: +0,3.655,14
Sep 29 2018 01: +0,3.568,6
Sep 30 2018 01: +0,3.629,15
Oct 01 2018 01: +0,3.678,21
Oct 02 2018 01: +0,3.749,35
Oct 03 2018 01: +0,3.736,2
Oct 03 2018 08: +0,3.676,1
Oct 03 2018 12: +0,3.335,2
Oct 03 2018 13: +0,3.458,1
Oct 03 2018 16: +0,3.749,2
Oct 03 2018 19: +0,3.572,36
Oct 03 2018 20: +0,3.757,3
Oct 03 2018 21: +0,3.782,1
Oct 04 2018 00: +0,3.792,1
Oct 04 2018 03: +0,3.74,1
Oct 04 2018 06: +0,3.795,4
Oct 04 2018 09: +0,3.646,1
Oct 04 2018 11: +0,3.759,1
Oct 04 2018 12: +0,3.795,1
Oct 04 2018 13: +0,3.449,1
Oct 04 2018 17: +0,3.793,2
Oct 04 2018 21: +0,3.8,6
Oct 04 2018 22: +0,3.649,1
Oct 04 2018 23: +0,3.83,1
Oct 05 2018 01: +0,3.843,2
Oct 05 2018 03: +0,3.867,2
Oct 05 2018 10: +0,3.524,1
Oct 05 2018 12: +0,3.674,2
Oct 05 2018 14: +0,3.698,41
Oct 05 2018 15: +0,3.858,3
Oct 05 2018 17: +0,3.038,1
Oct 05 2018 20: +0,3.812,3
Oct 06 2018 07: +0,3.829,1
Oct 06 2018 09: +0,3.829,1
Oct 06 2018 12: +0,3.829,2
Oct 06 2018 13: +0,3.829,4
Oct 06 2018 15: +0,3.813,4
Oct 06 2018 16: +0,3.813,1
Oct 06 2018 20: +0,3.797,1
Oct 06 2018 22: +0,3.82,4
Oct 07 2018 04: +0,3.82,1
Oct 07 2018 06: +0,3.574,4
Oct 07 2018 07: +0,3.819,1
Oct 07 2018 13: +0,3.775,2
Oct 07 2018 14: +0,3.618,1
Oct 07 2018 15: +0,3.704,2
Oct 07 2018 20: +0,3.772,1
Oct 07 2018 21: +0,3.7,2
Oct 07 2018 22: +0,3.646,1
Oct 08 2018 05: +0,3.698,4
Oct 08 2018 15: +0,3.71,1
Oct 08 2018 16: +0,3.71,1
Oct 08 2018 20: +0,3.71,7
Oct 09 2018 02: +0,3.7,1
Oct 09 2018 05: +0,3.7,1
Oct 09 2018 06: +0,3.698,3
Oct 09 2018 08: +0,3.71,2
Oct 09 2018 10: +0,3.698,46
Oct 09 2018 11: +0,3.77,2
Oct 09 2018 13: +0,3.781,4
Oct 09 2018 15: +0,3.708,17
Oct 09 2018 17: +0,3.779,1
Oct 09 2018 18: +0,3.703,2
Oct 09 2018 19: +0,3.727,2
Oct 09 2018 22: +0,3.617,1
Oct 10 2018 00: +0,3.803,1
Oct 10 2018 02: +0,3.79,1
Oct 10 2018 15: +0,3.493,1
Oct 10 2018 16: +0,3.655,2
Oct 10 2018 17: +0,3.803,4
Oct 10 2018 18: +0,3.837,4
Oct 10 2018 19: +0,3.843,1
Oct 10 2018 20: +0,3.825,1
Oct 10 2018 22: +0,3.846,1
Oct 10 2018 23: +0,3.844,1
Oct 11 2018 12: +0,3.629,1
Oct 11 2018 15: +0,3.844,1
Oct 11 2018 20: +0,3.335,1
Oct 11 2018 23: +0,3.76,1
Oct 12 2018 02: +0,3.856,1
Oct 12 2018 20: +0,3.693,2
Oct 12 2018 21: +0,3.815,1
Oct 12 2018 22: +0,3.852,1
Oct 13 2018 02: +0,3.851,4
Oct 13 2018 09: +0,3.87,1
Oct 13 2018 14: +0,3.545,3
Oct 13 2018 22: +0,3.86,2
Oct 14 2018 01: +0,3.555,1
Oct 14 2018 05: +0,3.658,2
Oct 14 2018 06: +0,3.87,2
Oct 14 2018 07: +0,3.61,3
Oct 14 2018 08: +0,3.61,3
Oct 14 2018 09: +0,3.869,2
Oct 14 2018 12: +0,3.869,1
Oct 14 2018 13: +0,3.857,1
Oct 14 2018 14: +0,3.87,6
Oct 14 2018 19: +0,3.869,1
Oct 15 2018 09: +0,3.705,1
Oct 15 2018 10: +0,3.759,1
Oct 15 2018 14: +0,3.768,1
Oct 15 2018 16: +0,3.87,2
Oct 15 2018 19: +0,3.86,3
Oct 15 2018 22: +0,3.85,1
Oct 16 2018 13: +0,3.839,1
Oct 16 2018 18: +0,3.81,1
Oct 16 2018 19: +0,3.82,1
Oct 16 2018 21: +0,3.629,1
Oct 16 2018 23: +0,3.805,1
Oct 17 2018 00: +0,3.623,1
Oct 17 2018 07: +0,3.81,1
Oct 17 2018 08: +0,3.817,4
Oct 17 2018 15: +0,3.776,1
Oct 17 2018 21: +0,3.792,1
Oct 18 2018 03: +0,3.766,2
Oct 18 2018 11: +0,3.791,2
Oct 18 2018 12: +0,3.824,2
Oct 18 2018 14: +0,3.832,2
Oct 18 2018 16: +0,3.729,2
Oct 18 2018 17: +0,3.815,1
Oct 18 2018 18: +0,3.83,2
Oct 18 2018 19: +0,3.831,2
Oct 19 2018 02: +0,3.81,3
Oct 19 2018 06: +0,3.857,1
Oct 19 2018 13: +0,3.791,1
Oct 19 2018 15: +0,3.857,6
Oct 19 2018 17: +0,3.854,1
Oct 19 2018 18: +0,3.853,2
Oct 19 2018 19: +0,3.857,3
Oct 19 2018 20: +0,3.842,4
Oct 19 2018 21: +0,3.837,3
Oct 19 2018 23: +0,3.84,2
Oct 20 2018 08: +0,3.859,1
Oct 20 2018 12: +0,3.75,1
Oct 20 2018 13: +0,3.848,3
Oct 20 2018 16: +0,3.771,1
Oct 20 2018 17: +0,3.793,1
Oct 20 2018 18: +0,3.808,2
Oct 20 2018 20: +0,3.765,2
Oct 20 2018 21: +0,3.734,5
Oct 20 2018 22: +0,3.848,1
Oct 20 2018 23: +0,3.734,1
Oct 21 2018 04: +0,3.672,1
Oct 21 2018 07: +0,3.696,32
Oct 21 2018 08: +0,3.886,4
Oct 21 2018 12: +0,3.951,1
Oct 21 2018 16: +0,3.68,1
Oct 21 2018 23: +0,3.912,1
Oct 22 2018 03: +0,3.95,3
Oct 22 2018 08: +0,3.87,1
Oct 22 2018 11: +0,3.917,2
Oct 22 2018 19: +0,3.719,1
Oct 23 2018 03: +0,3.955,7
Oct 23 2018 04: +0,3.955,2
Oct 23 2018 14: +0,3.955,1
Oct 23 2018 16: +0,3.958,1
Oct 23 2018 17: +0,3.956,1
Oct 23 2018 22: +0,3.944,2
Oct 23 2018 23: +0,3.949,1
Oct 24 2018 00: +0,3.952,2
Oct 24 2018 02: +0,3.95,1
Oct 24 2018 07: +0,3.954,3
Oct 24 2018 11: +0,3.438,1
Oct 24 2018 13: +0,3.559,1
Oct 24 2018 15: +0,3.815,2
Oct 24 2018 17: +0,3.954,1
Oct 24 2018 18: +0,3.954,1
Oct 24 2018 19: +0,3.965,1
Oct 24 2018 20: +0,3.677,3
Oct 25 2018 10: +0,3.87,1
Oct 25 2018 12: +0,3.93,1
Oct 25 2018 18: +0,3.933,1
Oct 26 2018 00: +0,3.951,1
Oct 26 2018 01: +0,3.949,1
Oct 26 2018 02: +0,3.949,1
Oct 26 2018 07: +0,3.955,4
Oct 26 2018 10: +0,3.957,1
Oct 26 2018 16: +0,3.955,2
Oct 26 2018 23: +0,3.64,1
Oct 27 2018 03: +0,3.939,2
Oct 27 2018 05: +0,3.594,1
Oct 27 2018 06: +0,3.939,1
Oct 27 2018 08: +0,3.398,3
Oct 27 2018 09: +0,3.868,1
Oct 27 2018 11: +0,3.873,1
Oct 27 2018 13: +0,3.383,1
Oct 27 2018 17: +0,3.891,2
Oct 28 2018 01: +0,3.406,1
Oct 28 2018 02: +0,3.899,1
Oct 28 2018 13: +0,3.898,1
Oct 28 2018 14: +0,3.493,1
Oct 28 2018 16: +0,3.477,1
Oct 28 2018 18: +0,3.495,2
Oct 28 2018 20: +0,3.516,1
Oct 29 2018 01: +0,3.522,3
Oct 29 2018 02: +0,3.45,14
Oct 29 2018 06: +0,3.413,4
Oct 29 2018 15: +0,3.709,1
Oct 29 2018 18: +0,3.578,1
Oct 29 2018 19: +0,3.72,1
Oct 29 2018 20: +0,3.777,2
Oct 29 2018 22: +0,3.942,1
Oct 30 2018 08: +0,3.449,2
Oct 30 2018 10: +0,3.588,1
Oct 30 2018 14: +0,3.726,1
Oct 30 2018 17: +0,3.738,1
Oct 31 2018 03: +0,3.593,2
Oct 31 2018 04: +0,3.7,1
Oct 31 2018 10: +0,3.79,2
Oct 31 2018 15: +0,3.88,1
Oct 31 2018 19: +0,3.898,2
Oct 31 2018 22: +0,3.894,1
Nov 01 2018 00: +0,3.911,1
Nov 01 2018 04: +0,3.901,1
Nov 01 2018 06: +0,3.902,1
Nov 01 2018 12: +0,3.493,1
Nov 01 2018 19: +0,3.558,1
Nov 02 2018 00: +0,3.769,1
Nov 02 2018 04: +0,3.77,1
Nov 02 2018 11: +0,3.824,7
Nov 02 2018 14: +0,3.78,1
Nov 02 2018 23: +0,3.82,1
Nov 03 2018 01: +0,3.828,1
Nov 03 2018 02: +0,3.632,1
Nov 03 2018 04: +0,3.82,1
