Jun 25 2016 01: +0,1.113,79
Jun 26 2016 01: +0,1.08,48
Jun 27 2016 01: +0,1.047,56
Jun 28 2016 01: +0,1.06,40
Jun 29 2016 01: +0,1.061,31
Jun 30 2016 01: +0,1.093,39
Jul 01 2016 01: +0,1.043,28
Jul 02 2016 01: +0,1.058,42
Jul 03 2016 01: +0,1.039,25
Jul 04 2016 01: +0,1.097,67
Jul 05 2016 01: +0,1.016,64
Jul 06 2016 01: +0,0.514,670
Jul 07 2016 01: +0,0.297,1524
Jul 08 2016 01: +0,0.285,1173
Jul 09 2016 01: +0,0.286,1031
Jul 10 2016 01: +0,0.283,2103
Jul 11 2016 01: +0,0.277,1024
Jul 12 2016 01: +0,0.288,866
Jul 13 2016 01: +0,0.301,465
Jul 14 2016 01: +0,0.281,473
Jul 15 2016 01: +0,0.283,443
Jul 16 2016 01: +0,0.288,402
Jul 17 2016 01: +0,0.296,364
Jul 18 2016 01: +0,0.292,424
Jul 19 2016 01: +0,0.286,471
Jul 20 2016 01: +0,0.285,366
Jul 21 2016 01: +0,0.284,315
Jul 22 2016 01: +0,0.281,267
Jul 23 2016 01: +0,0.283,300
Jul 24 2016 01: +0,0.284,302
Jul 25 2016 01: +0,0.284,280
Jul 26 2016 01: +0,0.294,328
Jul 27 2016 01: +0,0.293,304
Jul 28 2016 01: +0,0.304,241
Jul 29 2016 01: +0,0.299,230
Jul 30 2016 01: +0,0.31,252
Jul 31 2016 01: +0,0.312,251
Aug 01 2016 01: +0,0.3,260
Aug 02 2016 01: +0,0.307,213
Aug 03 2016 01: +0,0.312,256
Aug 04 2016 01: +0,0.303,215
Aug 05 2016 01: +0,0.31,195
Aug 06 2016 01: +0,0.307,203
Aug 07 2016 01: +0,0.312,191
Aug 08 2016 01: +0,0.307,156
Aug 09 2016 01: +0,0.308,168
Aug 10 2016 01: +0,0.304,183
Aug 11 2016 01: +0,0.304,181
Aug 12 2016 01: +0,0.306,176
Aug 13 2016 01: +0,0.304,169
Aug 14 2016 01: +0,0.312,161
Aug 15 2016 01: +0,0.3,179
Aug 16 2016 01: +0,0.32,201
Aug 17 2016 01: +0,0.325,172
Aug 18 2016 01: +0,0.328,173
Aug 19 2016 01: +0,0.316,230
Aug 20 2016 01: +0,0.324,198
Aug 21 2016 01: +0,0.321,245
Aug 22 2016 01: +0,0.336,182
Aug 23 2016 01: +0,0.333,165
Aug 24 2016 01: +0,0.334,145
Aug 25 2016 01: +0,0.337,187
Aug 26 2016 01: +0,0.352,150
Aug 27 2016 01: +0,0.353,164
Aug 28 2016 01: +0,0.347,180
Aug 29 2016 01: +0,0.356,140
Aug 30 2016 01: +0,0.356,158
Aug 31 2016 01: +0,0.364,157
Sep 01 2016 01: +0,0.363,129
Sep 02 2016 01: +0,0.371,126
Sep 03 2016 01: +0,0.383,144
Sep 04 2016 01: +0,0.391,135
Sep 05 2016 01: +0,0.387,102
Sep 06 2016 01: +0,0.391,111
Sep 07 2016 01: +0,0.396,126
Sep 08 2016 01: +0,0.39,143
Sep 09 2016 01: +0,0.383,118
Sep 10 2016 01: +0,0.386,178
Sep 11 2016 01: +0,0.389,129
Sep 12 2016 01: +0,0.385,96
Sep 13 2016 01: +0,0.378,106
Sep 14 2016 01: +0,0.389,122
Sep 15 2016 01: +0,0.384,121
Sep 16 2016 01: +0,0.388,128
Sep 17 2016 01: +0,0.394,137
Sep 18 2016 01: +0,0.39,126
Sep 19 2016 01: +0,0.374,86
Sep 20 2016 01: +0,0.385,123
Sep 21 2016 01: +0,0.39,121
Sep 22 2016 01: +0,0.396,94
Sep 23 2016 01: +0,0.402,114
Sep 24 2016 01: +0,0.399,111
Sep 25 2016 01: +0,0.392,114
Sep 26 2016 01: +0,0.388,88
Sep 27 2016 01: +0,0.402,103
Sep 28 2016 01: +0,0.384,78
Sep 29 2016 01: +0,0.376,95
Sep 30 2016 01: +0,0.382,105
Oct 01 2016 01: +0,0.383,124
Oct 02 2016 01: +0,0.378,110
Oct 03 2016 01: +0,0.384,89
Oct 04 2016 01: +0,0.379,82
Oct 05 2016 01: +0,0.383,62
Oct 06 2016 01: +0,0.357,90
Oct 07 2016 01: +0,0.35,161
Oct 08 2016 01: +0,0.357,127
Oct 09 2016 01: +0,0.357,102
Oct 10 2016 01: +0,0.34,82
Oct 11 2016 01: +0,0.349,80
Oct 12 2016 01: +0,0.354,107
Oct 13 2016 01: +0,0.345,72
Oct 14 2016 01: +0,0.347,91
Oct 15 2016 01: +0,0.349,117
Oct 16 2016 01: +0,0.346,125
Oct 17 2016 01: +0,0.342,118
Oct 18 2016 01: +0,0.341,77
Oct 19 2016 01: +0,0.349,89
Oct 20 2016 01: +0,0.341,76
Oct 21 2016 01: +0,0.346,85
Oct 22 2016 01: +0,0.353,94
Oct 23 2016 01: +0,0.35,102
Oct 24 2016 01: +0,0.346,60
Oct 25 2016 01: +0,0.346,65
Oct 26 2016 01: +0,0.35,76
Oct 27 2016 01: +0,0.342,78
Oct 28 2016 01: +0,0.343,103
Oct 29 2016 01: +0,0.34,89
Oct 30 2016 01: +0,0.349,91
Oct 31 2016 01: +0,0.358,74
Nov 01 2016 01: +0,0.34,73
Nov 02 2016 01: +0,0.355,73
Nov 03 2016 01: +0,0.359,59
Nov 04 2016 01: +0,0.362,73
Nov 05 2016 01: +0,0.366,83
Nov 06 2016 01: +0,0.378,89
Nov 07 2016 01: +0,0.379,50
Nov 08 2016 01: +0,0.371,48
Nov 09 2016 01: +0,0.352,48
Nov 10 2016 01: +0,0.351,68
Nov 11 2016 01: +0,0.354,96
Nov 12 2016 01: +0,0.35,89
Nov 13 2016 01: +0,0.358,78
Nov 14 2016 01: +0,0.359,64
Nov 15 2016 01: +0,0.358,62
Nov 16 2016 01: +0,0.356,63
Nov 17 2016 01: +0,0.345,58
Nov 18 2016 01: +0,0.357,60
Nov 19 2016 01: +0,0.352,82
Nov 20 2016 01: +0,0.351,96
Nov 21 2016 01: +0,0.348,76
Nov 22 2016 01: +0,0.357,66
Nov 23 2016 01: +0,0.347,55
Nov 24 2016 01: +0,0.322,93
Nov 25 2016 01: +0,0.315,88
Nov 26 2016 01: +0,0.336,95
Nov 27 2016 01: +0,0.324,97
Nov 28 2016 01: +0,0.34,63
Nov 29 2016 01: +0,0.344,75
Nov 30 2016 01: +0,0.351,70
Dec 01 2016 01: +0,0.356,74
Dec 02 2016 01: +0,0.364,87
Dec 03 2016 01: +0,0.369,107
Dec 04 2016 01: +0,0.368,113
Dec 05 2016 01: +0,0.377,63
Dec 06 2016 01: +0,0.381,73
Dec 07 2016 01: +0,0.391,89
Dec 08 2016 01: +0,0.374,59
Dec 09 2016 01: +0,0.396,62
Dec 10 2016 01: +0,0.412,93
Dec 11 2016 01: +0,0.392,78
Dec 12 2016 01: +0,0.39,55
Dec 13 2016 01: +0,0.392,67
Dec 14 2016 01: +0,0.401,56
Dec 15 2016 01: +0,0.388,56
Dec 16 2016 01: +0,0.38,48
Dec 17 2016 01: +0,0.383,71
Dec 18 2016 01: +0,0.377,81
Dec 19 2016 01: +0,0.374,74
Dec 20 2016 01: +0,0.362,70
Dec 21 2016 01: +0,0.356,51
Dec 22 2016 01: +0,0.347,84
Dec 23 2016 01: +0,0.351,55
Dec 24 2016 01: +0,0.351,97
Dec 25 2016 01: +0,0.382,80
Dec 26 2016 01: +0,0.382,86
Dec 27 2016 01: +0,0.395,82
Dec 28 2016 01: +0,0.399,75
Dec 29 2016 01: +0,0.402,83
Dec 30 2016 01: +0,0.411,64
Dec 31 2016 01: +0,0.408,54
Jan 01 2017 01: +0,0.41,64
Jan 02 2017 01: +0,0.39,74
Jan 03 2017 01: +0,0.405,62
Jan 04 2017 01: +0,0.395,73
Jan 05 2017 01: +0,0.428,61
Jan 06 2017 01: +0,0.439,51
Jan 07 2017 01: +0,0.424,82
Jan 08 2017 01: +0,0.455,75
Jan 09 2017 01: +0,0.438,65
Jan 10 2017 01: +0,0.44,53
Jan 11 2017 01: +0,0.439,68
Jan 12 2017 01: +0,0.435,47
Jan 13 2017 01: +0,0.417,52
Jan 14 2017 01: +0,0.385,83
Jan 15 2017 01: +0,0.385,73
Jan 16 2017 01: +0,0.391,56
Jan 17 2017 01: +0,0.402,56
Jan 18 2017 01: +0,0.398,40
Jan 19 2017 01: +0,0.367,48
Jan 20 2017 01: +0,0.359,91
Jan 21 2017 01: +0,0.355,107
Jan 22 2017 01: +0,0.377,73
Jan 23 2017 01: +0,0.417,48
Jan 24 2017 01: +0,0.424,48
Jan 25 2017 01: +0,0.389,36
Jan 26 2017 01: +0,0.391,43
Jan 27 2017 01: +0,0.384,48
Jan 28 2017 01: +0,0.377,60
Jan 29 2017 01: +0,0.348,75
Jan 30 2017 01: +0,0.318,41
Jan 31 2017 01: +0,0.327,60
Feb 01 2017 01: +0,0.36,34
Feb 02 2017 01: +0,0.358,29
Feb 03 2017 01: +0,0.362,34
Feb 04 2017 01: +0,0.345,44
Feb 05 2017 01: +0,0.365,53
Feb 06 2017 01: +0,0.39,32
Feb 07 2017 01: +0,0.382,19
Feb 08 2017 01: +0,0.398,36
Feb 09 2017 01: +0,0.381,33
Feb 10 2017 01: +0,0.378,51
Feb 11 2017 01: +0,0.373,44
Feb 12 2017 01: +0,0.376,55
Feb 13 2017 01: +0,0.353,47
Feb 14 2017 01: +0,0.368,42
Feb 15 2017 01: +0,0.386,36
Feb 16 2017 01: +0,0.391,20
Feb 17 2017 01: +0,0.389,43
Feb 18 2017 01: +0,0.402,47
Feb 19 2017 01: +0,0.39,41
Feb 20 2017 01: +0,0.382,49
Feb 21 2017 01: +0,0.369,27
Feb 22 2017 01: +0,0.387,32
Feb 23 2017 01: +0,0.394,23
Feb 24 2017 01: +0,0.413,35
Feb 25 2017 01: +0,0.388,23
Feb 26 2017 01: +0,0.363,45
Feb 27 2017 01: +0,0.376,44
Feb 28 2017 01: +0,0.379,29
Mar 01 2017 01: +0,0.373,35
Mar 02 2017 01: +0,0.382,38
Mar 03 2017 01: +0,0.398,39
Mar 04 2017 01: +0,0.387,37
Mar 05 2017 01: +0,0.387,49
Mar 06 2017 01: +0,0.399,41
Mar 07 2017 01: +0,0.392,22
Mar 08 2017 01: +0,0.387,28
Mar 09 2017 01: +0,0.399,32
Mar 10 2017 01: +0,0.398,40
Mar 11 2017 01: +0,0.402,45
Mar 12 2017 01: +0,0.406,47
Mar 13 2017 01: +0,0.399,18
Mar 14 2017 01: +0,0.386,31
Mar 15 2017 01: +0,0.416,64
Mar 16 2017 01: +0,0.417,43
Mar 17 2017 01: +0,0.427,28
Mar 18 2017 01: +0,0.46,51
Mar 19 2017 01: +0,0.457,44
Mar 20 2017 01: +0,0.448,43
Mar 21 2017 01: +0,0.454,25
Mar 22 2017 01: +0,0.44,30
Mar 23 2017 01: +0,0.432,30
Mar 24 2017 01: +0,0.438,41
Mar 25 2017 01: +0,0.436,40
Mar 26 2017 01: +0,0.436,52
Mar 27 2017 01: +0,0.429,43
Mar 28 2017 01: +0,0.403,51
Mar 29 2017 01: +0,0.413,38
Mar 30 2017 01: +0,0.46,37
Mar 31 2017 01: +0,0.429,34
Apr 01 2017 01: +0,0.416,39
Apr 02 2017 01: +0,0.411,46
Apr 03 2017 01: +0,0.424,35
Apr 04 2017 01: +0,0.413,34
Apr 05 2017 01: +0,0.418,54
Apr 06 2017 01: +0,0.418,40
Apr 07 2017 01: +0,0.429,40
Apr 08 2017 01: +0,0.444,72
Apr 09 2017 01: +0,0.452,58
Apr 10 2017 01: +0,0.434,34
Apr 11 2017 01: +0,0.431,43
Apr 12 2017 01: +0,0.4,64
Apr 13 2017 01: +0,0.437,47
Apr 14 2017 01: +0,0.467,61
Apr 15 2017 01: +0,0.519,61
Apr 16 2017 01: +0,0.507,63
Apr 17 2017 01: +0,0.502,32
Apr 18 2017 01: +0,0.496,35
Apr 19 2017 01: +0,0.501,29
Apr 20 2017 01: +0,0.489,28
Apr 21 2017 01: +0,0.506,40
Apr 22 2017 01: +0,0.511,45
Apr 23 2017 01: +0,0.52,32
Apr 24 2017 01: +0,0.567,33
Apr 25 2017 01: +0,0.554,15
Apr 26 2017 01: +0,0.54,25
Apr 27 2017 01: +0,0.555,26
Apr 28 2017 01: +0,0.596,24
Apr 29 2017 01: +0,0.572,37
Apr 30 2017 01: +0,0.571,44
May 01 2017 01: +0,0.581,16
May 02 2017 01: +0,0.567,24
May 03 2017 01: +0,0.569,17
May 04 2017 01: +0,0.558,38
May 05 2017 01: +0,0.546,20
May 06 2017 01: +0,0.581,24
May 07 2017 01: +0,0.571,29
May 08 2017 01: +0,0.549,21
May 09 2017 01: +0,0.522,13
May 10 2017 01: +0,0.538,23
May 11 2017 01: +0,0.565,36
May 12 2017 01: +0,0.536,16
May 13 2017 01: +0,0.552,23
May 14 2017 01: +0,0.575,17
May 15 2017 01: +0,0.591,34
May 16 2017 01: +0,0.599,13
May 17 2017 01: +0,0.603,28
May 18 2017 01: +0,0.577,10
May 19 2017 01: +0,0.606,16
May 20 2017 01: +0,0.565,24
May 21 2017 01: +0,0.565,18
May 22 2017 01: +0,0.573,12
May 23 2017 01: +0,0.559,15
May 24 2017 01: +0,0.472,70
May 25 2017 01: +0,0.467,38
May 26 2017 01: +0,0.518,40
May 27 2017 01: +0,0.56,34
May 28 2017 01: +0,0.578,27
May 29 2017 01: +0,0.545,25
May 30 2017 01: +0,0.559,28
May 31 2017 01: +0,0.511,12
Jun 01 2017 01: +0,0.538,26
Jun 02 2017 01: +0,0.548,18
Jun 03 2017 01: +0,0.536,38
Jun 04 2017 01: +0,0.546,25
Jun 05 2017 01: +0,0.586,22
Jun 06 2017 01: +0,0.6,16
Jun 07 2017 01: +0,0.575,24
Jun 08 2017 01: +0,0.557,23
Jun 09 2017 01: +0,0.577,29
Jun 10 2017 01: +0,0.572,24
Jun 11 2017 01: +0,0.581,33
Jun 12 2017 01: +0,0.578,23
Jun 13 2017 01: +0,0.574,25
Jun 14 2017 01: +0,0.556,16
Jun 15 2017 01: +0,0.569,18
Jun 16 2017 01: +0,0.544,17
Jun 17 2017 01: +0,0.573,19
Jun 18 2017 01: +0,0.577,14
Jun 19 2017 01: +0,0.524,30
Jun 20 2017 01: +0,0.559,21
Jun 21 2017 01: +0,0.578,25
Jun 22 2017 01: +0,0.561,25
Jun 23 2017 01: +0,0.536,33
Jun 24 2017 01: +0,0.518,28
Jun 25 2017 01: +0,0.516,20
Jun 26 2017 01: +0,0.532,31
Jun 27 2017 01: +0,0.499,27
Jun 28 2017 01: +0,0.5,10
Jun 29 2017 01: +0,0.522,26
Jun 30 2017 01: +0,0.548,18
Jul 01 2017 01: +0,0.548,21
Jul 02 2017 01: +0,0.552,22
Jul 03 2017 01: +0,0.535,17
Jul 04 2017 01: +0,0.506,27
Jul 05 2017 01: +0,0.484,24
Jul 06 2017 01: +0,0.519,36
Jul 07 2017 01: +0,0.516,28
Jul 08 2017 01: +0,0.441,39
Jul 09 2017 01: +0,0.429,17
Jul 10 2017 01: +0,0.429,23
Jul 11 2017 01: +0,0.444,29
Jul 12 2017 01: +0,0.462,31
Jul 13 2017 01: +0,0.489,25
Jul 14 2017 01: +0,0.52,22
Jul 15 2017 01: +0,0.48,16
Jul 16 2017 01: +0,0.483,28
Jul 17 2017 01: +0,0.501,17
Jul 18 2017 01: +0,0.504,26
Jul 19 2017 01: +0,0.495,22
Jul 20 2017 01: +0,0.472,22
Jul 21 2017 01: +0,0.47,16
Jul 22 2017 01: +0,0.44,22
Jul 23 2017 01: +0,0.423,22
Jul 24 2017 01: +0,0.398,12
Jul 25 2017 01: +0,0.441,20
Jul 26 2017 01: +0,0.437,13
Jul 27 2017 01: +0,0.459,18
Jul 28 2017 01: +0,0.462,17
Jul 29 2017 01: +0,0.482,23
Jul 30 2017 01: +0,0.503,14
Jul 31 2017 01: +0,0.501,4
Aug 01 2017 01: +0,0.46,12
Aug 02 2017 01: +0,0.492,19
Aug 03 2017 01: +0,0.469,23
Aug 04 2017 01: +0,0.478,11
Aug 05 2017 01: +0,0.47,19
Aug 06 2017 01: +0,0.466,23
Aug 07 2017 01: +0,0.462,11
Aug 08 2017 01: +0,0.44,15
Aug 09 2017 01: +0,0.457,19
Aug 10 2017 01: +0,0.486,14
Aug 11 2017 01: +0,0.483,12
Aug 12 2017 01: +0,0.434,26
Aug 13 2017 01: +0,0.433,18
Aug 14 2017 01: +0,0.427,16
Aug 15 2017 01: +0,0.408,16
Aug 16 2017 01: +0,0.429,30
Aug 17 2017 01: +0,0.428,25
Aug 18 2017 01: +0,0.431,29
Aug 19 2017 01: +0,0.414,10
Aug 20 2017 01: +0,0.381,21
Aug 21 2017 01: +0,0.401,26
Aug 22 2017 01: +0,0.413,17
Aug 23 2017 01: +0,0.424,16
Aug 24 2017 01: +0,0.468,20
Aug 25 2017 01: +0,0.478,15
Aug 26 2017 01: +0,0.491,15
Aug 27 2017 01: +0,0.485,27
Aug 28 2017 01: +0,0.476,16
Aug 29 2017 01: +0,0.476,18
Aug 30 2017 01: +0,0.485,15
Aug 31 2017 01: +0,0.485,20
Sep 01 2017 01: +0,0.477,16
Sep 02 2017 01: +0,0.46,15
Sep 03 2017 01: +0,0.488,17
Sep 04 2017 01: +0,0.493,16
Sep 05 2017 01: +0,0.489,7
Sep 06 2017 01: +0,0.484,12
Sep 07 2017 01: +0,0.505,13
Sep 08 2017 01: +0,0.495,12
Sep 09 2017 01: +0,0.494,31
Sep 10 2017 01: +0,0.505,14
Sep 11 2017 01: +0,0.511,11
Sep 12 2017 01: +0,0.533,10
Sep 13 2017 01: +0,0.507,4
Sep 14 2017 01: +0,0.507,9
Sep 15 2017 01: +0,0.519,12
Sep 16 2017 01: +0,0.515,13
Sep 17 2017 01: +0,0.515,25
Sep 18 2017 01: +0,0.51,12
Sep 19 2017 01: +0,0.517,14
Sep 20 2017 01: +0,0.519,25
Sep 21 2017 01: +0,0.485,20
Sep 22 2017 01: +0,0.489,15
Sep 23 2017 01: +0,0.523,18
Sep 24 2017 01: +0,0.581,13
Sep 25 2017 01: +0,0.585,12
Sep 26 2017 01: +0,0.589,14
Sep 27 2017 01: +0,0.599,14
Sep 28 2017 01: +0,0.613,8
Sep 29 2017 01: +0,0.623,6
Sep 30 2017 01: +0,0.603,18
Oct 01 2017 01: +0,0.599,9
Oct 02 2017 01: +0,0.552,14
Oct 03 2017 01: +0,0.568,18
Oct 04 2017 01: +0,0.586,13
Oct 05 2017 01: +0,0.594,14
Oct 06 2017 01: +0,0.587,12
Oct 07 2017 01: +0,0.589,15
Oct 08 2017 01: +0,0.558,12
Oct 09 2017 01: +0,0.556,21
Oct 10 2017 01: +0,0.556,14
Oct 11 2017 01: +0,0.587,8
Oct 12 2017 01: +0,0.541,10
Oct 13 2017 01: +0,0.557,9
Oct 14 2017 01: +0,0.566,19
Oct 15 2017 01: +0,0.592,9
Oct 16 2017 01: +0,0.576,17
Oct 17 2017 01: +0,0.565,9
Oct 18 2017 01: +0,0.584,10
Oct 19 2017 01: +0,0.559,7
Oct 20 2017 01: +0,0.563,12
Oct 21 2017 01: +0,0.574,17
Oct 22 2017 01: +0,0.571,17
Oct 23 2017 01: +0,0.567,9
Oct 24 2017 01: +0,0.548,2
Oct 25 2017 01: +0,0.547,10
Oct 26 2017 01: +0,0.605,11
Oct 27 2017 01: +0,0.588,11
Oct 28 2017 01: +0,0.57,8
Oct 29 2017 01: +0,0.476,10
Oct 30 2017 01: +0,0.458,2
Oct 31 2017 01: +0,0.5,19
Nov 01 2017 01: +0,0.524,7
Nov 02 2017 01: +0,0.572,5
Nov 03 2017 01: +0,0.57,7
Nov 04 2017 01: +0,0.592,9
Nov 05 2017 01: +0,0.577,14
Nov 06 2017 01: +0,0.594,7
Nov 07 2017 01: +0,0.551,8
Nov 08 2017 01: +0,0.557,7
Nov 09 2017 01: +0,0.562,7
Nov 10 2017 01: +0,0.577,14
Nov 11 2017 01: +0,0.512,2
Nov 12 2017 01: +0,0.561,11
Nov 13 2017 01: +0,0.547,8
Nov 14 2017 01: +0,0.553,12
Nov 15 2017 01: +0,0.549,11
Nov 16 2017 01: +0,0.502,6
Nov 17 2017 01: +0,0.483,13
Nov 18 2017 01: +0,0.502,14
Nov 19 2017 01: +0,0.537,15
Nov 20 2017 01: +0,0.539,5
Nov 21 2017 01: +0,0.526,14
Nov 22 2017 01: +0,0.52,8
Nov 23 2017 01: +0,0.526,14
Nov 24 2017 01: +0,0.56,8
Nov 25 2017 01: +0,0.459,12
Nov 26 2017 01: +0,0.492,11
Nov 27 2017 01: +0,0.526,11
Nov 28 2017 01: +0,0.501,10
Nov 29 2017 01: +0,0.529,4
Nov 30 2017 01: +0,0.662,70
Dec 01 2017 01: +0,1.285,136
Dec 02 2017 01: +0,1.19,31
Dec 03 2017 01: +0,1.017,9
Dec 04 2017 01: +0,0.917,12
Dec 05 2017 01: +0,0.811,12
Dec 06 2017 01: +0,0.806,13
Dec 07 2017 01: +0,0.88,1
Dec 08 2017 01: +0,0.689,4
Dec 09 2017 01: +0,0.724,5
Dec 10 2017 01: +0,0.699,11
Dec 11 2017 01: +0,0.702,4
Dec 12 2017 01: +0,0.69,6
Dec 13 2017 01: +0,0.646,6
Dec 14 2017 01: +0,0.671,5
Dec 15 2017 01: +0,0.63,7
Dec 16 2017 01: +0,0.692,10
Dec 17 2017 01: +0,0.643,8
Dec 18 2017 01: +0,0.635,5
Dec 19 2017 01: +0,0.651,3
Dec 20 2017 01: +0,0.581,5
Dec 21 2017 01: +0,0.531,7
Dec 22 2017 01: +0,0.51,7
Dec 23 2017 01: +0,0.501,15
Dec 24 2017 01: +0,0.508,11
Dec 25 2017 01: +0,0.514,13
Dec 26 2017 01: +0,0.569,6
Dec 27 2017 01: +0,0.6,6
Dec 28 2017 01: +0,0.486,15
Dec 29 2017 01: +0,0.475,4
Dec 30 2017 01: +0,0.46,5
Dec 31 2017 01: +0,0.528,5
Jan 01 2018 01: +0,0.537,15
Jan 02 2018 01: +0,0.485,14
Jan 03 2018 01: +0,0.497,11
Jan 04 2018 01: +0,0.482,16
Jan 05 2018 01: +0,0.453,10
Jan 06 2018 01: +0,0.481,12
Jan 07 2018 01: +0,0.472,13
Jan 08 2018 01: +0,0.511,5
Jan 09 2018 01: +0,0.509,1
Jan 10 2018 01: +0,0.488,14
Jan 11 2018 01: +0,0.5,10
Jan 12 2018 01: +0,0.493,15
Jan 13 2018 01: +0,0.477,15
Jan 14 2018 01: +0,0.567,9
Jan 15 2018 01: +0,0.495,9
Jan 16 2018 01: +0,0.592,7
Jan 17 2018 01: +0,0.567,2
Jan 18 2018 01: +0,0.559,6
Jan 19 2018 01: +0,0.484,13
Jan 20 2018 01: +0,0.581,8
Jan 21 2018 01: +0,0.587,6
Jan 22 2018 01: +0,0.574,10
Jan 23 2018 01: +0,0.616,11
Jan 24 2018 01: +0,0.559,13
Jan 25 2018 01: +0,0.575,2
Jan 26 2018 01: +0,0.58,6
Jan 27 2018 01: +0,0.46,15
Jan 28 2018 01: +0,0.475,24
Jan 29 2018 01: +0,0.432,20
Jan 30 2018 01: +0,0.448,5
Jan 31 2018 01: +0,0.524,14
Feb 01 2018 01: +0,0.619,5
Feb 02 2018 01: +0,0.613,7
Feb 03 2018 01: +0,0.559,4
Feb 04 2018 01: +0,0.511,6
Feb 05 2018 01: +0,0.487,6
Feb 06 2018 01: +0,0.52,7
Feb 07 2018 01: +0,0.564,5
Feb 08 2018 01: +0,0.512,6
Feb 09 2018 01: +0,0.522,7
Feb 10 2018 01: +0,0.585,4
Feb 11 2018 01: +0,0.59,5
Feb 12 2018 01: +0,0.623,7
Feb 13 2018 01: +0,0.516,5
Feb 14 2018 01: +0,0.548,6
Feb 15 2018 01: +0,0.518,3
Feb 16 2018 01: +0,0.513,1
Feb 17 2018 01: +0,0.514,10
Feb 18 2018 01: +0,0.528,6
Feb 19 2018 01: +0,0.475,11
Feb 20 2018 01: +0,0.42,3
Feb 21 2018 01: +0,0.432,14
Feb 22 2018 01: +0,0.438,9
Feb 23 2018 01: +0,0.462,13
Feb 24 2018 01: +0,0.597,7
Feb 25 2018 01: +0,0.618,10
Feb 26 2018 01: +0,0.615,7
Feb 27 2018 01: +0,0.543,9
Feb 28 2018 01: +0,0.578,4
Mar 01 2018 01: +0,0.508,4
Mar 02 2018 01: +0,0.556,3
Mar 03 2018 01: +0,0.503,10
Mar 04 2018 01: +0,0.509,14
Mar 05 2018 01: +0,0.565,2
Mar 06 2018 01: +0,0.597,9
Mar 07 2018 01: +0,0.593,5
Mar 08 2018 01: +0,0.542,4
Mar 09 2018 01: +0,0.534,5
Mar 10 2018 01: +0,0.592,7
Mar 11 2018 01: +0,0.574,7
Mar 12 2018 01: +0,0.607,12
Mar 13 2018 01: +0,0.627,6
Mar 14 2018 01: +0,0.6,4
Mar 15 2018 01: +0,0.463,4
Mar 16 2018 01: +0,0.534,6
Mar 17 2018 01: +0,0.547,5
Mar 18 2018 01: +0,0.553,3
Mar 19 2018 01: +0,0.513,13
Mar 20 2018 01: +0,0.473,7
Mar 21 2018 01: +0,0.47,6
Mar 22 2018 01: +0,0.477,6
Mar 23 2018 01: +0,0.486,3
Mar 24 2018 01: +0,0.501,9
Mar 25 2018 01: +0,0.502,4
Mar 26 2018 01: +0,0.416,4
Mar 27 2018 01: +0,0.504,7
Mar 28 2018 01: +0,0.478,6
Mar 29 2018 01: +0,0.478,3
Mar 30 2018 01: +0,0.496,3
Mar 31 2018 01: +0,0.476,3
Apr 01 2018 01: +0,0.464,3
Apr 02 2018 01: +0,0.442,6
Apr 03 2018 01: +0,0.431,9
Apr 04 2018 01: +0,0.437,10
Apr 05 2018 01: +0,0.477,7
Apr 06 2018 01: +0,0.512,5
Apr 07 2018 01: +0,0.563,10
Apr 08 2018 01: +0,0.582,8
Apr 09 2018 01: +0,0.599,7
Apr 10 2018 01: +0,0.593,9
Apr 11 2018 01: +0,0.624,9
Apr 12 2018 01: +0,0.681,9
Apr 13 2018 01: +0,0.699,4
Apr 14 2018 01: +0,0.597,3
Apr 15 2018 01: +0,0.653,3
Apr 16 2018 01: +0,0.666,4
Apr 17 2018 01: +0,0.675,4
Apr 18 2018 01: +0,0.655,2
Apr 19 2018 01: +0,0.619,3
Apr 20 2018 01: +0,0.616,3
Apr 21 2018 01: +0,0.617,7
Apr 22 2018 01: +0,0.61,1
Apr 23 2018 01: +0,0.614,1
Apr 24 2018 01: +0,0.592,6
Apr 25 2018 01: +0,0.483,5
Apr 26 2018 01: +0,0.578,2
Apr 27 2018 01: +0,0.593,4
Apr 28 2018 01: +0,0.592,9
Apr 29 2018 01: +0,0.442,3
Apr 30 2018 01: +0,0.596,2
May 01 2018 01: +0,0.602,10
May 02 2018 01: +0,0.629,7
May 03 2018 01: +0,0.591,3
May 04 2018 01: +0,0.609,14
May 05 2018 01: +0,0.595,4
May 06 2018 01: +0,0.53,4
May 07 2018 01: +0,0.592,4
May 08 2018 01: +0,0.596,4
May 09 2018 01: +0,0.62,6
May 10 2018 01: +0,0.563,5
May 11 2018 01: +0,0.539,3
May 12 2018 01: +0,0.578,8
May 13 2018 01: +0,0.604,11
May 14 2018 01: +0,0.574,4
May 16 2018 01: +0,0.565,6
May 17 2018 01: +0,0.609,6
May 18 2018 01: +0,0.562,4
May 19 2018 01: +0,0.55,2
May 20 2018 01: +0,0.572,6
May 21 2018 01: +0,0.529,5
May 22 2018 01: +0,0.609,9
May 23 2018 01: +0,0.607,2
May 24 2018 01: +0,0.597,1
May 25 2018 01: +0,0.582,1
May 26 2018 01: +0,0.615,5
May 27 2018 01: +0,0.605,12
May 28 2018 01: +0,0.613,4
May 29 2018 01: +0,0.509,5
May 30 2018 01: +0,0.548,7
May 31 2018 01: +0,0.619,6
Jun 01 2018 01: +0,0.595,9
Jun 02 2018 01: +0,0.602,2
Jun 03 2018 01: +0,0.565,6
Jun 04 2018 01: +0,0.58,9
Jun 05 2018 01: +0,0.586,4
Jun 06 2018 01: +0,0.58,4
Jun 07 2018 01: +0,0.557,3
Jun 08 2018 01: +0,0.538,3
Jun 09 2018 01: +0,0.525,10
Jun 10 2018 01: +0,0.591,10
Jun 11 2018 01: +0,0.56,7
Jun 12 2018 01: +0,0.582,6
Jun 13 2018 01: +0,0.582,3
Jun 14 2018 01: +0,0.552,2
Jun 15 2018 01: +0,0.523,1
Jun 16 2018 01: +0,0.567,2
Jun 17 2018 01: +0,0.526,2
Jun 18 2018 01: +0,0.469,3
Jun 19 2018 01: +0,0.504,2
Jun 20 2018 01: +0,0.53,1
Jun 21 2018 01: +0,0.504,9
Jun 22 2018 01: +0,0.488,5
Jun 23 2018 01: +0,0.438,3
Jun 24 2018 01: +0,0.381,7
Jun 25 2018 01: +0,0.391,11
Jun 26 2018 01: +0,0.378,6
Jun 27 2018 01: +0,0.402,7
Jun 28 2018 01: +0,0.413,8
Jun 29 2018 01: +0,0.471,17
Jun 30 2018 01: +0,0.537,6
Jul 01 2018 01: +0,0.417,5
Jul 02 2018 01: +0,0.557,5
Jul 03 2018 01: +0,0.511,4
Jul 04 2018 01: +0,0.566,9
Jul 05 2018 01: +0,0.502,7
Jul 06 2018 01: +0,0.572,3
Jul 07 2018 01: +0,0.548,5
Jul 08 2018 01: +0,0.589,2
Jul 09 2018 01: +0,0.595,4
Jul 10 2018 01: +0,0.592,5
Jul 11 2018 01: +0,0.548,2
Jul 12 2018 01: +0,0.551,10
Jul 13 2018 01: +0,0.609,4
Jul 14 2018 01: +0,0.611,1
Jul 15 2018 01: +0,0.579,19
Jul 16 2018 01: +0,0.593,5
Jul 17 2018 01: +0,0.609,3
Jul 18 2018 01: +0,0.507,6
Jul 19 2018 01: +0,0.51,1
Jul 20 2018 01: +0,0.518,2
Jul 21 2018 01: +0,0.511,7
Jul 22 2018 01: +0,0.536,7
Jul 23 2018 01: +0,0.574,8
Jul 24 2018 01: +0,0.583,7
Jul 25 2018 01: +0,0.581,6
Jul 26 2018 01: +0,0.576,6
Jul 27 2018 01: +0,0.583,5
Jul 28 2018 01: +0,0.572,8
Jul 29 2018 01: +0,0.563,6
Jul 30 2018 01: +0,0.551,6
Jul 31 2018 01: +0,0.558,5
Aug 01 2018 01: +0,0.593,6
Aug 02 2018 01: +0,0.589,5
Aug 03 2018 01: +0,0.606,6
Aug 04 2018 01: +0,0.614,6
Aug 05 2018 01: +0,0.618,10
Aug 06 2018 01: +0,0.63,5
Aug 07 2018 01: +0,0.615,4
Aug 08 2018 01: +0,0.624,9
Aug 09 2018 01: +0,0.674,11
Aug 10 2018 01: +0,0.683,3
Aug 11 2018 01: +0,0.664,6
Aug 12 2018 01: +0,0.63,9
Aug 13 2018 01: +0,0.669,9
Aug 14 2018 01: +0,0.679,1
Aug 15 2018 01: +0,0.6,7
Aug 16 2018 01: +0,0.651,5
Aug 17 2018 01: +0,0.703,4
Aug 18 2018 01: +0,0.669,3
Aug 21 2018 01: +0,0.589,4
Aug 22 2018 01: +0,0.643,1
Aug 23 2018 01: +0,0.555,5
Aug 24 2018 01: +0,0.556,2
Aug 25 2018 01: +0,0.569,2
Aug 26 2018 01: +0,0.556,16
Aug 27 2018 01: +0,0.645,2
Aug 28 2018 01: +0,0.642,1
Aug 29 2018 01: +0,0.568,7
Aug 30 2018 01: +0,0.565,5
Aug 31 2018 01: +0,0.553,7
Sep 01 2018 01: +0,0.569,5
Sep 02 2018 01: +0,0.571,8
Sep 03 2018 01: +0,0.56,8
Sep 04 2018 01: +0,0.571,2
Sep 05 2018 01: +0,0.524,6
Sep 06 2018 01: +0,0.571,2
Sep 07 2018 01: +0,0.524,8
Sep 08 2018 01: +0,0.576,5
Sep 09 2018 01: +0,0.436,6
Sep 10 2018 01: +0,0.55,5
Sep 11 2018 01: +0,0.564,11
Sep 12 2018 01: +0,0.592,8
Sep 13 2018 01: +0,0.624,5
Sep 14 2018 01: +0,0.574,7
Sep 15 2018 01: +0,0.605,7
Sep 16 2018 01: +0,0.683,4
Sep 17 2018 01: +0,0.661,15
Sep 19 2018 01: +0,0.61,7
Sep 20 2018 01: +0,0.684,2
Sep 21 2018 01: +0,0.627,5
Sep 22 2018 01: +0,0.587,2
Sep 23 2018 01: +0,0.666,2
Sep 24 2018 01: +0,0.554,5
Sep 25 2018 01: +0,0.517,2
Sep 26 2018 01: +0,0.583,4
Sep 27 2018 01: +0,0.57,3
Sep 28 2018 01: +0,0.595,3
Sep 29 2018 01: +0,0.585,4
Oct 01 2018 01: +0,0.631,3
Oct 02 2018 01: +0,0.633,6
Oct 03 2018 01: +0,0.634,1
Oct 03 2018 03: +0,0.63,1
Oct 03 2018 15: +0,0.617,2
Oct 03 2018 17: +0,0.609,1
Oct 03 2018 18: +0,0.64,1
Oct 04 2018 00: +0,0.621,1
Oct 04 2018 07: +0,0.641,1
Oct 04 2018 15: +0,0.639,1
Oct 04 2018 16: +0,0.641,1
Oct 04 2018 21: +0,0.633,1
Oct 05 2018 00: +0,0.63,3
Oct 05 2018 02: +0,0.644,2
Oct 05 2018 16: +0,0.641,2
Oct 05 2018 17: +0,0.645,1
Oct 05 2018 20: +0,0.65,1
Oct 05 2018 21: +0,0.654,1
Oct 06 2018 07: +0,0.66,1
Oct 06 2018 17: +0,0.64,1
Oct 06 2018 21: +0,0.635,1
Oct 07 2018 03: +0,0.65,1
Oct 07 2018 10: +0,0.697,8
Oct 07 2018 13: +0,0.752,1
Oct 07 2018 23: +0,0.673,1
Oct 08 2018 12: +0,0.68,6
Oct 08 2018 13: +0,0.676,3
Oct 08 2018 20: +0,0.68,2
Oct 09 2018 09: +0,0.752,4
Oct 09 2018 21: +0,0.62,1
Oct 09 2018 22: +0,0.747,1
Oct 10 2018 00: +0,0.745,1
Oct 10 2018 10: +0,0.732,1
Oct 10 2018 19: +0,0.749,1
Oct 11 2018 07: +0,0.723,1
Oct 11 2018 12: +0,0.633,1
Oct 12 2018 13: +0,0.53,1
Oct 12 2018 15: +0,0.743,4
Oct 13 2018 20: +0,0.704,1
Oct 13 2018 23: +0,0.739,1
Oct 14 2018 02: +0,0.739,1
Oct 14 2018 10: +0,0.757,1
Oct 14 2018 13: +0,0.751,1
Oct 14 2018 20: +0,0.739,3
Oct 15 2018 05: +0,0.75,1
Oct 15 2018 21: +0,0.741,1
Oct 16 2018 12: +0,0.741,1
Oct 16 2018 16: +0,0.758,1
Oct 16 2018 22: +0,0.754,1
Oct 18 2018 07: +0,0.685,1
Oct 18 2018 13: +0,0.686,1
Oct 18 2018 14: +0,0.58,1
Oct 18 2018 15: +0,0.738,3
Oct 19 2018 14: +0,0.751,1
Oct 19 2018 15: +0,0.747,1
Oct 19 2018 17: +0,0.66,1
Oct 19 2018 21: +0,0.744,1
Oct 20 2018 03: +0,0.64,1
Oct 20 2018 17: +0,0.759,1
Oct 20 2018 23: +0,0.781,1
Oct 21 2018 13: +0,0.784,1
Oct 21 2018 15: +0,0.721,2
Oct 21 2018 20: +0,0.828,1
Oct 22 2018 14: +0,0.894,4
Oct 22 2018 17: +0,0.993,1
Oct 22 2018 18: +0,1.08,1
Oct 23 2018 21: +0,0.73,1
Oct 24 2018 00: +0,1.042,3
Oct 24 2018 06: +0,0.77,1
Oct 24 2018 12: +0,0.76,1
Oct 24 2018 14: +0,0.885,1
Oct 24 2018 15: +0,0.908,1
Oct 24 2018 18: +0,0.77,1
Oct 24 2018 20: +0,0.997,3
Oct 25 2018 13: +0,1.039,1
Oct 25 2018 21: +0,1.033,1
Oct 26 2018 11: +0,1.034,1
Oct 26 2018 14: +0,0.876,1
Oct 27 2018 01: +0,0.873,1
Oct 27 2018 19: +0,0.83,1
Oct 28 2018 00: +0,0.917,2
Oct 28 2018 15: +0,0.75,1
Oct 28 2018 18: +0,0.919,1
Oct 30 2018 02: +0,0.909,1
Oct 31 2018 21: +0,0.826,1
Oct 31 2018 23: +0,0.825,1
Nov 01 2018 01: +0,0.823,3
Nov 01 2018 08: +0,0.799,1
Nov 01 2018 12: +0,0.57,1
Nov 01 2018 19: +0,0.791,1
Nov 02 2018 20: +0,0.781,2
