Aug 05 2014 01: +0,0.461,8564
Aug 06 2014 01: +0,0.46,3650
Aug 07 2014 01: +0,0.483,2621
Aug 08 2014 01: +0,0.5,2211
Aug 09 2014 01: +0,0.492,2171
Aug 10 2014 01: +0,0.504,1819
Aug 11 2014 01: +0,0.514,1712
Aug 12 2014 01: +0,0.545,2075
Aug 13 2014 01: +0,0.619,2814
Aug 14 2014 01: +0,0.587,4582
Aug 15 2014 01: +0,0.367,3890
Aug 16 2014 01: +0,0.253,5588
Aug 17 2014 01: +0,0.079,34455
Aug 18 2014 01: +0,0.069,12396
Aug 19 2014 01: +0,0.15,6794
Aug 20 2014 01: +0,0.165,3822
Aug 21 2014 01: +0,0.152,3390
Aug 22 2014 01: +0,0.147,3455
Aug 23 2014 01: +0,0.149,3208
Aug 24 2014 01: +0,0.151,2985
Aug 25 2014 01: +0,0.146,3110
Aug 26 2014 01: +0,0.151,3117
Aug 27 2014 01: +0,0.172,2908
Aug 28 2014 01: +0,0.194,2643
Aug 29 2014 01: +0,0.195,2784
Aug 30 2014 01: +0,0.202,2841
Aug 31 2014 01: +0,0.213,2735
Sep 01 2014 01: +0,0.221,2452
Sep 02 2014 01: +0,0.269,3909
Sep 03 2014 01: +0,0.289,2003
Sep 04 2014 01: +0,0.249,1744
Sep 05 2014 01: +0,0.223,2089
Sep 06 2014 01: +0,0.23,2329
Sep 07 2014 01: +0,0.228,2084
Sep 08 2014 01: +0,0.213,1754
Sep 09 2014 01: +0,0.226,1511
Sep 10 2014 01: +0,0.232,1546
Sep 11 2014 01: +0,0.198,1855
Sep 12 2014 01: +0,0.19,1985
Sep 13 2014 01: +0,0.192,2100
Sep 14 2014 01: +0,0.198,2246
Sep 15 2014 01: +0,0.199,1626
Sep 16 2014 01: +0,0.198,1633
Sep 17 2014 01: +0,0.213,1621
Sep 18 2014 01: +0,0.214,1626
Sep 19 2014 01: +0,0.211,1688
Sep 20 2014 01: +0,0.207,1885
Sep 21 2014 01: +0,0.216,1683
Sep 22 2014 01: +0,0.213,1456
Sep 23 2014 01: +0,0.214,1387
Sep 24 2014 01: +0,0.212,1472
Sep 25 2014 01: +0,0.215,1528
Sep 26 2014 01: +0,0.215,1699
Sep 27 2014 01: +0,0.219,1892
Sep 28 2014 01: +0,0.22,1691
Sep 29 2014 01: +0,0.217,1328
Sep 30 2014 01: +0,0.208,1405
Oct 01 2014 01: +0,0.212,1589
Oct 02 2014 01: +0,0.202,1664
Oct 03 2014 01: +0,0.21,1633
Oct 04 2014 01: +0,0.215,2005
Oct 05 2014 01: +0,0.227,2031
Oct 06 2014 01: +0,0.234,1548
Oct 07 2014 01: +0,0.235,1333
Oct 08 2014 01: +0,0.232,1608
Oct 09 2014 01: +0,0.249,1371
Oct 10 2014 01: +0,0.249,1484
Oct 11 2014 01: +0,0.25,1788
Oct 12 2014 01: +0,0.254,1703
Oct 13 2014 01: +0,0.247,1406
Oct 14 2014 01: +0,0.251,1352
Oct 15 2014 01: +0,0.245,1316
Oct 16 2014 01: +0,0.242,1428
Oct 17 2014 01: +0,0.246,1359
Oct 18 2014 01: +0,0.246,1775
Oct 19 2014 01: +0,0.24,1529
Oct 20 2014 01: +0,0.232,1309
Oct 21 2014 01: +0,0.244,1235
Oct 22 2014 01: +0,0.244,1291
Oct 23 2014 01: +0,0.25,1197
Oct 24 2014 01: +0,0.254,1299
Oct 25 2014 01: +0,0.237,1506
Oct 26 2014 01: +0,0.232,1556
Oct 27 2014 01: +0,0.227,1280
Oct 28 2014 01: +0,0.236,1090
Oct 29 2014 01: +0,0.238,1129
Oct 30 2014 01: +0,0.236,1140
Oct 31 2014 01: +0,0.247,1382
Nov 01 2014 01: +0,0.252,1384
Nov 02 2014 01: +0,0.234,1509
Nov 03 2014 01: +0,0.243,1150
Nov 04 2014 01: +0,0.239,1138
Nov 05 2014 01: +0,0.246,1029
Nov 06 2014 01: +0,0.236,1303
Nov 07 2014 01: +0,0.237,1211
Nov 08 2014 01: +0,0.235,1508
Nov 09 2014 01: +0,0.231,1351
Nov 10 2014 01: +0,0.23,1068
Nov 11 2014 01: +0,0.227,1090
Nov 12 2014 01: +0,0.168,1651
Nov 13 2014 01: +0,0.17,1152
Nov 14 2014 01: +0,0.182,1230
Nov 15 2014 01: +0,0.198,1371
Nov 16 2014 01: +0,0.206,1340
Nov 17 2014 01: +0,0.202,1056
Nov 18 2014 01: +0,0.205,1068
Nov 19 2014 01: +0,0.201,936
Nov 20 2014 01: +0,0.204,897
Nov 21 2014 01: +0,0.161,1553
Nov 22 2014 01: +0,0.149,1206
Nov 23 2014 01: +0,0.163,1189
Nov 24 2014 01: +0,0.164,973
Nov 25 2014 01: +0,0.162,922
Nov 26 2014 01: +0,0.162,1012
Nov 27 2014 01: +0,0.164,1380
Nov 28 2014 01: +0,0.173,1267
Nov 29 2014 01: +0,0.158,851
Nov 30 2014 01: +0,0.119,1835
Dec 01 2014 01: +0,0.127,1144
Dec 02 2014 01: +0,0.155,1108
Dec 03 2014 01: +0,0.18,978
Dec 04 2014 01: +0,0.176,884
Dec 05 2014 01: +0,0.201,836
Dec 06 2014 01: +0,0.203,1045
Dec 07 2014 01: +0,0.197,1090
Dec 08 2014 01: +0,0.195,891
Dec 09 2014 01: +0,0.196,771
Dec 10 2014 01: +0,0.192,875
Dec 11 2014 01: +0,0.188,1030
Dec 12 2014 01: +0,0.18,988
Dec 13 2014 01: +0,0.186,1101
Dec 14 2014 01: +0,0.185,1048
Dec 15 2014 01: +0,0.179,930
Dec 16 2014 01: +0,0.159,950
Dec 17 2014 01: +0,0.188,898
Dec 18 2014 01: +0,0.195,778
Dec 19 2014 01: +0,0.187,1037
Dec 20 2014 01: +0,0.191,1026
Dec 21 2014 01: +0,0.194,934
Dec 22 2014 01: +0,0.204,846
Dec 23 2014 01: +0,0.2,904
Dec 24 2014 01: +0,0.204,916
Dec 25 2014 01: +0,0.226,946
Dec 26 2014 01: +0,0.221,1094
Dec 27 2014 01: +0,0.24,1226
Dec 28 2014 01: +0,0.253,1093
Dec 29 2014 01: +0,0.248,1123
Dec 30 2014 01: +0,0.269,999
Dec 31 2014 01: +0,0.293,901
Jan 01 2015 01: +0,0.292,815
Jan 02 2015 01: +0,0.285,1050
Jan 03 2015 01: +0,0.295,1121
Jan 04 2015 01: +0,0.309,1094
Jan 05 2015 01: +0,0.322,973
Jan 06 2015 01: +0,0.326,851
Jan 07 2015 01: +0,0.331,805
Jan 08 2015 01: +0,0.343,893
Jan 09 2015 01: +0,0.353,1173
Jan 10 2015 01: +0,0.35,1132
Jan 11 2015 01: +0,0.363,1183
Jan 12 2015 01: +0,0.364,902
Jan 13 2015 01: +0,0.365,793
Jan 14 2015 01: +0,0.372,856
Jan 15 2015 01: +0,0.364,876
Jan 16 2015 01: +0,0.373,887
Jan 17 2015 01: +0,0.373,925
Jan 18 2015 01: +0,0.378,901
Jan 19 2015 01: +0,0.373,792
Jan 20 2015 01: +0,0.372,857
Jan 21 2015 01: +0,0.384,801
Jan 22 2015 01: +0,0.392,927
Jan 23 2015 01: +0,0.404,834
Jan 24 2015 01: +0,0.4,974
Jan 25 2015 01: +0,0.394,1048
Jan 26 2015 01: +0,0.389,954
Jan 27 2015 01: +0,0.382,928
Jan 28 2015 01: +0,0.39,814
Jan 29 2015 01: +0,0.399,900
Jan 30 2015 01: +0,0.388,1025
Jan 31 2015 01: +0,0.4,1071
Feb 01 2015 01: +0,0.396,1125
Feb 02 2015 01: +0,0.395,861
Feb 03 2015 01: +0,0.419,742
Feb 04 2015 01: +0,0.407,723
Feb 05 2015 01: +0,0.407,727
Feb 06 2015 01: +0,0.408,825
Feb 07 2015 01: +0,0.41,977
Feb 08 2015 01: +0,0.406,981
Feb 09 2015 01: +0,0.417,736
Feb 10 2015 01: +0,0.409,696
Feb 11 2015 01: +0,0.405,688
Feb 12 2015 01: +0,0.414,671
Feb 13 2015 01: +0,0.418,836
Feb 14 2015 01: +0,0.42,879
Feb 15 2015 01: +0,0.425,772
Feb 16 2015 01: +0,0.421,724
Feb 17 2015 01: +0,0.425,627
Feb 18 2015 01: +0,0.434,614
Feb 19 2015 01: +0,0.432,647
Feb 20 2015 01: +0,0.426,796
Feb 21 2015 01: +0,0.442,731
Feb 22 2015 01: +0,0.453,761
Feb 23 2015 01: +0,0.464,618
Feb 24 2015 01: +0,0.46,594
Feb 25 2015 01: +0,0.463,553
Feb 26 2015 01: +0,0.476,519
Feb 27 2015 01: +0,0.386,945
Feb 28 2015 01: +0,0.406,702
Mar 01 2015 01: +0,0.387,738
Mar 02 2015 01: +0,0.398,561
Mar 03 2015 01: +0,0.412,472
Mar 04 2015 01: +0,0.428,491
Mar 05 2015 01: +0,0.424,542
Mar 06 2015 01: +0,0.449,583
Mar 07 2015 01: +0,0.444,676
Mar 08 2015 01: +0,0.441,650
Mar 09 2015 01: +0,0.443,493
Mar 10 2015 01: +0,0.436,481
Mar 11 2015 01: +0,0.407,506
Mar 12 2015 01: +0,0.377,517
Mar 13 2015 01: +0,0.382,581
Mar 14 2015 01: +0,0.334,866
Mar 15 2015 01: +0,0.29,905
Mar 16 2015 01: +0,0.283,572
Mar 17 2015 01: +0,0.348,373
Mar 18 2015 01: +0,0.364,353
Mar 19 2015 01: +0,0.351,353
Mar 20 2015 01: +0,0.351,351
Mar 21 2015 01: +0,0.359,406
Mar 22 2015 01: +0,0.36,422
Mar 23 2015 01: +0,0.366,378
Mar 24 2015 01: +0,0.369,321
Mar 25 2015 01: +0,0.374,313
Mar 26 2015 01: +0,0.375,329
Mar 27 2015 01: +0,0.374,334
Mar 28 2015 01: +0,0.39,364
Mar 29 2015 01: +0,0.377,449
Mar 30 2015 01: +0,0.374,435
Mar 31 2015 01: +0,0.374,395
Apr 01 2015 01: +0,0.368,472
Apr 02 2015 01: +0,0.39,388
Apr 03 2015 01: +0,0.395,479
Apr 04 2015 01: +0,0.404,497
Apr 05 2015 01: +0,0.413,465
Apr 06 2015 01: +0,0.415,504
Apr 07 2015 01: +0,0.426,500
Apr 08 2015 01: +0,0.44,448
Apr 09 2015 01: +0,0.423,493
Apr 10 2015 01: +0,0.407,517
Apr 11 2015 01: +0,0.428,583
Apr 12 2015 01: +0,0.42,538
Apr 13 2015 01: +0,0.412,448
Apr 14 2015 01: +0,0.416,330
Apr 15 2015 01: +0,0.405,371
Apr 16 2015 01: +0,0.382,398
Apr 17 2015 01: +0,0.386,469
Apr 18 2015 01: +0,0.405,649
Apr 19 2015 01: +0,0.414,422
Apr 20 2015 01: +0,0.419,423
Apr 21 2015 01: +0,0.421,347
Apr 22 2015 01: +0,0.433,404
Apr 23 2015 01: +0,0.441,365
Apr 24 2015 01: +0,0.448,373
Apr 25 2015 01: +0,0.46,441
Apr 26 2015 01: +0,0.451,395
Apr 27 2015 01: +0,0.463,375
Apr 28 2015 01: +0,0.48,335
Apr 29 2015 01: +0,0.498,306
Apr 30 2015 01: +0,0.514,369
May 01 2015 01: +0,0.527,338
May 02 2015 01: +0,0.523,395
May 03 2015 01: +0,0.521,358
May 04 2015 01: +0,0.535,308
May 05 2015 01: +0,0.533,311
May 06 2015 01: +0,0.539,313
May 07 2015 01: +0,0.543,276
May 08 2015 01: +0,0.535,377
May 09 2015 01: +0,0.552,396
May 10 2015 01: +0,0.553,357
May 11 2015 01: +0,0.549,347
May 12 2015 01: +0,0.575,242
May 13 2015 01: +0,0.568,258
May 14 2015 01: +0,0.568,234
May 15 2015 01: +0,0.574,309
May 16 2015 01: +0,0.608,422
May 17 2015 01: +0,0.641,319
May 18 2015 01: +0,0.661,256
May 19 2015 01: +0,0.645,259
May 20 2015 01: +0,0.66,228
May 21 2015 01: +0,0.664,216
May 22 2015 01: +0,0.669,279
May 23 2015 01: +0,0.67,309
May 24 2015 01: +0,0.667,251
May 25 2015 01: +0,0.67,254
May 26 2015 01: +0,0.636,334
May 27 2015 01: +0,0.443,439
May 28 2015 01: +0,0.536,374
May 29 2015 01: +0,0.588,319
May 30 2015 01: +0,0.598,345
May 31 2015 01: +0,0.606,326
Jun 01 2015 01: +0,0.598,371
Jun 02 2015 01: +0,0.614,330
Jun 03 2015 01: +0,0.592,350
Jun 04 2015 01: +0,0.567,339
Jun 05 2015 01: +0,0.531,422
Jun 06 2015 01: +0,0.557,354
Jun 07 2015 01: +0,0.548,342
Jun 08 2015 01: +0,0.569,280
Jun 09 2015 01: +0,0.572,252
Jun 10 2015 01: +0,0.563,310
Jun 11 2015 01: +0,0.56,300
Jun 12 2015 01: +0,0.5,505
Jun 13 2015 01: +0,0.484,807
Jun 14 2015 01: +0,0.484,614
Jun 15 2015 01: +0,0.496,442
Jun 16 2015 01: +0,0.51,482
Jun 17 2015 01: +0,0.547,301
Jun 18 2015 01: +0,0.582,237
Jun 19 2015 01: +0,0.567,311
Jun 20 2015 01: +0,0.557,336
Jun 21 2015 01: +0,0.532,363
Jun 22 2015 01: +0,0.522,346
Jun 23 2015 01: +0,0.563,278
Jun 24 2015 01: +0,0.601,270
Jun 25 2015 01: +0,0.615,285
Jun 26 2015 01: +0,0.636,285
Jun 27 2015 01: +0,0.645,301
Jun 28 2015 01: +0,0.658,268
Jun 29 2015 01: +0,0.657,270
Jun 30 2015 01: +0,0.672,288
Jul 01 2015 01: +0,0.689,236
Jul 02 2015 01: +0,0.695,270
Jul 03 2015 01: +0,0.697,283
Jul 04 2015 01: +0,0.712,212
Jul 05 2015 01: +0,0.7,228
Jul 06 2015 01: +0,0.686,271
Jul 07 2015 01: +0,0.702,338
Jul 08 2015 01: +0,0.71,198
Jul 09 2015 01: +0,0.717,275
Jul 10 2015 01: +0,0.705,288
Jul 11 2015 01: +0,0.716,216
Jul 12 2015 01: +0,0.707,257
Jul 13 2015 01: +0,0.717,236
Jul 14 2015 01: +0,0.752,211
Jul 15 2015 01: +0,0.765,218
Jul 16 2015 01: +0,0.767,192
Jul 17 2015 01: +0,0.817,139
Jul 18 2015 01: +0,0.772,174
Jul 19 2015 01: +0,0.775,220
Jul 20 2015 01: +0,0.786,191
Jul 21 2015 01: +0,0.792,217
Jul 22 2015 01: +0,0.739,286
Jul 23 2015 01: +0,0.778,208
Jul 24 2015 01: +0,0.78,195
Jul 25 2015 01: +0,0.801,153
Jul 26 2015 01: +0,0.778,157
Jul 27 2015 01: +0,0.789,200
Jul 28 2015 01: +0,0.728,242
Jul 29 2015 01: +0,0.733,235
Jul 30 2015 01: +0,0.738,213
Jul 31 2015 01: +0,0.745,172
Aug 01 2015 01: +0,0.745,213
Aug 02 2015 01: +0,0.764,177
Aug 03 2015 01: +0,0.816,240
Aug 04 2015 01: +0,0.778,154
Aug 05 2015 01: +0,0.749,233
Aug 06 2015 01: +0,0.753,198
Aug 07 2015 01: +0,0.754,224
Aug 08 2015 01: +0,0.756,174
Aug 09 2015 01: +0,0.755,171
Aug 10 2015 01: +0,0.78,195
Aug 11 2015 01: +0,0.752,211
Aug 12 2015 01: +0,0.747,224
Aug 13 2015 01: +0,0.764,202
Aug 14 2015 01: +0,0.779,146
Aug 15 2015 01: +0,0.606,206
Aug 16 2015 01: +0,0.575,158
Aug 17 2015 01: +0,0.558,182
Aug 18 2015 01: +0,0.588,145
Aug 19 2015 01: +0,0.569,181
Aug 20 2015 01: +0,0.547,149
Aug 21 2015 01: +0,0.469,270
Aug 22 2015 01: +0,0.454,209
Aug 23 2015 01: +0,0.415,164
Aug 24 2015 01: +0,0.386,189
Aug 25 2015 01: +0,0.445,123
Aug 26 2015 01: +0,0.495,132
Aug 27 2015 01: +0,0.514,113
Aug 28 2015 01: +0,0.533,93
Aug 29 2015 01: +0,0.616,93
Aug 30 2015 01: +0,0.545,131
Aug 31 2015 01: +0,0.56,107
Sep 01 2015 01: +0,0.579,113
Sep 02 2015 01: +0,0.489,98
Sep 03 2015 01: +0,0.491,116
Sep 04 2015 01: +0,0.513,95
Sep 05 2015 01: +0,0.489,122
Sep 06 2015 01: +0,0.478,108
Sep 07 2015 01: +0,0.476,122
Sep 08 2015 01: +0,0.497,115
Sep 09 2015 01: +0,0.499,90
Sep 10 2015 01: +0,0.502,142
Sep 11 2015 01: +0,0.528,131
Sep 12 2015 01: +0,0.529,131
Sep 13 2015 01: +0,0.551,114
Sep 14 2015 01: +0,0.516,113
Sep 15 2015 01: +0,0.501,110
Sep 16 2015 01: +0,0.55,133
Sep 17 2015 01: +0,0.512,105
Sep 18 2015 01: +0,0.517,161
Sep 19 2015 01: +0,0.563,201
Sep 20 2015 01: +0,0.562,149
Sep 21 2015 01: +0,0.551,139
Sep 22 2015 01: +0,0.542,113
Sep 23 2015 01: +0,0.58,119
Sep 24 2015 01: +0,0.568,131
Sep 25 2015 01: +0,0.578,139
Sep 26 2015 01: +0,0.612,163
Sep 27 2015 01: +0,0.591,119
Sep 28 2015 01: +0,0.587,142
Sep 29 2015 01: +0,0.587,128
Sep 30 2015 01: +0,0.59,94
Oct 01 2015 01: +0,0.578,115
Oct 02 2015 01: +0,0.568,140
Oct 03 2015 01: +0,0.596,169
Oct 04 2015 01: +0,0.588,131
Oct 05 2015 01: +0,0.595,99
Oct 06 2015 01: +0,0.608,112
Oct 07 2015 01: +0,0.617,115
Oct 08 2015 01: +0,0.605,119
Oct 09 2015 01: +0,0.682,114
Oct 10 2015 01: +0,0.681,94
Oct 11 2015 01: +0,0.643,106
Oct 12 2015 01: +0,0.64,120
Oct 13 2015 01: +0,0.639,101
Oct 14 2015 01: +0,0.659,86
Oct 15 2015 01: +0,0.7,88
Oct 16 2015 01: +0,0.684,83
Oct 17 2015 01: +0,0.731,124
Oct 18 2015 01: +0,0.629,111
Oct 19 2015 01: +0,0.614,100
Oct 20 2015 01: +0,0.65,97
Oct 21 2015 01: +0,0.584,98
Oct 22 2015 01: +0,0.576,104
Oct 23 2015 01: +0,0.599,95
Oct 24 2015 01: +0,0.589,116
Oct 25 2015 01: +0,0.608,89
Oct 26 2015 01: +0,0.587,83
Oct 27 2015 01: +0,0.598,91
Oct 28 2015 01: +0,0.511,87
Oct 29 2015 01: +0,0.516,86
Oct 30 2015 01: +0,0.566,80
Oct 31 2015 01: +0,0.572,136
Nov 01 2015 01: +0,0.479,128
Nov 02 2015 01: +0,0.465,98
Nov 03 2015 01: +0,0.496,99
Nov 04 2015 01: +0,0.448,98
Nov 05 2015 01: +0,0.515,93
Nov 06 2015 01: +0,0.502,139
Nov 07 2015 01: +0,0.536,113
Nov 08 2015 01: +0,0.509,105
Nov 09 2015 01: +0,0.566,85
Nov 10 2015 01: +0,0.514,62
Nov 11 2015 01: +0,0.551,94
Nov 12 2015 01: +0,0.578,64
Nov 13 2015 01: +0,0.609,78
Nov 14 2015 01: +0,0.592,94
Nov 15 2015 01: +0,0.569,94
Nov 16 2015 01: +0,0.615,64
Nov 17 2015 01: +0,0.637,72
Nov 18 2015 01: +0,0.643,64
Nov 19 2015 01: +0,0.548,65
Nov 20 2015 01: +0,0.607,112
Nov 21 2015 01: +0,0.645,87
Nov 22 2015 01: +0,0.642,58
Nov 23 2015 01: +0,0.596,93
Nov 24 2015 01: +0,0.596,93
Nov 25 2015 01: +0,0.569,102
Nov 26 2015 01: +0,0.535,79
Nov 27 2015 01: +0,0.567,83
Nov 28 2015 01: +0,0.552,103
Nov 29 2015 01: +0,0.514,114
Nov 30 2015 01: +0,0.56,62
Dec 01 2015 01: +0,0.525,74
Dec 02 2015 01: +0,0.541,103
Dec 03 2015 01: +0,0.559,76
Dec 04 2015 01: +0,0.541,127
Dec 05 2015 01: +0,0.564,137
Dec 06 2015 01: +0,0.586,105
Dec 07 2015 01: +0,0.607,68
Dec 08 2015 01: +0,0.633,74
Dec 09 2015 01: +0,0.565,122
Dec 10 2015 01: +0,0.559,102
Dec 11 2015 01: +0,0.572,107
Dec 12 2015 01: +0,0.627,146
Dec 13 2015 01: +0,0.65,83
Dec 14 2015 01: +0,0.609,83
Dec 15 2015 01: +0,0.62,99
Dec 16 2015 01: +0,0.662,77
Dec 17 2015 01: +0,0.681,80
Dec 18 2015 01: +0,0.72,76
Dec 19 2015 01: +0,0.711,69
Dec 20 2015 01: +0,0.692,97
Dec 21 2015 01: +0,0.73,90
Dec 22 2015 01: +0,0.788,63
Dec 23 2015 01: +0,0.684,79
Dec 24 2015 01: +0,0.732,77
Dec 25 2015 01: +0,0.787,89
Dec 26 2015 01: +0,0.727,85
Dec 27 2015 01: +0,0.724,101
Dec 28 2015 01: +0,0.714,82
Dec 29 2015 01: +0,0.748,100
Dec 30 2015 01: +0,0.792,75
Dec 31 2015 01: +0,0.777,80
Jan 01 2016 01: +0,0.787,83
Jan 02 2016 01: +0,0.769,98
Jan 03 2016 01: +0,0.739,89
Jan 04 2016 01: +0,0.718,101
Jan 05 2016 01: +0,0.755,92
Jan 06 2016 01: +0,0.747,112
Jan 07 2016 01: +0,0.839,110
Jan 08 2016 01: +0,0.926,100
Jan 09 2016 01: +0,1.151,167
Jan 10 2016 01: +0,1.06,74
Jan 11 2016 01: +0,1.087,63
Jan 12 2016 01: +0,1.049,37
Jan 13 2016 01: +0,0.981,41
Jan 14 2016 01: +0,0.99,73
Jan 15 2016 01: +0,1.013,75
Jan 16 2016 01: +0,0.929,70
Jan 17 2016 01: +0,1.019,63
Jan 18 2016 01: +0,1.032,60
Jan 19 2016 01: +0,0.961,46
Jan 20 2016 01: +0,0.921,72
Jan 21 2016 01: +0,0.977,85
Jan 22 2016 01: +0,1.058,50
Jan 23 2016 01: +0,1.021,61
Jan 24 2016 01: +0,1.02,71
Jan 25 2016 01: +0,1.034,43
Jan 26 2016 01: +0,1.078,58
Jan 27 2016 01: +0,1.103,61
Jan 28 2016 01: +0,1.048,40
Jan 29 2016 01: +0,0.972,45
Jan 30 2016 01: +0,1.039,83
Jan 31 2016 01: +0,1.083,53
Feb 01 2016 01: +0,1.137,48
Feb 02 2016 01: +0,1.084,57
Feb 03 2016 01: +0,1.029,51
Feb 04 2016 01: +0,1.05,43
Feb 05 2016 01: +0,1.032,53
Feb 06 2016 01: +0,0.994,92
Feb 07 2016 01: +0,0.982,63
Feb 08 2016 01: +0,1.06,51
Feb 09 2016 01: +0,1.035,50
Feb 10 2016 01: +0,1.034,51
Feb 11 2016 01: +0,0.936,54
Feb 12 2016 01: +0,0.959,46
Feb 13 2016 01: +0,1.023,88
Feb 14 2016 01: +0,0.991,73
Feb 15 2016 01: +0,1.075,65
Feb 16 2016 01: +0,1.014,67
Feb 17 2016 01: +0,1.102,39
Feb 18 2016 01: +0,0.912,75
Feb 19 2016 01: +0,0.974,85
Feb 20 2016 01: +0,0.956,71
Feb 21 2016 01: +0,1.022,77
Feb 22 2016 01: +0,1.061,61
Feb 23 2016 01: +0,1.073,43
Feb 24 2016 01: +0,1.044,51
Feb 25 2016 01: +0,1.033,58
Feb 26 2016 01: +0,1.037,68
Feb 27 2016 01: +0,1.046,75
Feb 28 2016 01: +0,1.104,42
Feb 29 2016 01: +0,1.147,66
Mar 01 2016 01: +0,1.051,48
Mar 02 2016 01: +0,1.031,63
Mar 03 2016 01: +0,1.016,63
Mar 04 2016 01: +0,1.069,76
Mar 05 2016 01: +0,1.073,75
Mar 06 2016 01: +0,1.102,55
Mar 07 2016 01: +0,1,104
Mar 08 2016 01: +0,0.959,52
Mar 09 2016 01: +0,0.965,48
Mar 10 2016 01: +0,1,47
Mar 11 2016 01: +0,1.043,54
Mar 12 2016 01: +0,1.064,68
Mar 13 2016 01: +0,1.037,51
Mar 14 2016 01: +0,1.128,41
Mar 15 2016 01: +0,1.147,46
Mar 16 2016 01: +0,1.197,66
Mar 17 2016 01: +0,1.174,43
Mar 18 2016 01: +0,1.042,43
Mar 19 2016 01: +0,1.055,32
Mar 20 2016 01: +0,1.014,49
Mar 21 2016 01: +0,1.057,42
Mar 22 2016 01: +0,1.028,17
Mar 23 2016 01: +0,0.92,51
Mar 24 2016 01: +0,0.923,51
Mar 25 2016 01: +0,0.843,52
Mar 26 2016 01: +0,0.918,66
Mar 27 2016 01: +0,0.975,65
Mar 28 2016 01: +0,0.969,50
Mar 29 2016 01: +0,1.04,51
Mar 30 2016 01: +0,1.004,59
Mar 31 2016 01: +0,0.944,48
Apr 01 2016 01: +0,1.047,66
Apr 02 2016 01: +0,1.093,46
Apr 03 2016 01: +0,0.933,75
Apr 04 2016 01: +0,0.854,37
Apr 05 2016 01: +0,0.941,40
Apr 06 2016 01: +0,0.923,31
Apr 07 2016 01: +0,0.965,38
Apr 08 2016 01: +0,0.947,37
Apr 09 2016 01: +0,1.023,65
Apr 10 2016 01: +0,0.957,52
Apr 11 2016 01: +0,0.924,42
Apr 12 2016 01: +0,0.94,44
Apr 13 2016 01: +0,0.955,49
Apr 14 2016 01: +0,0.956,40
Apr 15 2016 01: +0,0.956,59
Apr 16 2016 01: +0,0.928,49
Apr 17 2016 01: +0,0.952,62
Apr 18 2016 01: +0,0.942,42
Apr 19 2016 01: +0,0.916,38
Apr 20 2016 01: +0,0.944,44
Apr 21 2016 01: +0,0.974,44
Apr 22 2016 01: +0,0.925,64
Apr 23 2016 01: +0,0.957,48
Apr 24 2016 01: +0,0.994,44
Apr 25 2016 01: +0,0.951,58
Apr 26 2016 01: +0,0.967,49
Apr 27 2016 01: +0,0.974,40
Apr 28 2016 01: +0,0.989,40
Apr 29 2016 01: +0,0.984,72
Apr 30 2016 01: +0,1.027,60
May 01 2016 01: +0,1.079,55
May 02 2016 01: +0,1.13,33
May 03 2016 01: +0,1.126,29
May 04 2016 01: +0,1.048,42
May 05 2016 01: +0,1.071,27
May 06 2016 01: +0,1.173,33
May 07 2016 01: +0,1.181,34
May 08 2016 01: +0,1.125,39
May 09 2016 01: +0,1.103,36
May 10 2016 01: +0,1.12,37
May 11 2016 01: +0,1.071,28
May 12 2016 01: +0,1.154,33
May 13 2016 01: +0,1.227,35
May 14 2016 01: +0,1.07,39
May 15 2016 01: +0,1.148,47
May 16 2016 01: +0,1.064,44
May 17 2016 01: +0,1.154,40
May 18 2016 01: +0,1.153,27
May 19 2016 01: +0,1.065,26
May 20 2016 01: +0,1.029,29
May 21 2016 01: +0,1.09,65
May 22 2016 01: +0,1.084,45
May 23 2016 01: +0,1.067,29
May 24 2016 01: +0,1.201,27
May 25 2016 01: +0,1.154,35
May 26 2016 01: +0,1.166,39
May 27 2016 01: +0,1.138,54
May 28 2016 01: +0,1.09,44
May 29 2016 01: +0,1.099,43
May 30 2016 01: +0,1.19,31
May 31 2016 01: +0,1.154,25
Jun 01 2016 01: +0,1.136,51
Jun 02 2016 01: +0,1.188,20
Jun 03 2016 01: +0,1.082,43
Jun 04 2016 01: +0,1.202,49
Jun 05 2016 01: +0,1.099,32
Jun 06 2016 01: +0,1.045,45
Jun 07 2016 01: +0,1.109,22
Jun 08 2016 01: +0,1.174,38
Jun 09 2016 01: +0,1.207,27
Jun 10 2016 01: +0,1.154,38
Jun 11 2016 01: +0,1.166,40
Jun 12 2016 01: +0,1.144,34
Jun 13 2016 01: +0,1.224,54
Jun 14 2016 01: +0,1.249,37
Jun 15 2016 01: +0,1.2,26
Jun 16 2016 01: +0,1.234,47
Jun 17 2016 01: +0,1.273,34
Jun 18 2016 01: +0,1.194,27
Jun 19 2016 01: +0,1.086,41
Jun 20 2016 01: +0,1.146,27
Jun 21 2016 01: +0,1.079,33
Jun 22 2016 01: +0,1.093,40
Jun 23 2016 01: +0,1.089,35
Jun 24 2016 01: +0,0.995,37
Jun 25 2016 01: +0,0.914,26
Jun 26 2016 01: +0,0.894,29
Jun 27 2016 01: +0,0.79,39
Jun 28 2016 01: +0,0.78,41
Jun 29 2016 01: +0,0.915,22
Jun 30 2016 01: +0,0.774,43
Jul 01 2016 01: +0,0.862,41
Jul 02 2016 01: +0,0.873,31
Jul 03 2016 01: +0,0.831,26
Jul 04 2016 01: +0,0.694,47
Jul 05 2016 01: +0,0.785,35
Jul 06 2016 01: +0,0.885,30
Jul 07 2016 01: +0,1.015,30
Jul 08 2016 01: +0,1.062,21
Jul 09 2016 01: +0,0.874,34
Jul 10 2016 01: +0,0.745,45
Jul 11 2016 01: +0,0.71,29
Jul 12 2016 01: +0,0.856,39
Jul 13 2016 01: +0,0.889,34
Jul 14 2016 01: +0,0.918,36
Jul 15 2016 01: +0,1.025,18
Jul 16 2016 01: +0,0.971,31
Jul 17 2016 01: +0,0.982,29
Jul 18 2016 01: +0,0.906,24
Jul 19 2016 01: +0,0.992,28
Jul 20 2016 01: +0,0.922,31
Jul 21 2016 01: +0,0.967,33
Jul 22 2016 01: +0,0.905,14
Jul 23 2016 01: +0,0.949,18
Jul 24 2016 01: +0,0.899,29
Jul 25 2016 01: +0,0.864,29
Jul 26 2016 01: +0,0.867,29
Jul 27 2016 01: +0,0.852,21
Jul 28 2016 01: +0,0.808,18
Jul 29 2016 01: +0,0.903,41
Jul 30 2016 01: +0,1.034,32
Jul 31 2016 01: +0,0.931,28
Aug 01 2016 01: +0,1.014,23
Aug 02 2016 01: +0,1.072,20
Aug 03 2016 01: +0,1.107,27
Aug 04 2016 01: +0,1.082,21
Aug 05 2016 01: +0,1.024,34
Aug 06 2016 01: +0,0.865,26
Aug 07 2016 01: +0,0.846,25
Aug 08 2016 01: +0,1.017,34
Aug 09 2016 01: +0,1.059,34
Aug 10 2016 01: +0,1.039,24
Aug 11 2016 01: +0,0.947,22
Aug 12 2016 01: +0,1.059,22
Aug 13 2016 01: +0,1.057,25
Aug 14 2016 01: +0,0.976,26
Aug 15 2016 01: +0,0.997,39
Aug 16 2016 01: +0,1.052,22
Aug 17 2016 01: +0,0.966,23
Aug 18 2016 01: +0,0.914,27
Aug 19 2016 01: +0,0.957,29
Aug 20 2016 01: +0,0.938,22
Aug 21 2016 01: +0,0.875,35
Aug 22 2016 01: +0,0.981,33
Aug 23 2016 01: +0,1.075,24
Aug 24 2016 01: +0,0.907,32
Aug 25 2016 01: +0,1.026,16
Aug 26 2016 01: +0,0.961,34
Aug 27 2016 01: +0,0.814,27
Aug 28 2016 01: +0,0.821,44
Aug 29 2016 01: +0,0.802,34
Aug 30 2016 01: +0,0.916,46
Aug 31 2016 01: +0,0.897,23
Sep 01 2016 01: +0,0.938,21
Sep 02 2016 01: +0,0.912,45
Sep 03 2016 01: +0,0.876,19
Sep 04 2016 01: +0,0.914,33
Sep 05 2016 01: +0,0.946,32
Sep 06 2016 01: +0,0.946,23
Sep 07 2016 01: +0,0.966,19
Sep 08 2016 01: +0,0.949,22
Sep 09 2016 01: +0,0.883,24
Sep 10 2016 01: +0,0.855,46
Sep 11 2016 01: +0,0.89,40
Sep 12 2016 01: +0,0.836,21
Sep 13 2016 01: +0,0.821,26
Sep 14 2016 01: +0,0.863,21
Sep 15 2016 01: +0,0.889,24
Sep 16 2016 01: +0,0.904,26
Sep 17 2016 01: +0,0.918,34
Sep 18 2016 01: +0,0.837,34
Sep 19 2016 01: +0,0.897,27
Sep 20 2016 01: +0,0.891,16
Sep 21 2016 01: +0,0.841,25
Sep 22 2016 01: +0,0.873,24
Sep 23 2016 01: +0,0.865,38
Sep 24 2016 01: +0,0.804,36
Sep 25 2016 01: +0,0.806,29
Sep 26 2016 01: +0,0.887,27
Sep 27 2016 01: +0,0.824,22
Sep 28 2016 01: +0,0.883,25
Sep 29 2016 01: +0,0.935,21
Sep 30 2016 01: +0,0.871,29
Oct 01 2016 01: +0,0.842,35
Oct 02 2016 01: +0,0.862,30
Oct 03 2016 01: +0,0.854,24
Oct 04 2016 01: +0,0.836,17
Oct 05 2016 01: +0,0.796,18
Oct 06 2016 01: +0,0.784,32
Oct 07 2016 01: +0,0.734,24
Oct 08 2016 01: +0,0.78,46
Oct 09 2016 01: +0,0.822,37
Oct 10 2016 01: +0,0.79,27
Oct 11 2016 01: +0,0.781,22
Oct 12 2016 01: +0,0.762,23
Oct 13 2016 01: +0,0.733,23
Oct 14 2016 01: +0,0.718,28
Oct 15 2016 01: +0,0.775,32
Oct 16 2016 01: +0,0.802,48
Oct 17 2016 01: +0,0.87,34
Oct 18 2016 01: +0,0.75,16
Oct 19 2016 01: +0,0.663,18
Oct 20 2016 01: +0,0.737,19
Oct 21 2016 01: +0,0.738,35
Oct 22 2016 01: +0,0.689,34
Oct 23 2016 01: +0,0.715,26
Oct 24 2016 01: +0,0.718,18
Oct 25 2016 01: +0,0.753,27
Oct 26 2016 01: +0,0.732,22
Oct 27 2016 01: +0,0.724,27
Oct 28 2016 01: +0,0.753,37
Oct 29 2016 01: +0,0.802,36
Oct 30 2016 01: +0,0.916,24
Oct 31 2016 01: +0,0.888,22
Nov 01 2016 01: +0,0.85,16
Nov 02 2016 01: +0,0.847,22
Nov 03 2016 01: +0,0.778,9
Nov 04 2016 01: +0,0.797,24
Nov 05 2016 01: +0,0.757,31
Nov 06 2016 01: +0,0.737,33
Nov 07 2016 01: +0,0.787,25
Nov 08 2016 01: +0,0.804,15
Nov 09 2016 01: +0,0.835,31
Nov 10 2016 01: +0,0.907,19
Nov 11 2016 01: +0,0.945,31
Nov 12 2016 01: +0,0.855,25
Nov 13 2016 01: +0,0.818,25
Nov 14 2016 01: +0,0.825,20
Nov 15 2016 01: +0,0.827,31
Nov 16 2016 01: +0,0.862,9
Nov 17 2016 01: +0,0.803,26
Nov 18 2016 01: +0,0.785,33
Nov 19 2016 01: +0,0.901,34
Nov 20 2016 01: +0,0.855,31
Nov 21 2016 01: +0,0.777,25
Nov 22 2016 01: +0,0.775,23
Nov 23 2016 01: +0,0.773,30
Nov 24 2016 01: +0,0.645,16
Nov 25 2016 01: +0,0.642,34
Nov 26 2016 01: +0,0.734,30
Nov 27 2016 01: +0,0.686,36
Nov 28 2016 01: +0,0.74,26
Nov 29 2016 01: +0,0.637,25
Nov 30 2016 01: +0,0.716,26
Dec 01 2016 01: +0,0.783,20
Dec 02 2016 01: +0,0.762,23
Dec 03 2016 01: +0,0.763,43
Dec 04 2016 01: +0,0.811,30
Dec 05 2016 01: +0,0.845,26
Dec 06 2016 01: +0,0.817,20
Dec 07 2016 01: +0,0.844,39
Dec 08 2016 01: +0,0.755,31
Dec 09 2016 01: +0,0.801,36
Dec 10 2016 01: +0,0.853,35
Dec 11 2016 01: +0,0.846,47
Dec 12 2016 01: +0,0.741,25
Dec 13 2016 01: +0,0.712,19
Dec 14 2016 01: +0,0.725,25
Dec 15 2016 01: +0,0.648,33
Dec 16 2016 01: +0,0.729,33
Dec 17 2016 01: +0,0.754,24
Dec 18 2016 01: +0,0.749,40
Dec 19 2016 01: +0,0.74,41
Dec 20 2016 01: +0,0.796,36
Dec 21 2016 01: +0,0.751,27
Dec 22 2016 01: +0,0.725,33
Dec 23 2016 01: +0,0.714,19
Dec 24 2016 01: +0,0.616,78
Dec 25 2016 01: +0,0.646,66
Dec 26 2016 01: +0,0.775,37
Dec 27 2016 01: +0,0.859,27
Dec 28 2016 01: +0,0.817,42
Dec 29 2016 01: +0,0.688,42
Dec 30 2016 01: +0,0.691,39
Dec 31 2016 01: +0,0.688,29
Jan 01 2017 01: +0,0.687,53
Jan 02 2017 01: +0,0.691,58
Jan 03 2017 01: +0,0.75,31
Jan 04 2017 01: +0,0.771,36
Jan 05 2017 01: +0,0.8,27
Jan 06 2017 01: +0,0.734,53
Jan 07 2017 01: +0,0.817,42
Jan 08 2017 01: +0,0.753,52
Jan 09 2017 01: +0,0.791,32
Jan 10 2017 01: +0,0.871,31
Jan 11 2017 01: +0,0.855,24
Jan 12 2017 01: +0,0.88,24
Jan 13 2017 01: +0,0.767,34
Jan 14 2017 01: +0,0.779,44
Jan 15 2017 01: +0,0.828,32
Jan 16 2017 01: +0,0.782,21
Jan 17 2017 01: +0,0.788,22
Jan 18 2017 01: +0,0.777,17
Jan 19 2017 01: +0,0.784,27
Jan 20 2017 01: +0,0.859,23
Jan 21 2017 01: +0,0.846,16
Jan 22 2017 01: +0,0.839,24
Jan 23 2017 01: +0,0.871,15
Jan 24 2017 01: +0,0.852,19
Jan 25 2017 01: +0,0.89,23
Jan 26 2017 01: +0,0.794,11
Jan 27 2017 01: +0,0.717,14
Jan 28 2017 01: +0,0.689,34
Jan 29 2017 01: +0,0.614,34
Jan 30 2017 01: +0,0.598,22
Jan 31 2017 01: +0,0.647,24
Feb 01 2017 01: +0,0.64,16
Feb 02 2017 01: +0,0.627,24
Feb 03 2017 01: +0,0.614,32
Feb 04 2017 01: +0,0.596,25
Feb 05 2017 01: +0,0.628,28
Feb 06 2017 01: +0,0.609,27
Feb 07 2017 01: +0,0.633,29
Feb 08 2017 01: +0,0.662,37
Feb 09 2017 01: +0,0.708,17
Feb 10 2017 01: +0,0.642,42
Feb 11 2017 01: +0,0.617,40
Feb 12 2017 01: +0,0.722,29
Feb 13 2017 01: +0,0.608,31
Feb 14 2017 01: +0,0.619,47
Feb 15 2017 01: +0,0.623,17
Feb 16 2017 01: +0,0.652,18
Feb 17 2017 01: +0,0.644,16
Feb 18 2017 01: +0,0.672,33
Feb 19 2017 01: +0,0.657,37
Feb 20 2017 01: +0,0.62,31
Feb 21 2017 01: +0,0.666,21
Feb 22 2017 01: +0,0.626,19
Feb 23 2017 01: +0,0.584,43
Feb 24 2017 01: +0,0.626,26
Feb 25 2017 01: +0,0.71,35
Feb 26 2017 01: +0,0.694,28
Feb 27 2017 01: +0,0.688,29
Feb 28 2017 01: +0,0.676,23
Mar 01 2017 01: +0,0.635,18
Mar 02 2017 01: +0,0.581,22
Mar 03 2017 01: +0,0.616,33
Mar 04 2017 01: +0,0.698,36
Mar 05 2017 01: +0,0.779,24
Mar 06 2017 01: +0,0.738,16
Mar 07 2017 01: +0,0.727,24
Mar 08 2017 01: +0,0.679,15
Mar 09 2017 01: +0,0.763,34
Mar 10 2017 01: +0,0.771,30
Mar 11 2017 01: +0,0.779,21
Mar 12 2017 01: +0,0.774,20
Mar 13 2017 01: +0,0.722,29
Mar 14 2017 01: +0,0.795,19
Mar 15 2017 01: +0,0.748,18
Mar 16 2017 01: +0,0.801,22
Mar 17 2017 01: +0,0.825,25
Mar 18 2017 01: +0,0.782,32
Mar 19 2017 01: +0,0.759,23
Mar 20 2017 01: +0,0.779,10
Mar 21 2017 01: +0,0.836,21
Mar 22 2017 01: +0,0.812,12
Mar 23 2017 01: +0,0.813,23
Mar 24 2017 01: +0,0.847,25
Mar 25 2017 01: +0,0.847,19
Mar 26 2017 01: +0,0.846,20
Mar 27 2017 01: +0,0.738,16
Mar 28 2017 01: +0,0.734,23
Mar 29 2017 01: +0,0.771,21
Mar 30 2017 01: +0,0.731,13
Mar 31 2017 01: +0,0.805,28
Apr 01 2017 01: +0,0.884,28
Apr 02 2017 01: +0,0.837,20
Apr 03 2017 01: +0,0.828,15
Apr 04 2017 01: +0,0.784,24
Apr 05 2017 01: +0,0.82,21
Apr 06 2017 01: +0,0.86,15
Apr 07 2017 01: +0,0.821,15
Apr 08 2017 01: +0,0.779,25
Apr 09 2017 01: +0,0.835,21
Apr 10 2017 01: +0,0.879,27
Apr 11 2017 01: +0,0.774,16
Apr 12 2017 01: +0,0.801,20
Apr 13 2017 01: +0,0.848,20
Apr 14 2017 01: +0,0.877,23
Apr 15 2017 01: +0,0.849,18
Apr 16 2017 01: +0,0.823,24
Apr 17 2017 01: +0,0.779,33
Apr 18 2017 01: +0,0.769,28
Apr 19 2017 01: +0,0.787,18
Apr 20 2017 01: +0,0.774,23
Apr 21 2017 01: +0,0.766,25
Apr 22 2017 01: +0,0.782,22
Apr 23 2017 01: +0,0.779,29
Apr 24 2017 01: +0,0.807,20
Apr 25 2017 01: +0,0.816,20
Apr 26 2017 01: +0,0.78,18
Apr 27 2017 01: +0,0.785,20
Apr 28 2017 01: +0,0.794,21
Apr 29 2017 01: +0,0.782,28
Apr 30 2017 01: +0,0.759,30
May 01 2017 01: +0,0.798,28
May 02 2017 01: +0,0.788,26
May 03 2017 01: +0,0.796,17
May 04 2017 01: +0,0.785,23
May 05 2017 01: +0,0.811,26
May 06 2017 01: +0,0.818,18
May 07 2017 01: +0,0.786,33
May 08 2017 01: +0,0.735,21
May 09 2017 01: +0,0.703,37
May 10 2017 01: +0,0.798,19
May 11 2017 01: +0,0.749,14
May 12 2017 01: +0,0.69,29
May 13 2017 01: +0,0.727,27
May 14 2017 01: +0,0.824,21
May 15 2017 01: +0,0.766,16
May 16 2017 01: +0,0.76,17
May 17 2017 01: +0,0.783,22
May 18 2017 01: +0,0.764,18
May 19 2017 01: +0,0.771,20
May 20 2017 01: +0,0.799,30
May 21 2017 01: +0,0.792,23
May 22 2017 01: +0,0.777,20
May 23 2017 01: +0,0.792,15
May 24 2017 01: +0,0.762,37
May 25 2017 01: +0,0.755,21
May 26 2017 01: +0,0.822,31
May 27 2017 01: +0,0.784,25
May 28 2017 01: +0,0.74,28
May 29 2017 01: +0,0.707,39
May 30 2017 01: +0,0.739,25
May 31 2017 01: +0,0.78,23
Jun 01 2017 01: +0,0.766,33
Jun 02 2017 01: +0,0.79,18
Jun 03 2017 01: +0,0.768,25
Jun 04 2017 01: +0,0.75,21
Jun 05 2017 01: +0,0.738,32
Jun 06 2017 01: +0,0.716,23
Jun 07 2017 01: +0,0.725,28
Jun 08 2017 01: +0,0.809,18
Jun 09 2017 01: +0,0.81,29
Jun 10 2017 01: +0,0.852,33
Jun 11 2017 01: +0,0.707,26
Jun 12 2017 01: +0,0.803,23
Jun 13 2017 01: +0,0.802,21
Jun 14 2017 01: +0,0.762,18
Jun 15 2017 01: +0,0.728,21
Jun 16 2017 01: +0,0.728,23
Jun 17 2017 01: +0,0.77,14
Jun 18 2017 01: +0,0.761,23
Jun 19 2017 01: +0,0.757,22
Jun 20 2017 01: +0,0.807,10
Jun 21 2017 01: +0,0.727,14
Jun 22 2017 01: +0,0.763,39
Jun 23 2017 01: +0,0.701,23
Jun 24 2017 01: +0,0.698,16
Jun 25 2017 01: +0,0.668,26
Jun 26 2017 01: +0,0.689,18
Jun 27 2017 01: +0,0.747,18
Jun 28 2017 01: +0,0.761,23
Jun 29 2017 01: +0,0.81,17
Jun 30 2017 01: +0,0.837,9
Jul 01 2017 01: +0,0.747,14
Jul 02 2017 01: +0,0.736,10
Jul 03 2017 01: +0,0.728,22
Jul 04 2017 01: +0,0.753,13
Jul 05 2017 01: +0,0.731,14
Jul 06 2017 01: +0,0.807,14
Jul 07 2017 01: +0,0.737,24
Jul 08 2017 01: +0,0.727,17
Jul 09 2017 01: +0,0.769,17
Jul 10 2017 01: +0,0.8,13
Jul 11 2017 01: +0,0.766,11
Jul 12 2017 01: +0,0.783,16
Jul 13 2017 01: +0,0.689,13
Jul 14 2017 01: +0,0.663,24
Jul 15 2017 01: +0,0.647,11
Jul 16 2017 01: +0,0.656,39
Jul 17 2017 01: +0,0.648,14
Jul 18 2017 01: +0,0.714,26
Jul 19 2017 01: +0,0.642,21
Jul 20 2017 01: +0,0.792,63
Jul 21 2017 01: +0,0.787,20
Jul 22 2017 01: +0,0.889,34
Jul 23 2017 01: +0,0.813,34
Jul 24 2017 01: +0,0.811,13
Jul 25 2017 01: +0,0.81,18
Jul 26 2017 01: +0,0.823,20
Jul 27 2017 01: +0,0.84,26
Jul 28 2017 01: +0,0.841,18
Jul 29 2017 01: +0,0.85,46
Jul 30 2017 01: +0,0.841,19
Jul 31 2017 01: +0,0.9,12
Aug 01 2017 01: +0,0.903,11
Aug 02 2017 01: +0,0.883,19
Aug 03 2017 01: +0,0.843,37
Aug 04 2017 01: +0,0.828,14
Aug 05 2017 01: +0,0.858,25
Aug 06 2017 01: +0,0.887,27
Aug 07 2017 01: +0,0.925,26
Aug 08 2017 01: +0,0.962,41
Aug 09 2017 01: +0,1.032,47
Aug 10 2017 01: +0,1.06,27
Aug 11 2017 01: +0,0.961,17
Aug 12 2017 01: +0,0.839,17
Aug 13 2017 01: +0,0.858,20
Aug 14 2017 01: +0,0.886,12
Aug 15 2017 01: +0,0.888,10
Aug 16 2017 01: +0,0.824,12
Aug 17 2017 01: +0,0.848,19
Aug 18 2017 01: +0,0.812,15
Aug 19 2017 01: +0,0.796,12
Aug 20 2017 01: +0,0.817,14
Aug 21 2017 01: +0,0.759,19
Aug 22 2017 01: +0,0.771,16
Aug 23 2017 01: +0,0.681,15
Aug 24 2017 01: +0,0.652,34
Aug 25 2017 01: +0,0.654,17
Aug 26 2017 01: +0,0.699,14
Aug 27 2017 01: +0,0.642,22
Aug 28 2017 01: +0,0.712,12
Aug 29 2017 01: +0,0.714,17
Aug 30 2017 01: +0,0.666,15
Aug 31 2017 01: +0,0.714,18
Sep 01 2017 01: +0,0.633,20
Sep 02 2017 01: +0,0.691,23
Sep 03 2017 01: +0,0.696,22
Sep 04 2017 01: +0,0.761,59
Sep 05 2017 01: +0,0.734,11
Sep 06 2017 01: +0,0.777,11
Sep 07 2017 01: +0,0.708,25
Sep 08 2017 01: +0,0.728,12
Sep 09 2017 01: +0,0.782,19
Sep 10 2017 01: +0,0.745,19
Sep 11 2017 01: +0,0.726,26
Sep 12 2017 01: +0,0.667,20
Sep 13 2017 01: +0,0.682,25
Sep 14 2017 01: +0,0.723,21
Sep 15 2017 01: +0,0.772,25
Sep 16 2017 01: +0,0.853,13
Sep 17 2017 01: +0,0.845,17
Sep 18 2017 01: +0,0.777,15
Sep 19 2017 01: +0,0.833,13
Sep 20 2017 01: +0,0.772,17
Sep 21 2017 01: +0,0.772,14
Sep 22 2017 01: +0,0.663,16
Sep 23 2017 01: +0,0.719,18
Sep 24 2017 01: +0,0.69,20
Sep 25 2017 01: +0,0.665,16
Sep 26 2017 01: +0,0.699,20
Sep 27 2017 01: +0,0.713,19
Sep 28 2017 01: +0,0.742,16
Sep 29 2017 01: +0,0.713,33
Sep 30 2017 01: +0,0.716,44
Oct 01 2017 01: +0,0.722,37
Oct 02 2017 01: +0,0.689,52
Oct 03 2017 01: +0,0.672,30
Oct 04 2017 01: +0,0.716,26
Oct 05 2017 01: +0,0.716,23
Oct 06 2017 01: +0,0.712,13
Oct 07 2017 01: +0,0.754,12
Oct 08 2017 01: +0,0.771,22
Oct 09 2017 01: +0,0.805,19
Oct 10 2017 01: +0,0.777,15
Oct 11 2017 01: +0,0.849,7
Oct 12 2017 01: +0,0.761,21
Oct 13 2017 01: +0,0.813,21
Oct 14 2017 01: +0,0.784,10
Oct 15 2017 01: +0,0.812,21
Oct 16 2017 01: +0,0.839,17
Oct 17 2017 01: +0,0.771,13
Oct 18 2017 01: +0,0.778,13
Oct 19 2017 01: +0,0.801,18
Oct 20 2017 01: +0,0.776,10
Oct 21 2017 01: +0,0.772,7
Oct 22 2017 01: +0,0.788,16
Oct 23 2017 01: +0,0.715,12
Oct 24 2017 01: +0,0.722,13
Oct 25 2017 01: +0,0.678,19
Oct 26 2017 01: +0,0.679,11
Oct 27 2017 01: +0,0.743,14
Oct 28 2017 01: +0,0.691,12
Oct 29 2017 01: +0,0.669,7
Oct 30 2017 01: +0,0.683,14
Oct 31 2017 01: +0,0.665,16
Nov 01 2017 01: +0,0.701,9
Nov 02 2017 01: +0,0.722,13
Nov 03 2017 01: +0,0.71,18
Nov 04 2017 01: +0,0.739,14
Nov 05 2017 01: +0,0.732,13
Nov 06 2017 01: +0,0.645,16
Nov 07 2017 01: +0,0.663,13
Nov 08 2017 01: +0,0.743,7
Nov 09 2017 01: +0,0.751,6
Nov 10 2017 01: +0,0.668,14
Nov 11 2017 01: +0,0.713,13
Nov 12 2017 01: +0,0.737,19
Nov 13 2017 01: +0,0.7,7
Nov 14 2017 01: +0,0.639,12
Nov 15 2017 01: +0,0.678,23
Nov 16 2017 01: +0,0.686,12
Nov 17 2017 01: +0,0.671,14
Nov 18 2017 01: +0,0.659,20
Nov 19 2017 01: +0,0.639,12
Nov 20 2017 01: +0,0.653,13
Nov 21 2017 01: +0,0.681,18
Nov 22 2017 01: +0,0.651,7
Nov 23 2017 01: +0,0.63,17
Nov 24 2017 01: +0,0.609,14
Nov 25 2017 01: +0,0.631,14
Nov 26 2017 01: +0,0.62,13
Nov 27 2017 01: +0,0.607,20
Nov 28 2017 01: +0,0.635,9
Nov 29 2017 01: +0,0.601,14
Nov 30 2017 01: +0,0.646,11
Dec 01 2017 01: +0,0.609,14
Dec 02 2017 01: +0,0.662,11
Dec 03 2017 01: +0,0.618,17
Dec 04 2017 01: +0,0.659,15
Dec 05 2017 01: +0,0.645,12
Dec 06 2017 01: +0,0.656,15
Dec 07 2017 01: +0,0.708,19
Dec 08 2017 01: +0,0.735,12
Dec 09 2017 01: +0,0.686,18
Dec 10 2017 01: +0,0.655,10
Dec 11 2017 01: +0,0.632,16
Dec 12 2017 01: +0,0.654,12
Dec 13 2017 01: +0,0.684,15
Dec 14 2017 01: +0,0.684,9
Dec 15 2017 01: +0,0.732,22
Dec 16 2017 01: +0,0.702,18
Dec 17 2017 01: +0,0.699,11
Dec 18 2017 01: +0,0.706,8
Dec 19 2017 01: +0,0.647,9
Dec 20 2017 01: +0,0.641,8
Dec 21 2017 01: +0,0.648,9
Dec 22 2017 01: +0,0.618,14
Dec 23 2017 01: +0,0.65,13
Dec 24 2017 01: +0,0.628,17
Dec 25 2017 01: +0,0.675,28
Dec 26 2017 01: +0,0.767,16
Dec 27 2017 01: +0,0.775,5
Dec 28 2017 01: +0,0.767,20
Dec 29 2017 01: +0,0.711,11
Dec 30 2017 01: +0,0.686,26
Dec 31 2017 01: +0,0.676,18
Jan 01 2018 01: +0,0.692,18
Jan 02 2018 01: +0,0.624,12
Jan 03 2018 01: +0,0.667,18
Jan 04 2018 01: +0,0.655,31
Jan 05 2018 01: +0,0.671,21
Jan 06 2018 01: +0,0.767,18
Jan 07 2018 01: +0,0.734,14
Jan 08 2018 01: +0,0.725,14
Jan 09 2018 01: +0,0.715,25
Jan 10 2018 01: +0,0.723,4
Jan 11 2018 01: +0,0.731,4
Jan 12 2018 01: +0,0.754,26
Jan 13 2018 01: +0,0.788,25
Jan 14 2018 01: +0,0.824,9
Jan 15 2018 01: +0,0.743,5
Jan 16 2018 01: +0,0.787,19
Jan 17 2018 01: +0,0.778,11
Jan 18 2018 01: +0,0.811,6
Jan 19 2018 01: +0,0.805,15
Jan 20 2018 01: +0,0.777,19
Jan 21 2018 01: +0,0.813,9
Jan 22 2018 01: +0,0.788,11
Jan 23 2018 01: +0,0.706,21
Jan 24 2018 01: +0,0.764,14
Jan 25 2018 01: +0,0.82,9
Jan 26 2018 01: +0,0.803,12
Jan 27 2018 01: +0,0.846,9
Jan 28 2018 01: +0,0.759,17
Jan 29 2018 01: +0,0.716,6
Jan 30 2018 01: +0,0.722,27
Jan 31 2018 01: +0,0.715,16
Feb 01 2018 01: +0,0.795,10
Feb 02 2018 01: +0,0.862,24
Feb 03 2018 01: +0,0.827,20
Feb 04 2018 01: +0,0.837,19
Feb 05 2018 01: +0,0.832,5
Feb 06 2018 01: +0,0.7,9
Feb 07 2018 01: +0,0.783,7
Feb 08 2018 01: +0,0.81,14
Feb 09 2018 01: +0,0.755,15
Feb 10 2018 01: +0,0.733,22
Feb 11 2018 01: +0,0.79,10
Feb 12 2018 01: +0,0.786,4
Feb 13 2018 01: +0,0.834,7
Feb 14 2018 01: +0,0.796,13
Feb 15 2018 01: +0,0.767,16
Feb 16 2018 01: +0,0.746,17
Feb 17 2018 01: +0,0.8,22
Feb 18 2018 01: +0,0.774,27
Feb 19 2018 01: +0,0.817,12
Feb 20 2018 01: +0,0.859,20
Feb 21 2018 01: +0,0.869,11
Feb 22 2018 01: +0,0.866,11
Feb 23 2018 01: +0,0.896,26
Feb 24 2018 01: +0,0.934,14
Feb 25 2018 01: +0,0.88,14
Feb 26 2018 01: +0,0.907,11
Feb 27 2018 01: +0,0.873,12
Feb 28 2018 01: +0,0.93,7
Mar 01 2018 01: +0,0.901,6
Mar 02 2018 01: +0,0.884,11
Mar 03 2018 01: +0,0.781,16
Mar 04 2018 01: +0,0.823,27
Mar 05 2018 01: +0,0.838,11
Mar 06 2018 01: +0,0.912,11
Mar 07 2018 01: +0,0.952,15
Mar 08 2018 01: +0,0.886,10
Mar 09 2018 01: +0,0.95,17
Mar 10 2018 01: +0,0.957,4
Mar 11 2018 01: +0,0.919,10
Mar 12 2018 01: +0,0.809,6
Mar 13 2018 01: +0,0.85,6
Mar 14 2018 01: +0,0.875,5
Mar 15 2018 01: +0,0.917,5
Mar 16 2018 01: +0,0.841,19
Mar 17 2018 01: +0,0.864,12
Mar 18 2018 01: +0,0.834,9
Mar 19 2018 01: +0,0.756,21
Mar 20 2018 01: +0,0.835,10
Mar 21 2018 01: +0,0.891,11
Mar 22 2018 01: +0,0.899,8
Mar 23 2018 01: +0,0.834,12
Mar 24 2018 01: +0,0.812,8
Mar 25 2018 01: +0,0.782,13
Mar 26 2018 01: +0,0.861,15
Mar 27 2018 01: +0,0.833,3
Mar 28 2018 01: +0,0.846,11
Mar 29 2018 01: +0,0.844,12
Mar 30 2018 01: +0,0.849,14
Mar 31 2018 01: +0,0.847,6
Apr 01 2018 01: +0,0.844,17
Apr 02 2018 01: +0,0.75,16
Apr 03 2018 01: +0,0.782,19
Apr 04 2018 01: +0,0.887,15
Apr 05 2018 01: +0,0.904,12
Apr 06 2018 01: +0,0.921,15
Apr 07 2018 01: +0,0.933,15
Apr 08 2018 01: +0,0.847,17
Apr 09 2018 01: +0,0.857,19
Apr 10 2018 01: +0,0.891,13
Apr 11 2018 01: +0,0.833,12
Apr 12 2018 01: +0,0.834,11
Apr 13 2018 01: +0,0.87,14
Apr 14 2018 01: +0,0.842,17
Apr 15 2018 01: +0,0.812,13
Apr 16 2018 01: +0,0.794,15
Apr 17 2018 01: +0,0.822,16
Apr 18 2018 01: +0,0.836,6
Apr 19 2018 01: +0,0.85,13
Apr 20 2018 01: +0,0.835,16
Apr 21 2018 01: +0,0.836,15
Apr 22 2018 01: +0,0.817,11
Apr 23 2018 01: +0,0.831,3
Apr 24 2018 01: +0,0.842,4
Apr 25 2018 01: +0,0.867,15
Apr 26 2018 01: +0,0.832,8
Apr 27 2018 01: +0,0.906,9
Apr 28 2018 01: +0,0.944,11
Apr 29 2018 01: +0,0.929,14
Apr 30 2018 01: +0,0.857,10
May 01 2018 01: +0,0.894,5
May 02 2018 01: +0,0.891,3
May 03 2018 01: +0,0.877,11
May 04 2018 01: +0,0.884,9
May 05 2018 01: +0,0.887,14
May 06 2018 01: +0,0.89,11
May 07 2018 01: +0,0.914,9
May 08 2018 01: +0,0.848,9
May 09 2018 01: +0,0.864,12
May 10 2018 01: +0,0.817,15
May 11 2018 01: +0,0.825,6
May 12 2018 01: +0,0.872,10
May 13 2018 01: +0,0.929,17
May 14 2018 01: +0,0.996,16
May 15 2018 01: +0,0.811,3
May 16 2018 01: +0,0.899,6
May 17 2018 01: +0,0.853,11
May 18 2018 01: +0,0.91,4
May 19 2018 01: +0,0.959,7
May 20 2018 01: +0,0.908,8
May 21 2018 01: +0,0.935,7
May 22 2018 01: +0,1.07,3
May 23 2018 01: +0,0.951,10
May 24 2018 01: +0,0.909,6
May 25 2018 01: +0,0.864,5
May 26 2018 01: +0,0.875,10
May 27 2018 01: +0,0.88,17
May 28 2018 01: +0,0.921,13
May 29 2018 01: +0,0.869,8
May 30 2018 01: +0,0.848,13
May 31 2018 01: +0,0.921,7
Jun 01 2018 01: +0,0.873,7
Jun 02 2018 01: +0,0.895,20
Jun 03 2018 01: +0,0.951,10
Jun 04 2018 01: +0,0.901,9
Jun 05 2018 01: +0,0.879,2
Jun 06 2018 01: +0,0.887,9
Jun 07 2018 01: +0,0.919,8
Jun 08 2018 01: +0,0.89,15
Jun 09 2018 01: +0,0.849,10
Jun 10 2018 01: +0,0.855,19
Jun 11 2018 01: +0,0.874,5
Jun 12 2018 01: +0,0.867,4
Jun 13 2018 01: +0,0.734,16
Jun 14 2018 01: +0,0.773,13
Jun 15 2018 01: +0,0.81,11
Jun 16 2018 01: +0,0.831,29
Jun 17 2018 01: +0,0.914,3
Jun 18 2018 01: +0,0.769,5
Jun 19 2018 01: +0,0.772,19
Jun 20 2018 01: +0,0.655,9
Jun 21 2018 01: +0,0.771,6
Jun 22 2018 01: +0,0.676,11
Jun 23 2018 01: +0,0.67,17
Jun 24 2018 01: +0,0.68,22
Jun 25 2018 01: +0,0.749,8
Jun 26 2018 01: +0,0.728,6
Jun 27 2018 01: +0,0.764,11
Jun 28 2018 01: +0,0.693,6
Jun 29 2018 01: +0,0.717,19
Jun 30 2018 01: +0,0.771,14
Jul 01 2018 01: +0,0.835,5
Jul 02 2018 01: +0,0.871,10
Jul 03 2018 01: +0,0.844,11
Jul 04 2018 01: +0,0.843,9
Jul 05 2018 01: +0,0.802,10
Jul 06 2018 01: +0,0.687,5
Jul 07 2018 01: +0,0.812,8
Jul 08 2018 01: +0,0.755,7
Jul 09 2018 01: +0,0.791,17
Jul 10 2018 01: +0,0.704,16
Jul 11 2018 01: +0,0.685,12
Jul 12 2018 01: +0,0.763,6
Jul 13 2018 01: +0,0.738,16
Jul 14 2018 01: +0,0.794,9
Jul 15 2018 01: +0,0.768,12
Jul 16 2018 01: +0,0.77,11
Jul 17 2018 01: +0,0.831,12
Jul 18 2018 01: +0,0.85,17
Jul 19 2018 01: +0,0.828,13
Jul 20 2018 01: +0,0.862,8
Jul 21 2018 01: +0,0.867,15
Jul 22 2018 01: +0,0.897,7
Jul 23 2018 01: +0,0.821,21
Jul 24 2018 01: +0,0.874,7
Jul 25 2018 01: +0,0.829,20
Jul 26 2018 01: +0,0.89,15
Jul 27 2018 01: +0,0.83,12
Jul 28 2018 01: +0,0.893,11
Jul 29 2018 01: +0,0.842,19
Jul 30 2018 01: +0,0.885,11
Jul 31 2018 01: +0,0.872,15
Aug 01 2018 01: +0,0.837,6
Aug 02 2018 01: +0,0.847,17
Aug 03 2018 01: +0,0.898,22
Aug 04 2018 01: +0,0.958,9
Aug 05 2018 01: +0,0.841,14
Aug 06 2018 01: +0,0.86,8
Aug 07 2018 01: +0,0.885,11
Aug 08 2018 01: +0,0.803,20
Aug 09 2018 01: +0,0.807,12
Aug 10 2018 01: +0,0.737,24
Aug 11 2018 01: +0,0.789,14
Aug 12 2018 01: +0,0.77,13
Aug 13 2018 01: +0,0.776,16
Aug 14 2018 01: +0,0.725,9
Aug 15 2018 01: +0,0.756,4
Aug 16 2018 01: +0,0.793,11
Aug 17 2018 01: +0,0.796,13
Aug 18 2018 01: +0,0.77,22
Aug 19 2018 01: +0,0.739,12
Aug 20 2018 01: +0,0.763,20
Aug 21 2018 01: +0,0.854,12
Aug 22 2018 01: +0,0.765,5
Aug 23 2018 01: +0,0.858,17
Aug 24 2018 01: +0,0.944,11
Aug 25 2018 01: +0,0.779,10
Aug 26 2018 01: +0,0.919,20
Aug 27 2018 01: +0,0.939,14
Aug 28 2018 01: +0,0.993,104
Aug 29 2018 01: +0,2.022,56
Aug 30 2018 01: +0,1.257,13
Aug 31 2018 01: +0,1.09,9
Sep 01 2018 01: +0,0.887,14
Sep 02 2018 01: +0,0.915,13
Sep 03 2018 01: +0,0.959,32
Sep 04 2018 01: +0,0.873,11
Sep 05 2018 01: +0,1.079,10
Sep 06 2018 01: +0,1.101,13
Sep 07 2018 01: +0,1.12,16
Sep 08 2018 01: +0,0.988,9
Sep 09 2018 01: +0,0.917,15
Sep 10 2018 01: +0,0.801,10
Sep 11 2018 01: +0,0.79,17
Sep 12 2018 01: +0,0.793,12
Sep 13 2018 01: +0,0.783,18
Sep 14 2018 01: +0,0.94,14
Sep 15 2018 01: +0,0.979,6
Sep 16 2018 01: +0,0.961,12
Sep 17 2018 01: +0,0.898,13
Sep 18 2018 01: +0,1.023,14
Sep 19 2018 01: +0,1.101,11
Sep 20 2018 01: +0,0.936,1
Sep 21 2018 01: +0,1.162,8
Sep 22 2018 01: +0,1.044,107
Sep 23 2018 01: +0,1.024,16
Sep 24 2018 01: +0,0.951,10
Sep 25 2018 01: +0,0.873,9
Sep 26 2018 01: +0,0.874,3
Sep 27 2018 01: +0,0.878,8
Sep 28 2018 01: +0,0.904,15
Sep 29 2018 01: +0,0.922,7
Sep 30 2018 01: +0,0.969,56
Oct 01 2018 01: +0,1.364,25
Oct 02 2018 01: +0,1.229,4
Oct 03 2018 01: +0,1.028,6
Oct 03 2018 10: +0,1.541,1
Oct 03 2018 11: +0,1.53,1
Oct 03 2018 21: +0,1.423,4
Oct 03 2018 23: +0,1.22,2
Oct 04 2018 04: +0,1.438,1
Oct 04 2018 07: +0,1.22,1
Oct 04 2018 17: +0,1.164,21
Oct 05 2018 02: +0,1,1
Oct 05 2018 06: +0,1.163,2
Oct 05 2018 10: +0,1.311,1
Oct 05 2018 11: +0,1.3,1
Oct 06 2018 10: +0,1.037,2
Oct 06 2018 11: +0,1.06,1
Oct 06 2018 14: +0,1.164,1
Oct 06 2018 15: +0,1.219,1
Oct 06 2018 16: +0,1.282,1
Oct 06 2018 21: +0,1.14,2
Oct 06 2018 23: +0,1.141,1
Oct 07 2018 12: +0,1.156,1
Oct 07 2018 13: +0,1.286,1
Oct 07 2018 19: +0,1.279,3
Oct 07 2018 22: +0,1.325,2
Oct 08 2018 00: +0,1.32,1
Oct 08 2018 17: +0,0.96,1
Oct 08 2018 18: +0,1.152,1
Oct 08 2018 19: +0,1.125,4
Oct 08 2018 20: +0,1.161,1
Oct 09 2018 00: +0,0.702,1
Oct 09 2018 02: +0,1.07,1
Oct 09 2018 04: +0,1.01,1
Oct 09 2018 05: +0,0.839,6
Oct 09 2018 13: +0,1.092,1
Oct 09 2018 15: +0,1.117,1
Oct 10 2018 14: +0,1.11,1
Oct 10 2018 17: +0,0.94,1
Oct 10 2018 18: +0,1.11,1
Oct 10 2018 20: +0,1.116,1
Oct 10 2018 21: +0,0.923,4
Oct 10 2018 23: +0,1.058,1
Oct 11 2018 02: +0,0.845,2
Oct 11 2018 06: +0,1.115,1
Oct 11 2018 07: +0,1.121,1
Oct 11 2018 11: +0,1.116,1
Oct 11 2018 14: +0,1.115,1
Oct 11 2018 15: +0,1.116,1
Oct 11 2018 16: +0,1.138,8
Oct 11 2018 17: +0,1.15,1
Oct 11 2018 21: +0,1.08,2
Oct 12 2018 06: +0,1.15,1
Oct 12 2018 13: +0,1.144,1
Oct 12 2018 14: +0,1.144,3
Oct 12 2018 16: +0,1.155,1
Oct 12 2018 22: +0,1.15,1
Oct 13 2018 00: +0,1.148,1
Oct 13 2018 09: +0,1.14,1
Oct 13 2018 11: +0,1.163,1
Oct 13 2018 14: +0,1.048,1
Oct 13 2018 15: +0,0.96,1
Oct 13 2018 16: +0,1.135,1
Oct 13 2018 17: +0,0.96,1
Oct 13 2018 19: +0,0.908,1
Oct 14 2018 02: +0,0.936,1
Oct 14 2018 07: +0,1.12,1
Oct 14 2018 09: +0,0.941,2
Oct 14 2018 12: +0,0.94,1
Oct 14 2018 13: +0,0.936,2
Oct 14 2018 15: +0,0.94,1
Oct 14 2018 16: +0,1.109,1
Oct 14 2018 18: +0,1.115,1
Oct 15 2018 05: +0,1.115,1
Oct 15 2018 06: +0,0.891,2
Oct 15 2018 07: +0,0.941,1
Oct 15 2018 13: +0,1.115,3
Oct 16 2018 06: +0,1.05,1
Oct 16 2018 07: +0,1.116,1
Oct 16 2018 16: +0,0.964,1
Oct 16 2018 18: +0,1.113,2
Oct 16 2018 22: +0,0.88,1
Oct 17 2018 06: +0,1.056,2
Oct 17 2018 10: +0,0.86,1
Oct 17 2018 12: +0,0.875,2
Oct 17 2018 13: +0,0.998,3
Oct 17 2018 14: +0,1.054,1
Oct 17 2018 15: +0,0.88,4
Oct 17 2018 18: +0,0.87,1
Oct 17 2018 19: +0,0.84,1
Oct 17 2018 20: +0,0.707,1
Oct 17 2018 23: +0,0.911,1
Oct 18 2018 00: +0,0.93,1
Oct 18 2018 03: +0,0.923,1
Oct 18 2018 08: +0,0.807,5
Oct 18 2018 09: +0,0.76,8
Oct 18 2018 11: +0,0.726,1
Oct 18 2018 13: +0,0.768,4
Oct 18 2018 15: +0,0.807,4
Oct 18 2018 17: +0,0.814,1
Oct 18 2018 19: +0,0.85,3
Oct 18 2018 20: +0,0.875,1
Oct 18 2018 23: +0,0.861,1
Oct 19 2018 07: +0,0.94,1
Oct 19 2018 09: +0,0.977,1
Oct 19 2018 14: +0,0.977,1
Oct 19 2018 16: +0,0.793,1
Oct 19 2018 19: +0,0.74,1
Oct 19 2018 22: +0,0.946,1
Oct 20 2018 07: +0,0.73,1
Oct 20 2018 09: +0,0.954,1
Oct 20 2018 10: +0,0.966,1
Oct 20 2018 15: +0,0.724,1
Oct 20 2018 20: +0,0.86,3
Oct 20 2018 22: +0,0.912,1
Oct 21 2018 00: +0,0.908,1
Oct 21 2018 06: +0,0.898,1
Oct 21 2018 07: +0,0.784,1
Oct 21 2018 08: +0,0.724,1
Oct 21 2018 10: +0,0.837,2
Oct 21 2018 11: +0,0.92,1
Oct 21 2018 13: +0,0.914,1
Oct 21 2018 14: +0,0.919,2
Oct 21 2018 16: +0,0.88,1
Oct 21 2018 17: +0,0.944,1
Oct 21 2018 19: +0,0.89,1
Oct 21 2018 20: +0,0.901,2
Oct 22 2018 00: +0,0.74,1
Oct 22 2018 08: +0,0.805,3
Oct 22 2018 09: +0,0.804,1
Oct 22 2018 10: +0,0.803,1
Oct 22 2018 11: +0,0.65,1
Oct 22 2018 12: +0,0.8,1
Oct 22 2018 13: +0,0.74,3
Oct 22 2018 14: +0,0.773,2
Oct 22 2018 16: +0,0.64,2
Oct 22 2018 17: +0,0.66,1
Oct 22 2018 18: +0,0.66,3
Oct 22 2018 19: +0,0.58,7
Oct 22 2018 20: +0,0.73,3
Oct 22 2018 21: +0,0.745,2
Oct 23 2018 03: +0,0.563,2
Oct 23 2018 04: +0,0.55,1
Oct 23 2018 05: +0,0.55,4
Oct 23 2018 06: +0,0.746,1
Oct 23 2018 09: +0,0.757,1
Oct 23 2018 12: +0,0.6,1
Oct 23 2018 13: +0,0.609,2
Oct 23 2018 15: +0,0.683,4
Oct 23 2018 16: +0,0.723,1
Oct 23 2018 17: +0,0.736,1
Oct 23 2018 18: +0,0.747,1
Oct 24 2018 06: +0,0.723,1
Oct 24 2018 08: +0,0.733,1
Oct 24 2018 10: +0,0.753,1
Oct 24 2018 11: +0,0.596,1
Oct 24 2018 12: +0,0.759,1
Oct 24 2018 14: +0,0.66,2
Oct 24 2018 17: +0,0.659,2
Oct 24 2018 18: +0,0.712,1
Oct 24 2018 20: +0,0.73,2
Oct 24 2018 21: +0,0.8,1
Oct 25 2018 03: +0,0.711,1
Oct 25 2018 06: +0,0.711,4
Oct 25 2018 07: +0,0.781,1
Oct 25 2018 09: +0,0.79,1
Oct 25 2018 12: +0,0.832,1
Oct 25 2018 18: +0,0.813,1
Oct 25 2018 19: +0,0.843,1
Oct 25 2018 23: +0,0.859,4
Oct 26 2018 11: +0,0.52,1
Oct 26 2018 13: +0,0.649,1
Oct 26 2018 19: +0,0.713,1
Oct 26 2018 23: +0,0.703,1
Oct 27 2018 02: +0,0.533,2
Oct 27 2018 05: +0,0.718,4
Oct 27 2018 06: +0,0.865,3
Oct 27 2018 13: +0,0.692,1
Oct 27 2018 14: +0,0.876,1
Oct 27 2018 15: +0,0.885,3
Oct 27 2018 16: +0,0.64,1
Oct 27 2018 17: +0,0.781,1
Oct 27 2018 18: +0,0.907,1
Oct 27 2018 23: +0,0.783,3
Oct 28 2018 01: +0,0.93,2
Oct 28 2018 06: +0,0.7,1
Oct 28 2018 13: +0,0.64,1
Oct 28 2018 14: +0,0.77,1
Oct 28 2018 15: +0,0.649,2
Oct 28 2018 18: +0,0.759,1
Oct 29 2018 08: +0,0.769,1
Oct 29 2018 12: +0,0.786,2
Oct 29 2018 14: +0,0.79,1
Oct 29 2018 15: +0,0.77,3
Oct 29 2018 17: +0,0.828,1
Oct 29 2018 18: +0,0.845,1
Oct 29 2018 19: +0,0.941,1
Oct 29 2018 21: +0,0.76,1
Oct 29 2018 22: +0,0.75,1
Oct 29 2018 23: +0,0.766,1
Oct 30 2018 08: +0,0.765,1
Oct 30 2018 09: +0,0.64,1
Oct 30 2018 11: +0,0.838,1
Oct 30 2018 15: +0,0.977,1
Oct 30 2018 16: +0,0.977,2
Oct 30 2018 17: +0,0.954,1
Oct 30 2018 18: +0,0.943,1
Oct 31 2018 02: +0,0.935,1
Oct 31 2018 06: +0,0.805,1
Oct 31 2018 15: +0,0.824,1
Oct 31 2018 16: +0,0.942,4
Oct 31 2018 20: +0,0.862,2
Nov 01 2018 00: +0,0.943,1
Nov 01 2018 02: +0,0.974,1
Nov 01 2018 09: +0,0.989,2
Nov 01 2018 12: +0,0.751,1
Nov 01 2018 13: +0,0.984,4
Nov 01 2018 17: +0,0.904,1
Nov 02 2018 00: +0,0.988,1
Nov 02 2018 01: +0,0.981,1
Nov 02 2018 02: +0,0.989,1
Nov 02 2018 04: +0,0.8,1
Nov 02 2018 05: +0,0.986,1
Nov 02 2018 12: +0,0.979,1
Nov 02 2018 13: +0,0.895,2
Nov 02 2018 20: +0,0.99,1
Nov 02 2018 22: +0,0.827,1
