Feb 27 2015 01: +0,1.12,956
Feb 28 2015 01: +0,1.086,432
Mar 01 2015 01: +0,1.086,357
Mar 02 2015 01: +0,1.085,239
Mar 03 2015 01: +0,1.085,214
Mar 04 2015 01: +0,1.075,168
Mar 05 2015 01: +0,1.084,225
Mar 06 2015 01: +0,1.079,212
Mar 07 2015 01: +0,1.059,251
Mar 08 2015 01: +0,1.028,220
Mar 09 2015 01: +0,1.05,208
Mar 10 2015 01: +0,1.046,229
Mar 11 2015 01: +0,1.101,256
Mar 12 2015 01: +0,1.133,398
Mar 13 2015 01: +0,0.917,2082
Mar 14 2015 01: +0,0.49,4199
Mar 15 2015 01: +0,0.37,29089
Mar 16 2015 01: +0,0.372,11522
Mar 17 2015 01: +0,0.474,3396
Mar 18 2015 01: +0,0.483,2519
Mar 19 2015 01: +0,0.458,2322
Mar 20 2015 01: +0,0.446,2484
Mar 21 2015 01: +0,0.445,2627
Mar 22 2015 01: +0,0.452,2111
Mar 23 2015 01: +0,0.451,2127
Mar 24 2015 01: +0,0.457,1878
Mar 25 2015 01: +0,0.469,1877
Mar 26 2015 01: +0,0.466,1795
Mar 27 2015 01: +0,0.476,2118
Mar 28 2015 01: +0,0.503,1959
Mar 29 2015 01: +0,0.49,1699
Mar 30 2015 01: +0,0.499,1495
Mar 31 2015 01: +0,0.494,1435
Apr 01 2015 01: +0,0.48,2073
Apr 02 2015 01: +0,0.502,1627
Apr 03 2015 01: +0,0.523,1639
Apr 04 2015 01: +0,0.556,1553
Apr 05 2015 01: +0,0.577,1344
Apr 06 2015 01: +0,0.601,1211
Apr 07 2015 01: +0,0.656,1325
Apr 08 2015 01: +0,0.716,986
Apr 09 2015 01: +0,0.671,1011
Apr 10 2015 01: +0,0.649,977
Apr 11 2015 01: +0,0.676,1299
Apr 12 2015 01: +0,0.702,1285
Apr 13 2015 01: +0,0.707,1251
Apr 14 2015 01: +0,0.674,1116
Apr 15 2015 01: +0,0.685,1144
Apr 16 2015 01: +0,0.659,1496
Apr 17 2015 01: +0,0.664,1381
Apr 18 2015 01: +0,0.691,1455
Apr 19 2015 01: +0,0.676,1257
Apr 20 2015 01: +0,0.683,1256
Apr 21 2015 01: +0,0.65,1207
Apr 22 2015 01: +0,0.687,1054
Apr 23 2015 01: +0,0.705,1139
Apr 24 2015 01: +0,0.723,1213
Apr 25 2015 01: +0,0.72,1388
Apr 26 2015 01: +0,0.719,1136
Apr 27 2015 01: +0,0.723,1162
Apr 28 2015 01: +0,0.726,1031
Apr 29 2015 01: +0,0.74,1086
Apr 30 2015 01: +0,0.77,1282
May 01 2015 01: +0,0.781,978
May 02 2015 01: +0,0.791,1034
May 03 2015 01: +0,0.821,891
May 04 2015 01: +0,0.825,919
May 05 2015 01: +0,0.822,724
May 06 2015 01: +0,0.835,739
May 07 2015 01: +0,0.864,717
May 08 2015 01: +0,0.866,751
May 09 2015 01: +0,0.871,766
May 10 2015 01: +0,0.903,691
May 11 2015 01: +0,0.887,654
May 12 2015 01: +0,0.945,586
May 13 2015 01: +0,0.947,668
May 14 2015 01: +0,0.952,578
May 15 2015 01: +0,0.949,616
May 16 2015 01: +0,0.956,712
May 17 2015 01: +0,0.994,741
May 18 2015 01: +0,1.03,662
May 19 2015 01: +0,1.057,504
May 20 2015 01: +0,1.038,471
May 21 2015 01: +0,1.028,507
May 22 2015 01: +0,1.041,588
May 23 2015 01: +0,1.048,545
May 24 2015 01: +0,1.055,537
May 25 2015 01: +0,1.063,515
May 26 2015 01: +0,1.062,487
May 27 2015 01: +0,0.766,1807
May 28 2015 01: +0,0.936,681
May 29 2015 01: +0,0.919,648
May 30 2015 01: +0,0.961,584
May 31 2015 01: +0,1.023,514
Jun 01 2015 01: +0,1.006,576
Jun 02 2015 01: +0,1.002,539
Jun 03 2015 01: +0,0.998,532
Jun 04 2015 01: +0,0.965,538
Jun 05 2015 01: +0,0.908,595
Jun 06 2015 01: +0,0.927,561
Jun 07 2015 01: +0,0.941,580
Jun 08 2015 01: +0,0.915,611
Jun 09 2015 01: +0,0.906,560
Jun 10 2015 01: +0,0.865,683
Jun 11 2015 01: +0,0.825,659
Jun 12 2015 01: +0,0.814,574
Jun 13 2015 01: +0,0.84,581
Jun 14 2015 01: +0,0.843,596
Jun 15 2015 01: +0,0.874,491
Jun 16 2015 01: +0,0.926,545
Jun 17 2015 01: +0,0.91,492
Jun 18 2015 01: +0,0.928,541
Jun 19 2015 01: +0,0.926,587
Jun 20 2015 01: +0,0.937,521
Jun 21 2015 01: +0,0.927,545
Jun 22 2015 01: +0,0.978,587
Jun 23 2015 01: +0,1.016,536
Jun 24 2015 01: +0,1.054,465
Jun 25 2015 01: +0,1.069,445
Jun 26 2015 01: +0,1.087,595
Jun 27 2015 01: +0,1.093,467
Jun 28 2015 01: +0,1.1,502
Jun 29 2015 01: +0,1.168,396
Jun 30 2015 01: +0,1.325,426
Jul 01 2015 01: +0,1.435,388
Jul 02 2015 01: +0,1.413,296
Jul 03 2015 01: +0,1.381,313
Jul 04 2015 01: +0,1.324,276
Jul 05 2015 01: +0,1.217,314
Jul 06 2015 01: +0,1.288,288
Jul 07 2015 01: +0,1.277,214
Jul 08 2015 01: +0,1.273,250
Jul 09 2015 01: +0,1.255,310
Jul 10 2015 01: +0,1.335,286
Jul 11 2015 01: +0,1.374,267
Jul 12 2015 01: +0,1.327,350
Jul 13 2015 01: +0,1.361,348
Jul 14 2015 01: +0,1.362,303
Jul 15 2015 01: +0,1.365,344
Jul 16 2015 01: +0,1.392,288
Jul 17 2015 01: +0,1.427,286
Jul 18 2015 01: +0,1.452,282
Jul 19 2015 01: +0,1.516,330
Jul 20 2015 01: +0,1.473,305
Jul 21 2015 01: +0,1.462,260
Jul 22 2015 01: +0,1.467,283
Jul 23 2015 01: +0,1.594,228
Jul 24 2015 01: +0,1.541,236
Jul 25 2015 01: +0,1.494,275
Jul 26 2015 01: +0,1.529,247
Jul 27 2015 01: +0,1.436,302
Jul 28 2015 01: +0,1.421,258
Jul 29 2015 01: +0,1.344,265
Jul 30 2015 01: +0,1.305,297
Jul 31 2015 01: +0,1.273,265
Aug 01 2015 01: +0,1.273,273
Aug 02 2015 01: +0,1.25,268
Aug 03 2015 01: +0,1.195,313
Aug 04 2015 01: +0,1.18,257
Aug 05 2015 01: +0,1.19,306
Aug 06 2015 01: +0,1.218,246
Aug 07 2015 01: +0,1.191,252
Aug 08 2015 01: +0,1.245,217
Aug 09 2015 01: +0,1.227,195
Aug 10 2015 01: +0,1.257,222
Aug 11 2015 01: +0,1.255,257
Aug 12 2015 01: +0,1.229,263
Aug 13 2015 01: +0,1.206,252
Aug 14 2015 01: +0,1.199,248
Aug 15 2015 01: +0,0.926,473
Aug 16 2015 01: +0,0.946,266
Aug 17 2015 01: +0,0.934,286
Aug 18 2015 01: +0,0.949,251
Aug 19 2015 01: +0,0.928,204
Aug 20 2015 01: +0,0.874,307
Aug 21 2015 01: +0,0.813,377
Aug 22 2015 01: +0,0.798,254
Aug 23 2015 01: +0,0.68,475
Aug 24 2015 01: +0,0.748,241
Aug 25 2015 01: +0,0.885,146
Aug 26 2015 01: +0,0.875,151
Aug 27 2015 01: +0,0.948,149
Aug 28 2015 01: +0,0.977,156
Aug 29 2015 01: +0,0.986,152
Aug 30 2015 01: +0,1,121
Aug 31 2015 01: +0,0.966,121
Sep 01 2015 01: +0,0.945,133
Sep 02 2015 01: +0,0.961,145
Sep 03 2015 01: +0,0.954,133
Sep 04 2015 01: +0,0.917,127
Sep 05 2015 01: +0,0.921,135
Sep 06 2015 01: +0,0.923,127
Sep 07 2015 01: +0,0.859,111
Sep 08 2015 01: +0,0.91,115
Sep 09 2015 01: +0,0.895,121
Sep 10 2015 01: +0,0.859,131
Sep 11 2015 01: +0,0.891,208
Sep 12 2015 01: +0,0.922,135
Sep 13 2015 01: +0,0.946,138
Sep 14 2015 01: +0,0.93,119
Sep 15 2015 01: +0,0.9,112
Sep 16 2015 01: +0,0.906,164
Sep 17 2015 01: +0,0.914,126
Sep 18 2015 01: +0,0.914,150
Sep 19 2015 01: +0,0.894,162
Sep 20 2015 01: +0,0.859,144
Sep 21 2015 01: +0,0.817,139
Sep 22 2015 01: +0,0.793,277
Sep 23 2015 01: +0,0.834,161
Sep 24 2015 01: +0,0.891,131
Sep 25 2015 01: +0,0.826,184
Sep 26 2015 01: +0,0.922,127
Sep 27 2015 01: +0,0.935,143
Sep 28 2015 01: +0,0.874,123
Sep 29 2015 01: +0,0.938,128
Sep 30 2015 01: +0,0.954,92
Oct 01 2015 01: +0,0.958,77
Oct 02 2015 01: +0,0.968,112
Oct 03 2015 01: +0,0.948,132
Oct 04 2015 01: +0,0.916,143
Oct 05 2015 01: +0,0.926,113
Oct 06 2015 01: +0,0.955,104
Oct 07 2015 01: +0,0.906,107
Oct 08 2015 01: +0,0.886,139
Oct 09 2015 01: +0,0.879,149
Oct 10 2015 01: +0,0.914,136
Oct 11 2015 01: +0,0.911,103
Oct 12 2015 01: +0,0.914,100
Oct 13 2015 01: +0,0.91,92
Oct 14 2015 01: +0,0.902,93
Oct 15 2015 01: +0,0.916,102
Oct 16 2015 01: +0,0.909,110
Oct 17 2015 01: +0,0.922,121
Oct 18 2015 01: +0,0.891,127
Oct 19 2015 01: +0,0.916,117
Oct 20 2015 01: +0,0.888,106
Oct 21 2015 01: +0,0.796,149
Oct 22 2015 01: +0,0.775,116
Oct 23 2015 01: +0,0.84,135
Oct 24 2015 01: +0,0.875,142
Oct 25 2015 01: +0,0.89,123
Oct 26 2015 01: +0,0.847,92
Oct 27 2015 01: +0,0.835,130
Oct 28 2015 01: +0,0.785,143
Oct 29 2015 01: +0,0.797,112
Oct 30 2015 01: +0,0.805,135
Oct 31 2015 01: +0,0.881,180
Nov 01 2015 01: +0,0.86,362
Nov 02 2015 01: +0,1.037,189
Nov 03 2015 01: +0,1.025,108
Nov 04 2015 01: +0,1.043,107
Nov 05 2015 01: +0,1.028,111
Nov 06 2015 01: +0,1.019,103
Nov 07 2015 01: +0,1.065,133
Nov 08 2015 01: +0,1.083,101
Nov 09 2015 01: +0,1.11,94
Nov 10 2015 01: +0,1.137,126
Nov 11 2015 01: +0,1.235,71
Nov 12 2015 01: +0,1.146,75
Nov 13 2015 01: +0,1.184,76
Nov 14 2015 01: +0,1.262,94
Nov 15 2015 01: +0,1.284,107
Nov 16 2015 01: +0,1.299,63
Nov 17 2015 01: +0,1.268,54
Nov 18 2015 01: +0,1.283,74
Nov 19 2015 01: +0,1.429,59
Nov 20 2015 01: +0,1.297,55
Nov 21 2015 01: +0,1.346,95
Nov 22 2015 01: +0,1.319,67
Nov 23 2015 01: +0,1.306,77
Nov 24 2015 01: +0,1.345,91
Nov 25 2015 01: +0,1.386,113
Nov 26 2015 01: +0,1.176,94
Nov 27 2015 01: +0,1.109,114
Nov 28 2015 01: +0,1.165,106
Nov 29 2015 01: +0,1.197,87
Nov 30 2015 01: +0,1.218,70
Dec 01 2015 01: +0,1.137,77
Dec 02 2015 01: +0,1.2,68
Dec 03 2015 01: +0,1.333,67
Dec 04 2015 01: +0,1.421,55
Dec 05 2015 01: +0,1.424,70
Dec 06 2015 01: +0,1.406,97
Dec 07 2015 01: +0,1.446,77
Dec 08 2015 01: +0,1.472,79
Dec 09 2015 01: +0,1.432,61
Dec 10 2015 01: +0,1.552,58
Dec 11 2015 01: +0,1.821,203
Dec 12 2015 01: +0,1.992,95
Dec 13 2015 01: +0,2.032,115
Dec 14 2015 01: +0,2.01,54
Dec 15 2015 01: +0,2.15,75
Dec 16 2015 01: +0,2.183,62
Dec 17 2015 01: +0,2.304,82
Dec 18 2015 01: +0,2.334,53
Dec 19 2015 01: +0,2.304,71
Dec 20 2015 01: +0,2.314,43
Dec 21 2015 01: +0,2.266,61
Dec 22 2015 01: +0,2.094,67
Dec 23 2015 01: +0,1.775,113
Dec 24 2015 01: +0,1.799,97
Dec 25 2015 01: +0,2.179,123
Dec 26 2015 01: +0,2.038,65
Dec 27 2015 01: +0,2.063,89
Dec 28 2015 01: +0,2.29,98
Dec 29 2015 01: +0,2.377,83
Dec 30 2015 01: +0,2.497,127
Dec 31 2015 01: +0,2.689,69
Jan 01 2016 01: +0,2.705,52
Jan 02 2016 01: +0,2.569,74
Jan 03 2016 01: +0,2.372,99
Jan 04 2016 01: +0,2.574,52
Jan 05 2016 01: +0,2.914,95
Jan 06 2016 01: +0,4.297,96
Jan 07 2016 01: +0,5.072,83
Jan 08 2016 01: +0,4.913,41
Jan 09 2016 01: +0,4.275,51
Jan 10 2016 01: +0,3.477,70
Jan 11 2016 01: +0,3.478,45
Jan 12 2016 01: +0,3.727,48
Jan 13 2016 01: +0,4.018,32
Jan 14 2016 01: +0,3.79,75
Jan 15 2016 01: +0,3.65,78
Jan 16 2016 01: +0,3.607,64
Jan 17 2016 01: +0,3.823,55
Jan 18 2016 01: +0,3.484,55
Jan 19 2016 01: +0,3.299,40
Jan 20 2016 01: +0,2.991,56
Jan 21 2016 01: +0,2.883,68
Jan 22 2016 01: +0,3.011,52
Jan 23 2016 01: +0,3.248,65
Jan 24 2016 01: +0,3.202,50
Jan 25 2016 01: +0,3.108,56
Jan 26 2016 01: +0,3.009,59
Jan 27 2016 01: +0,2.888,42
Jan 28 2016 01: +0,2.583,41
Jan 29 2016 01: +0,2.591,51
Jan 30 2016 01: +0,2.465,87
Jan 31 2016 01: +0,2.418,69
Feb 01 2016 01: +0,2.747,73
Feb 02 2016 01: +0,2.727,38
Feb 03 2016 01: +0,2.79,54
Feb 04 2016 01: +0,2.797,40
Feb 05 2016 01: +0,2.674,44
Feb 06 2016 01: +0,2.439,74
Feb 07 2016 01: +0,2.318,79
Feb 08 2016 01: +0,2.22,64
Feb 09 2016 01: +0,2.241,49
Feb 10 2016 01: +0,2.383,53
Feb 11 2016 01: +0,2.18,63
Feb 12 2016 01: +0,2.2,59
Feb 13 2016 01: +0,2.586,80
Feb 14 2016 01: +0,2.645,55
Feb 15 2016 01: +0,2.826,37
Feb 16 2016 01: +0,2.661,58
Feb 17 2016 01: +0,2.47,60
Feb 18 2016 01: +0,2.091,175
Feb 19 2016 01: +0,2.288,92
Feb 20 2016 01: +0,2.598,76
Feb 21 2016 01: +0,2.527,59
Feb 22 2016 01: +0,2.521,57
Feb 23 2016 01: +0,2.375,42
Feb 24 2016 01: +0,2.514,40
Feb 25 2016 01: +0,2.533,62
Feb 26 2016 01: +0,2.425,65
Feb 27 2016 01: +0,2.513,53
Feb 28 2016 01: +0,2.407,62
Feb 29 2016 01: +0,2.501,60
Mar 01 2016 01: +0,2.538,78
Mar 02 2016 01: +0,2.665,60
Mar 03 2016 01: +0,2.569,47
Mar 04 2016 01: +0,2.555,85
Mar 05 2016 01: +0,2.695,133
Mar 06 2016 01: +0,2.644,73
Mar 07 2016 01: +0,2.607,80
Mar 08 2016 01: +0,2.62,63
Mar 09 2016 01: +0,2.657,38
Mar 10 2016 01: +0,2.516,54
Mar 11 2016 01: +0,2.55,50
Mar 12 2016 01: +0,2.601,49
Mar 13 2016 01: +0,2.674,49
Mar 14 2016 01: +0,2.526,49
Mar 15 2016 01: +0,2.699,42
Mar 16 2016 01: +0,2.858,60
Mar 17 2016 01: +0,2.932,41
Mar 18 2016 01: +0,2.83,57
Mar 19 2016 01: +0,2.625,41
Mar 20 2016 01: +0,2.516,43
Mar 21 2016 01: +0,2.46,78
Mar 22 2016 01: +0,2.567,30
Mar 23 2016 01: +0,2.322,23
Mar 24 2016 01: +0,2.387,34
Mar 25 2016 01: +0,2.171,44
Mar 26 2016 01: +0,2.265,42
Mar 27 2016 01: +0,2.15,48
Mar 28 2016 01: +0,2.183,39
Mar 29 2016 01: +0,2.109,32
Mar 30 2016 01: +0,2.238,53
Mar 31 2016 01: +0,2.382,38
Apr 01 2016 01: +0,2.266,49
Apr 02 2016 01: +0,2.245,109
Apr 03 2016 01: +0,2.274,167
Apr 04 2016 01: +0,2.178,92
Apr 05 2016 01: +0,2.23,57
Apr 06 2016 01: +0,2.423,46
Apr 07 2016 01: +0,2.503,30
Apr 08 2016 01: +0,2.4,53
Apr 09 2016 01: +0,2.329,40
Apr 10 2016 01: +0,2.404,55
Apr 11 2016 01: +0,2.304,26
Apr 12 2016 01: +0,2.253,21
Apr 13 2016 01: +0,2.232,35
Apr 14 2016 01: +0,2.247,43
Apr 15 2016 01: +0,2.342,22
Apr 16 2016 01: +0,2.253,51
Apr 17 2016 01: +0,2.293,38
Apr 18 2016 01: +0,2.352,57
Apr 19 2016 01: +0,2.565,52
Apr 20 2016 01: +0,2.696,44
Apr 21 2016 01: +0,2.628,27
Apr 22 2016 01: +0,2.594,36
Apr 23 2016 01: +0,2.675,32
Apr 24 2016 01: +0,2.492,29
Apr 25 2016 01: +0,2.434,37
Apr 26 2016 01: +0,2.419,39
Apr 27 2016 01: +0,2.5,23
Apr 28 2016 01: +0,2.44,32
Apr 29 2016 01: +0,2.46,45
Apr 30 2016 01: +0,2.37,41
May 01 2016 01: +0,2.337,35
May 02 2016 01: +0,2.46,34
May 03 2016 01: +0,2.412,38
May 04 2016 01: +0,2.436,49
May 05 2016 01: +0,2.459,106
May 06 2016 01: +0,2.446,47
May 07 2016 01: +0,2.418,23
May 08 2016 01: +0,2.401,46
May 09 2016 01: +0,2.493,44
May 10 2016 01: +0,2.731,50
May 11 2016 01: +0,2.759,25
May 12 2016 01: +0,2.659,20
May 13 2016 01: +0,2.528,48
May 14 2016 01: +0,2.477,40
May 15 2016 01: +0,2.521,37
May 16 2016 01: +0,2.683,28
May 17 2016 01: +0,2.542,44
May 18 2016 01: +0,2.492,28
May 19 2016 01: +0,2.483,42
May 20 2016 01: +0,2.68,45
May 21 2016 01: +0,3.102,78
May 22 2016 01: +0,3.345,31
May 23 2016 01: +0,3.285,45
May 24 2016 01: +0,3.678,39
May 25 2016 01: +0,3.727,36
May 26 2016 01: +0,3.792,65
May 27 2016 01: +0,3.971,47
May 28 2016 01: +0,4.254,49
May 29 2016 01: +0,4.26,26
May 30 2016 01: +0,3.903,30
May 31 2016 01: +0,3.645,18
Jun 01 2016 01: +0,3.075,46
Jun 02 2016 01: +0,3.123,60
Jun 03 2016 01: +0,3.103,37
Jun 04 2016 01: +0,3.005,44
Jun 05 2016 01: +0,3.448,38
Jun 06 2016 01: +0,3.405,28
Jun 07 2016 01: +0,3.391,23
Jun 08 2016 01: +0,3.701,80
Jun 09 2016 01: +0,3.538,35
Jun 10 2016 01: +0,3.33,47
Jun 11 2016 01: +0,3.347,13
Jun 12 2016 01: +0,3.158,15
Jun 13 2016 01: +0,3.185,36
Jun 14 2016 01: +0,3.306,16
Jun 15 2016 01: +0,3.099,18
Jun 16 2016 01: +0,2.748,32
Jun 17 2016 01: +0,2.922,30
Jun 18 2016 01: +0,3.19,30
Jun 19 2016 01: +0,3.103,40
Jun 20 2016 01: +0,3.029,13
Jun 21 2016 01: +0,2.705,30
Jun 22 2016 01: +0,2.611,33
Jun 23 2016 01: +0,2.427,38
Jun 24 2016 01: +0,2.382,50
Jun 25 2016 01: +0,2.178,46
Jun 26 2016 01: +0,2.146,35
Jun 27 2016 01: +0,2.083,32
Jun 28 2016 01: +0,2.029,34
Jun 29 2016 01: +0,2.172,28
Jun 30 2016 01: +0,2.156,23
Jul 01 2016 01: +0,2.203,32
Jul 02 2016 01: +0,2.149,34
Jul 03 2016 01: +0,2.204,41
Jul 04 2016 01: +0,2.196,36
Jul 05 2016 01: +0,2.341,38
Jul 06 2016 01: +0,2.812,36
Jul 07 2016 01: +0,2.994,17
Jul 08 2016 01: +0,2.981,18
Jul 09 2016 01: +0,2.662,29
Jul 10 2016 01: +0,2.157,76
Jul 11 2016 01: +0,2.175,32
Jul 12 2016 01: +0,2.325,24
Jul 13 2016 01: +0,2.539,14
Jul 14 2016 01: +0,2.159,35
Jul 15 2016 01: +0,2.249,29
Jul 16 2016 01: +0,2.148,24
Jul 17 2016 01: +0,2.225,24
Jul 18 2016 01: +0,2.245,14
Jul 19 2016 01: +0,2.29,25
Jul 20 2016 01: +0,2.19,36
Jul 21 2016 01: +0,2.272,20
Jul 22 2016 01: +0,2.268,9
Jul 23 2016 01: +0,2.133,18
Jul 24 2016 01: +0,1.941,23
Jul 25 2016 01: +0,1.916,28
Jul 26 2016 01: +0,2.068,23
Jul 27 2016 01: +0,1.94,21
Jul 28 2016 01: +0,2.2,24
Jul 29 2016 01: +0,2.175,28
Jul 30 2016 01: +0,2.285,19
Jul 31 2016 01: +0,2.111,15
Aug 01 2016 01: +0,2.109,12
Aug 02 2016 01: +0,2.147,30
Aug 03 2016 01: +0,2.105,24
Aug 04 2016 01: +0,2.26,40
Aug 05 2016 01: +0,2.071,32
Aug 06 2016 01: +0,2.043,23
Aug 07 2016 01: +0,1.994,23
Aug 08 2016 01: +0,1.859,27
Aug 09 2016 01: +0,1.835,28
Aug 10 2016 01: +0,1.864,28
Aug 11 2016 01: +0,1.857,29
Aug 12 2016 01: +0,1.85,29
Aug 13 2016 01: +0,1.788,40
Aug 14 2016 01: +0,1.843,21
Aug 15 2016 01: +0,1.849,30
Aug 16 2016 01: +0,1.902,21
Aug 17 2016 01: +0,1.873,27
Aug 18 2016 01: +0,1.825,34
Aug 19 2016 01: +0,1.692,40
Aug 20 2016 01: +0,1.582,49
Aug 21 2016 01: +0,1.8,25
Aug 22 2016 01: +0,1.795,47
Aug 23 2016 01: +0,1.916,31
Aug 24 2016 01: +0,1.888,35
Aug 25 2016 01: +0,1.987,34
Aug 26 2016 01: +0,1.98,37
Aug 27 2016 01: +0,1.932,18
Aug 28 2016 01: +0,1.739,33
Aug 29 2016 01: +0,1.868,34
Aug 30 2016 01: +0,1.923,31
Aug 31 2016 01: +0,1.809,28
Sep 01 2016 01: +0,1.978,28
Sep 02 2016 01: +0,1.955,27
Sep 03 2016 01: +0,1.961,30
Sep 04 2016 01: +0,1.951,29
Sep 05 2016 01: +0,1.939,27
Sep 06 2016 01: +0,1.851,29
Sep 07 2016 01: +0,1.907,23
Sep 08 2016 01: +0,1.814,20
Sep 09 2016 01: +0,1.752,27
Sep 10 2016 01: +0,1.8,32
Sep 11 2016 01: +0,1.733,23
Sep 12 2016 01: +0,1.806,18
Sep 13 2016 01: +0,1.867,29
Sep 14 2016 01: +0,1.851,24
Sep 15 2016 01: +0,1.889,22
Sep 16 2016 01: +0,1.867,28
Sep 17 2016 01: +0,1.822,38
Sep 18 2016 01: +0,1.778,28
Sep 19 2016 01: +0,1.659,26
Sep 20 2016 01: +0,1.714,42
Sep 21 2016 01: +0,1.785,27
Sep 22 2016 01: +0,1.826,14
Sep 23 2016 01: +0,1.796,33
Sep 24 2016 01: +0,1.709,28
Sep 25 2016 01: +0,1.825,42
Sep 26 2016 01: +0,1.79,33
Sep 27 2016 01: +0,1.874,34
Sep 28 2016 01: +0,1.82,23
Sep 29 2016 01: +0,1.974,35
Sep 30 2016 01: +0,1.79,58
Oct 01 2016 01: +0,1.727,32
Oct 02 2016 01: +0,1.752,34
Oct 03 2016 01: +0,2.004,45
Oct 04 2016 01: +0,2.194,35
Oct 05 2016 01: +0,2.18,28
Oct 06 2016 01: +0,1.985,20
Oct 07 2016 01: +0,1.823,44
Oct 08 2016 01: +0,1.978,38
Oct 09 2016 01: +0,2.086,28
Oct 10 2016 01: +0,2.058,31
Oct 11 2016 01: +0,2.087,22
Oct 12 2016 01: +0,1.823,24
Oct 13 2016 01: +0,1.832,20
Oct 14 2016 01: +0,1.782,31
Oct 15 2016 01: +0,1.907,32
Oct 16 2016 01: +0,1.889,22
Oct 17 2016 01: +0,1.782,32
Oct 18 2016 01: +0,1.857,31
Oct 19 2016 01: +0,1.853,23
Oct 20 2016 01: +0,1.916,26
Oct 21 2016 01: +0,1.888,45
Oct 22 2016 01: +0,1.847,35
Oct 23 2016 01: +0,1.907,31
Oct 24 2016 01: +0,2.024,33
Oct 25 2016 01: +0,2.068,30
Oct 26 2016 01: +0,2.117,27
Oct 27 2016 01: +0,2.103,18
Oct 28 2016 01: +0,2.134,22
Oct 29 2016 01: +0,2.161,19
Oct 30 2016 01: +0,2.102,24
Oct 31 2016 01: +0,1.999,21
Nov 01 2016 01: +0,2.172,22
Nov 02 2016 01: +0,2.191,17
Nov 03 2016 01: +0,2.379,29
Nov 04 2016 01: +0,2.666,27
Nov 05 2016 01: +0,2.561,28
Nov 06 2016 01: +0,2.29,11
Nov 07 2016 01: +0,2.452,20
Nov 08 2016 01: +0,2.473,20
Nov 09 2016 01: +0,2.397,15
Nov 10 2016 01: +0,2.45,15
Nov 11 2016 01: +0,2.31,14
Nov 12 2016 01: +0,2.284,18
Nov 13 2016 01: +0,2.165,16
Nov 14 2016 01: +0,2.202,24
Nov 15 2016 01: +0,2.282,16
Nov 16 2016 01: +0,2.278,12
Nov 17 2016 01: +0,2.123,14
Nov 18 2016 01: +0,2.065,33
Nov 19 2016 01: +0,2.061,15
Nov 20 2016 01: +0,2.129,24
Nov 21 2016 01: +0,2.032,16
Nov 22 2016 01: +0,2.157,22
Nov 23 2016 01: +0,2.415,22
Nov 24 2016 01: +0,2.081,32
Nov 25 2016 01: +0,2.086,31
Nov 26 2016 01: +0,1.97,21
Nov 27 2016 01: +0,1.893,20
Nov 28 2016 01: +0,1.996,17
Nov 29 2016 01: +0,1.956,28
Nov 30 2016 01: +0,2.057,28
Dec 01 2016 01: +0,2.242,16
Dec 02 2016 01: +0,2.26,17
Dec 03 2016 01: +0,2.403,13
Dec 04 2016 01: +0,2.341,46
Dec 05 2016 01: +0,2.244,11
Dec 06 2016 01: +0,2.26,14
Dec 07 2016 01: +0,2.214,19
Dec 08 2016 01: +0,2.207,20
Dec 09 2016 01: +0,2.206,19
Dec 10 2016 01: +0,2.187,30
Dec 11 2016 01: +0,2.263,14
Dec 12 2016 01: +0,2.128,13
Dec 13 2016 01: +0,2.083,17
Dec 14 2016 01: +0,2.221,14
Dec 15 2016 01: +0,2.167,13
Dec 16 2016 01: +0,2.081,25
Dec 17 2016 01: +0,2.187,27
Dec 18 2016 01: +0,2.128,17
Dec 19 2016 01: +0,1.976,33
Dec 20 2016 01: +0,2.017,18
Dec 21 2016 01: +0,2.027,25
Dec 22 2016 01: +0,2.232,19
Dec 23 2016 01: +0,2.299,32
Dec 24 2016 01: +0,2.113,25
Dec 25 2016 01: +0,2.279,48
Dec 26 2016 01: +0,2.181,24
Dec 27 2016 01: +0,2.174,36
Dec 28 2016 01: +0,2.19,40
Dec 29 2016 01: +0,1.94,25
Dec 30 2016 01: +0,1.901,33
Dec 31 2016 01: +0,1.976,29
Jan 01 2017 01: +0,2.032,57
Jan 02 2017 01: +0,1.985,26
Jan 03 2017 01: +0,2.143,35
Jan 04 2017 01: +0,2.435,27
Jan 05 2017 01: +0,2.398,23
Jan 06 2017 01: +0,2.376,11
Jan 07 2017 01: +0,2.228,36
Jan 08 2017 01: +0,2.36,37
Jan 09 2017 01: +0,2.374,26
Jan 10 2017 01: +0,2.371,27
Jan 11 2017 01: +0,2.397,13
Jan 12 2017 01: +0,2.434,37
Jan 13 2017 01: +0,2.302,12
Jan 14 2017 01: +0,2.14,31
Jan 15 2017 01: +0,2.153,12
Jan 16 2017 01: +0,2.106,19
Jan 17 2017 01: +0,2.107,10
Jan 18 2017 01: +0,2.083,28
Jan 19 2017 01: +0,2.226,8
Jan 20 2017 01: +0,2.147,13
Jan 21 2017 01: +0,2.24,33
Jan 22 2017 01: +0,2.279,21
Jan 23 2017 01: +0,2.155,16
Jan 24 2017 01: +0,2.109,14
Jan 25 2017 01: +0,2.151,35
Jan 26 2017 01: +0,2.307,25
Jan 27 2017 01: +0,2.243,15
Jan 28 2017 01: +0,2.192,17
Jan 29 2017 01: +0,2.108,37
Jan 30 2017 01: +0,2.115,21
Jan 31 2017 01: +0,2.272,18
Feb 01 2017 01: +0,2.293,10
Feb 02 2017 01: +0,2.389,17
Feb 03 2017 01: +0,2.226,16
Feb 04 2017 01: +0,2.385,16
Feb 05 2017 01: +0,2.255,12
Feb 06 2017 01: +0,2.363,24
Feb 07 2017 01: +0,2.336,10
Feb 08 2017 01: +0,2.355,15
Feb 09 2017 01: +0,2.352,9
Feb 10 2017 01: +0,2.47,15
Feb 11 2017 01: +0,2.439,14
Feb 12 2017 01: +0,2.557,11
Feb 13 2017 01: +0,2.51,13
Feb 14 2017 01: +0,2.392,41
Feb 15 2017 01: +0,2.27,16
Feb 16 2017 01: +0,2.477,8
Feb 17 2017 01: +0,2.236,16
Feb 18 2017 01: +0,2.153,24
Feb 19 2017 01: +0,2.441,13
Feb 20 2017 01: +0,2.473,22
Feb 21 2017 01: +0,2.418,23
Feb 22 2017 01: +0,2.315,8
Feb 23 2017 01: +0,2.187,11
Feb 24 2017 01: +0,2.274,12
Feb 25 2017 01: +0,2.354,17
Feb 26 2017 01: +0,2.475,25
Feb 27 2017 01: +0,2.47,11
Feb 28 2017 01: +0,2.397,13
Mar 01 2017 01: +0,2.156,16
Mar 02 2017 01: +0,2.288,20
Mar 03 2017 01: +0,2.274,26
Mar 04 2017 01: +0,2.252,15
Mar 05 2017 01: +0,2.254,19
Mar 06 2017 01: +0,2.334,15
Mar 07 2017 01: +0,2.202,14
Mar 08 2017 01: +0,2.337,12
Mar 09 2017 01: +0,2.223,11
Mar 10 2017 01: +0,2.278,18
Mar 11 2017 01: +0,2.29,20
Mar 12 2017 01: +0,2.28,19
Mar 13 2017 01: +0,2.29,17
Mar 14 2017 01: +0,2.289,19
Mar 15 2017 01: +0,2.1,14
Mar 16 2017 01: +0,2.116,14
Mar 17 2017 01: +0,2.13,13
Mar 18 2017 01: +0,2.075,16
Mar 19 2017 01: +0,1.963,20
Mar 20 2017 01: +0,1.951,25
Mar 21 2017 01: +0,2.002,19
Mar 22 2017 01: +0,2.128,17
Mar 23 2017 01: +0,2.149,12
Mar 24 2017 01: +0,2.143,20
Mar 25 2017 01: +0,2.177,8
Mar 26 2017 01: +0,2.12,17
Mar 27 2017 01: +0,2.018,13
Mar 28 2017 01: +0,1.965,16
Mar 29 2017 01: +0,2.034,8
Mar 30 2017 01: +0,1.987,11
Mar 31 2017 01: +0,2.03,21
Apr 01 2017 01: +0,2.038,14
Apr 02 2017 01: +0,2.016,5
Apr 03 2017 01: +0,1.972,12
Apr 04 2017 01: +0,1.954,13
Apr 05 2017 01: +0,1.9,17
Apr 06 2017 01: +0,1.986,16
Apr 07 2017 01: +0,2.028,13
Apr 08 2017 01: +0,2.053,21
Apr 09 2017 01: +0,1.995,20
Apr 10 2017 01: +0,2.15,17
Apr 11 2017 01: +0,2.218,13
Apr 12 2017 01: +0,2.113,11
Apr 13 2017 01: +0,2.091,25
Apr 14 2017 01: +0,1.861,20
Apr 15 2017 01: +0,1.893,31
Apr 16 2017 01: +0,1.837,10
Apr 17 2017 01: +0,1.87,14
Apr 18 2017 01: +0,1.864,29
Apr 19 2017 01: +0,1.795,14
Apr 20 2017 01: +0,1.815,20
Apr 21 2017 01: +0,1.804,15
Apr 22 2017 01: +0,1.749,16
Apr 23 2017 01: +0,1.828,20
Apr 24 2017 01: +0,1.845,19
Apr 25 2017 01: +0,1.842,18
Apr 26 2017 01: +0,1.875,33
Apr 27 2017 01: +0,1.89,16
Apr 28 2017 01: +0,1.836,9
Apr 29 2017 01: +0,1.879,15
Apr 30 2017 01: +0,1.855,12
May 01 2017 01: +0,1.76,14
May 02 2017 01: +0,1.817,14
May 03 2017 01: +0,1.849,19
May 04 2017 01: +0,1.88,26
May 05 2017 01: +0,1.72,16
May 06 2017 01: +0,1.832,29
May 07 2017 01: +0,2.005,19
May 08 2017 01: +0,2.012,6
May 09 2017 01: +0,1.938,10
May 10 2017 01: +0,1.828,8
May 11 2017 01: +0,1.772,13
May 12 2017 01: +0,1.98,29
May 13 2017 01: +0,2.061,16
May 14 2017 01: +0,1.908,18
May 15 2017 01: +0,1.904,20
May 16 2017 01: +0,1.86,17
May 17 2017 01: +0,1.787,11
May 18 2017 01: +0,2.011,14
May 19 2017 01: +0,2.032,16
May 20 2017 01: +0,2.024,10
May 21 2017 01: +0,2.07,6
May 22 2017 01: +0,1.945,13
May 23 2017 01: +0,1.885,5
May 24 2017 01: +0,1.628,30
May 25 2017 01: +0,1.71,9
May 26 2017 01: +0,1.944,24
May 27 2017 01: +0,1.839,31
May 28 2017 01: +0,1.901,8
May 29 2017 01: +0,1.978,17
May 30 2017 01: +0,1.913,11
May 31 2017 01: +0,1.929,25
Jun 01 2017 01: +0,1.901,48
Jun 02 2017 01: +0,1.929,9
Jun 03 2017 01: +0,1.797,13
Jun 04 2017 01: +0,1.856,20
Jun 05 2017 01: +0,1.9,26
Jun 06 2017 01: +0,1.943,12
Jun 07 2017 01: +0,1.906,15
Jun 08 2017 01: +0,1.848,16
Jun 09 2017 01: +0,1.692,12
Jun 10 2017 01: +0,1.793,36
Jun 11 2017 01: +0,1.952,15
Jun 12 2017 01: +0,1.829,15
Jun 13 2017 01: +0,1.799,5
Jun 14 2017 01: +0,1.906,17
Jun 15 2017 01: +0,1.988,11
Jun 16 2017 01: +0,1.973,14
Jun 17 2017 01: +0,1.946,12
Jun 18 2017 01: +0,1.995,18
Jun 19 2017 01: +0,2.028,18
Jun 20 2017 01: +0,1.925,11
Jun 21 2017 01: +0,1.917,5
Jun 22 2017 01: +0,1.895,10
Jun 23 2017 01: +0,1.721,20
Jun 24 2017 01: +0,1.687,11
Jun 25 2017 01: +0,1.691,15
Jun 26 2017 01: +0,1.74,16
Jun 27 2017 01: +0,1.813,9
Jun 28 2017 01: +0,1.835,10
Jun 29 2017 01: +0,1.891,17
Jun 30 2017 01: +0,1.881,5
Jul 01 2017 01: +0,1.866,14
Jul 02 2017 01: +0,1.871,20
Jul 03 2017 01: +0,1.805,19
Jul 04 2017 01: +0,1.828,16
Jul 05 2017 01: +0,1.679,8
Jul 06 2017 01: +0,1.887,14
Jul 07 2017 01: +0,1.9,8
Jul 08 2017 01: +0,1.854,12
Jul 09 2017 01: +0,1.817,19
Jul 10 2017 01: +0,1.865,15
Jul 11 2017 01: +0,1.869,14
Jul 12 2017 01: +0,1.81,13
Jul 13 2017 01: +0,1.876,11
Jul 14 2017 01: +0,1.965,14
Jul 15 2017 01: +0,1.95,8
Jul 16 2017 01: +0,2.002,17
Jul 17 2017 01: +0,1.936,7
Jul 18 2017 01: +0,2.013,14
Jul 19 2017 01: +0,1.993,13
Jul 20 2017 01: +0,2.036,14
Jul 21 2017 01: +0,2.023,7
Jul 22 2017 01: +0,2.028,5
Jul 23 2017 01: +0,1.679,77
Jul 24 2017 01: +0,1.467,14
Jul 25 2017 01: +0,1.526,12
Jul 26 2017 01: +0,1.476,15
Jul 27 2017 01: +0,1.464,8
Jul 28 2017 01: +0,1.569,25
Jul 29 2017 01: +0,1.671,11
Jul 30 2017 01: +0,1.806,18
Jul 31 2017 01: +0,1.874,17
Aug 01 2017 01: +0,1.882,14
Aug 02 2017 01: +0,1.864,6
Aug 03 2017 01: +0,1.86,21
Aug 04 2017 01: +0,1.86,14
Aug 05 2017 01: +0,1.816,7
Aug 06 2017 01: +0,1.693,16
Aug 07 2017 01: +0,1.783,8
Aug 08 2017 01: +0,1.703,19
Aug 09 2017 01: +0,1.719,23
Aug 10 2017 01: +0,1.874,13
Aug 11 2017 01: +0,1.963,21
Aug 12 2017 01: +0,1.742,12
Aug 13 2017 01: +0,1.819,21
Aug 14 2017 01: +0,1.816,13
Aug 15 2017 01: +0,1.736,23
Aug 16 2017 01: +0,1.864,16
Aug 17 2017 01: +0,1.802,19
Aug 18 2017 01: +0,1.826,13
Aug 19 2017 01: +0,1.975,14
Aug 20 2017 01: +0,1.958,6
Aug 21 2017 01: +0,1.96,17
Aug 22 2017 01: +0,1.859,23
Aug 23 2017 01: +0,1.892,15
Aug 24 2017 01: +0,1.914,14
Aug 25 2017 01: +0,1.87,16
Aug 26 2017 01: +0,1.876,18
Aug 27 2017 01: +0,2.008,6
Aug 28 2017 01: +0,2.063,14
Aug 29 2017 01: +0,2.131,17
Aug 30 2017 01: +0,2.154,17
Aug 31 2017 01: +0,2.293,13
Sep 01 2017 01: +0,2.222,16
Sep 02 2017 01: +0,2.352,7
Sep 03 2017 01: +0,2.211,6
Sep 04 2017 01: +0,2.272,15
Sep 05 2017 01: +0,2.357,16
Sep 06 2017 01: +0,2.285,4
Sep 07 2017 01: +0,2.158,8
Sep 08 2017 01: +0,2.004,18
Sep 09 2017 01: +0,2.016,20
Sep 10 2017 01: +0,2.143,9
Sep 11 2017 01: +0,2.198,17
Sep 12 2017 01: +0,1.847,9
Sep 13 2017 01: +0,1.936,8
Sep 14 2017 01: +0,1.853,42
Sep 15 2017 01: +0,1.935,12
Sep 16 2017 01: +0,1.936,12
Sep 17 2017 01: +0,1.79,12
Sep 18 2017 01: +0,1.896,15
Sep 19 2017 01: +0,1.924,11
Sep 20 2017 01: +0,1.976,6
Sep 21 2017 01: +0,1.885,11
Sep 22 2017 01: +0,1.94,5
Sep 23 2017 01: +0,1.986,8
Sep 24 2017 01: +0,1.934,7
Sep 25 2017 01: +0,1.993,15
Sep 26 2017 01: +0,1.845,10
Sep 27 2017 01: +0,1.974,9
Sep 28 2017 01: +0,1.837,6
Sep 29 2017 01: +0,1.725,14
Sep 30 2017 01: +0,1.585,31
Oct 01 2017 01: +0,1.685,11
Oct 02 2017 01: +0,1.673,14
Oct 03 2017 01: +0,1.536,22
Oct 04 2017 01: +0,1.523,15
Oct 05 2017 01: +0,1.614,15
Oct 06 2017 01: +0,1.766,15
Oct 07 2017 01: +0,1.806,33
Oct 08 2017 01: +0,1.855,5
Oct 09 2017 01: +0,1.64,6
Oct 10 2017 01: +0,1.88,1
Oct 11 2017 01: +0,1.924,11
Oct 12 2017 01: +0,1.916,5
Oct 13 2017 01: +0,1.849,14
Oct 14 2017 01: +0,1.84,5
Oct 15 2017 01: +0,1.892,12
Oct 16 2017 01: +0,1.797,15
Oct 17 2017 01: +0,1.914,9
Oct 18 2017 01: +0,1.981,12
Oct 19 2017 01: +0,1.947,4
Oct 20 2017 01: +0,1.84,17
Oct 21 2017 01: +0,1.814,5
Oct 22 2017 01: +0,1.755,16
Oct 23 2017 01: +0,1.719,19
Oct 24 2017 01: +0,1.718,10
Oct 25 2017 01: +0,1.796,14
Oct 26 2017 01: +0,1.923,7
Oct 27 2017 01: +0,1.807,13
Oct 28 2017 01: +0,1.65,7
Oct 29 2017 01: +0,1.841,7
Oct 30 2017 01: +0,1.645,6
Oct 31 2017 01: +0,1.678,3
Nov 01 2017 01: +0,1.634,11
Nov 02 2017 01: +0,1.823,18
Nov 03 2017 01: +0,1.843,8
Nov 04 2017 01: +0,1.901,15
Nov 05 2017 01: +0,1.831,12
Nov 06 2017 01: +0,1.864,3
Nov 07 2017 01: +0,1.897,12
Nov 08 2017 01: +0,1.765,2
Nov 09 2017 01: +0,1.653,7
Nov 10 2017 01: +0,1.748,4
Nov 11 2017 01: +0,1.612,17
Nov 12 2017 01: +0,1.523,8
Nov 13 2017 01: +0,1.383,3
Nov 14 2017 01: +0,1.499,10
Nov 15 2017 01: +0,1.518,11
Nov 16 2017 01: +0,1.585,8
Nov 17 2017 01: +0,1.585,7
Nov 18 2017 01: +0,1.543,14
Nov 19 2017 01: +0,1.667,10
Nov 20 2017 01: +0,1.767,13
Nov 21 2017 01: +0,1.757,3
Nov 22 2017 01: +0,1.459,11
Nov 23 2017 01: +0,1.521,7
Nov 24 2017 01: +0,1.498,13
Nov 25 2017 01: +0,1.567,3
Nov 26 2017 01: +0,1.528,10
Nov 27 2017 01: +0,1.58,12
Nov 28 2017 01: +0,1.48,6
Nov 29 2017 01: +0,1.607,6
Nov 30 2017 01: +0,1.455,5
Dec 01 2017 01: +0,1.562,7
Dec 02 2017 01: +0,1.59,15
Dec 03 2017 01: +0,1.641,18
Dec 04 2017 01: +0,1.745,11
Dec 05 2017 01: +0,1.735,9
Dec 06 2017 01: +0,1.784,11
Dec 07 2017 01: +0,1.747,12
Dec 08 2017 01: +0,1.727,6
Dec 09 2017 01: +0,1.693,18
Dec 10 2017 01: +0,1.697,6
Dec 11 2017 01: +0,1.68,8
Dec 12 2017 01: +0,1.804,5
Dec 13 2017 01: +0,1.799,14
Dec 14 2017 01: +0,1.813,9
Dec 15 2017 01: +0,1.806,7
Dec 16 2017 01: +0,1.8,16
Dec 17 2017 01: +0,1.691,8
Dec 18 2017 01: +0,1.743,10
Dec 19 2017 01: +0,1.816,2
Dec 20 2017 01: +0,1.696,7
Dec 21 2017 01: +0,1.624,10
Dec 22 2017 01: +0,1.634,6
Dec 23 2017 01: +0,1.654,13
Dec 24 2017 01: +0,1.651,7
Dec 25 2017 01: +0,1.661,10
Dec 26 2017 01: +0,1.574,9
Dec 27 2017 01: +0,1.578,5
Dec 28 2017 01: +0,1.607,16
Dec 29 2017 01: +0,1.725,16
Dec 30 2017 01: +0,1.788,15
Dec 31 2017 01: +0,1.746,3
Jan 01 2018 01: +0,1.737,9
Jan 02 2018 01: +0,1.691,22
Jan 03 2018 01: +0,1.921,7
Jan 04 2018 01: +0,1.943,14
Jan 05 2018 01: +0,1.827,9
Jan 06 2018 01: +0,1.738,3
Jan 07 2018 01: +0,1.753,8
Jan 08 2018 01: +0,1.835,16
Jan 09 2018 01: +0,1.775,12
Jan 10 2018 01: +0,1.693,7
Jan 11 2018 01: +0,1.756,5
Jan 12 2018 01: +0,1.726,8
Jan 13 2018 01: +0,1.715,7
Jan 14 2018 01: +0,1.689,5
Jan 15 2018 01: +0,1.696,12
Jan 16 2018 01: +0,1.774,11
Jan 17 2018 01: +0,1.916,21
Jan 18 2018 01: +0,1.958,6
Jan 19 2018 01: +0,1.836,10
Jan 20 2018 01: +0,2.01,9
Jan 21 2018 01: +0,1.892,2
Jan 22 2018 01: +0,1.933,7
Jan 23 2018 01: +0,1.872,6
Jan 24 2018 01: +0,1.783,7
Jan 25 2018 01: +0,1.827,8
Jan 26 2018 01: +0,1.966,14
Jan 27 2018 01: +0,2.017,12
Jan 28 2018 01: +0,1.895,7
Jan 29 2018 01: +0,1.804,8
Jan 30 2018 01: +0,2.073,8
Jan 31 2018 01: +0,2.074,5
Feb 01 2018 01: +0,2.063,6
Feb 02 2018 01: +0,2.141,1
Feb 03 2018 01: +0,1.95,7
Feb 04 2018 01: +0,2.045,5
Feb 05 2018 01: +0,2.002,12
Feb 06 2018 01: +0,1.96,9
Feb 07 2018 01: +0,1.99,4
Feb 08 2018 01: +0,2.031,8
Feb 09 2018 01: +0,2.098,8
Feb 10 2018 01: +0,2.058,16
Feb 11 2018 01: +0,2.011,3
Feb 12 2018 01: +0,2.077,14
Feb 13 2018 01: +0,2.044,3
Feb 14 2018 01: +0,2.097,1
Feb 15 2018 01: +0,2.075,7
Feb 16 2018 01: +0,2.099,4
Feb 17 2018 01: +0,2.059,4
Feb 18 2018 01: +0,2.063,5
Feb 19 2018 01: +0,2.102,5
Feb 20 2018 01: +0,2.018,2
Feb 21 2018 01: +0,2.121,7
Feb 22 2018 01: +0,2.077,4
Feb 23 2018 01: +0,2.13,10
Feb 24 2018 01: +0,2.181,6
Feb 25 2018 01: +0,1.962,4
Feb 26 2018 01: +0,2.067,6
Feb 27 2018 01: +0,2.078,3
Feb 28 2018 01: +0,2.06,7
Mar 01 2018 01: +0,2.111,7
Mar 02 2018 01: +0,2.064,5
Mar 03 2018 01: +0,2.028,3
Mar 04 2018 01: +0,2.125,7
Mar 05 2018 01: +0,2.027,12
Mar 06 2018 01: +0,1.861,5
Mar 07 2018 01: +0,2.094,5
Mar 08 2018 01: +0,2.208,17
Mar 09 2018 01: +0,2.269,11
Mar 10 2018 01: +0,2.123,6
Mar 11 2018 01: +0,2.009,11
Mar 12 2018 01: +0,1.993,6
Mar 13 2018 01: +0,1.969,8
Mar 14 2018 01: +0,2.089,7
Mar 15 2018 01: +0,2.146,9
Mar 16 2018 01: +0,2.136,8
Mar 17 2018 01: +0,1.99,8
Mar 18 2018 01: +0,2.227,9
Mar 19 2018 01: +0,2.256,12
Mar 20 2018 01: +0,2.329,7
Mar 21 2018 01: +0,2.14,3
Mar 22 2018 01: +0,1.939,2
Mar 23 2018 01: +0,2.295,6
Mar 24 2018 01: +0,2.381,3
Mar 25 2018 01: +0,2.165,7
Mar 26 2018 01: +0,2.364,9
Mar 27 2018 01: +0,2.285,4
Mar 28 2018 01: +0,2.38,2
Mar 29 2018 01: +0,2.173,2
Mar 30 2018 01: +0,2.188,5
Mar 31 2018 01: +0,2.112,9
Apr 01 2018 01: +0,1.971,9
Apr 02 2018 01: +0,1.956,3
Apr 03 2018 01: +0,1.772,4
Apr 04 2018 01: +0,1.904,5
Apr 05 2018 01: +0,1.908,18
Apr 06 2018 01: +0,1.978,4
Apr 07 2018 01: +0,2.083,10
Apr 08 2018 01: +0,2.262,6
Apr 09 2018 01: +0,2.333,5
Apr 10 2018 01: +0,2.144,4
Apr 11 2018 01: +0,2.196,8
Apr 12 2018 01: +0,2.252,10
Apr 13 2018 01: +0,2.315,3
Apr 14 2018 01: +0,2.272,4
Apr 15 2018 01: +0,2.394,4
Apr 16 2018 01: +0,2.201,2
Apr 17 2018 01: +0,2.07,3
Apr 18 2018 01: +0,2.037,9
Apr 19 2018 01: +0,2.276,4
Apr 20 2018 01: +0,2.345,7
Apr 21 2018 01: +0,2.285,10
Apr 22 2018 01: +0,2.334,11
Apr 23 2018 01: +0,2.36,23
Apr 24 2018 01: +0,2.439,14
Apr 25 2018 01: +0,2.39,10
Apr 26 2018 01: +0,2.623,9
Apr 27 2018 01: +0,2.645,2
Apr 28 2018 01: +0,2.754,10
Apr 29 2018 01: +0,2.966,3
Apr 30 2018 01: +0,3.09,4
May 01 2018 01: +0,3.049,10
May 02 2018 01: +0,2.777,3
May 03 2018 01: +0,3.032,5
May 05 2018 01: +0,2.938,7
May 06 2018 01: +0,3.036,11
May 07 2018 01: +0,3.164,1
May 08 2018 01: +0,2.88,9
May 09 2018 01: +0,2.927,6
May 10 2018 01: +0,2.929,4
May 11 2018 01: +0,3.037,5
May 13 2018 01: +0,2.869,5
May 14 2018 01: +0,2.913,10
May 15 2018 01: +0,2.737,9
May 16 2018 01: +0,2.868,4
May 17 2018 01: +0,2.969,2
May 18 2018 01: +0,2.745,3
May 19 2018 01: +0,2.779,6
May 20 2018 01: +0,2.823,2
May 21 2018 01: +0,2.876,8
May 22 2018 01: +0,2.981,2
May 23 2018 01: +0,2.691,4
May 25 2018 01: +0,2.849,8
May 26 2018 01: +0,2.707,6
May 27 2018 01: +0,2.637,10
May 28 2018 01: +0,2.824,4
May 29 2018 01: +0,2.68,1
May 30 2018 01: +0,2.721,8
May 31 2018 01: +0,2.82,8
Jun 01 2018 01: +0,2.718,8
Jun 02 2018 01: +0,2.508,16
Jun 03 2018 01: +0,2.533,5
Jun 04 2018 01: +0,2.507,6
Jun 05 2018 01: +0,2.583,7
Jun 06 2018 01: +0,2.662,10
Jun 07 2018 01: +0,1.976,1
Jun 09 2018 01: +0,2.577,10
Jun 10 2018 01: +0,2.526,9
Jun 11 2018 01: +0,2.678,9
Jun 12 2018 01: +0,2.624,2
Jun 13 2018 01: +0,2.541,4
Jun 14 2018 01: +0,2.486,5
Jun 15 2018 01: +0,2.445,3
Jun 16 2018 01: +0,2.338,4
Jun 17 2018 01: +0,2.34,8
Jun 18 2018 01: +0,2.422,7
Jun 20 2018 01: +0,2.476,37
Jun 21 2018 01: +0,2.367,7
Jun 22 2018 01: +0,2.075,3
Jun 23 2018 01: +0,2.295,10
Jun 24 2018 01: +0,2.167,10
Jun 25 2018 01: +0,2.235,8
Jun 26 2018 01: +0,2.155,9
Jun 27 2018 01: +0,2.181,10
Jun 28 2018 01: +0,2.06,19
Jun 29 2018 01: +0,2.061,38
Jun 30 2018 01: +0,2.011,3
Jul 01 2018 01: +0,2.298,6
Jul 02 2018 01: +0,2.158,8
Jul 03 2018 01: +0,2.288,11
Jul 04 2018 01: +0,2.383,8
Jul 05 2018 01: +0,2.158,11
Jul 06 2018 01: +0,2.447,7
Jul 07 2018 01: +0,2.407,7
Jul 08 2018 01: +0,2.292,27
Jul 09 2018 01: +0,2.272,15
Jul 10 2018 01: +0,2.28,11
Jul 11 2018 01: +0,2.338,30
Jul 12 2018 01: +0,2.414,10
Jul 13 2018 01: +0,2.323,21
Jul 14 2018 01: +0,2.377,4
Jul 15 2018 01: +0,2.383,6
Jul 16 2018 01: +0,2.353,8
Jul 17 2018 01: +0,2.355,10
Jul 18 2018 01: +0,2.268,14
Jul 19 2018 01: +0,2.391,26
Jul 20 2018 01: +0,2.371,23
Jul 21 2018 01: +0,2.38,14
Jul 22 2018 01: +0,2.398,22
Jul 23 2018 01: +0,2.404,4
Jul 24 2018 01: +0,2.418,8
Jul 25 2018 01: +0,2.412,38
Jul 26 2018 01: +0,2.39,21
Jul 27 2018 01: +0,2.43,9
Jul 28 2018 01: +0,2.408,11
Jul 29 2018 01: +0,2.401,4
Jul 30 2018 01: +0,2.341,5
Jul 31 2018 01: +0,2.412,18
Aug 01 2018 01: +0,2.324,15
Aug 02 2018 01: +0,2.401,14
Aug 03 2018 01: +0,2.37,14
Aug 04 2018 01: +0,2.398,19
Aug 05 2018 01: +0,2.41,16
Aug 06 2018 01: +0,2.422,7
Aug 07 2018 01: +0,2.418,12
Aug 08 2018 01: +0,2.385,9
Aug 09 2018 01: +0,2.211,7
Aug 10 2018 01: +0,2.213,22
Aug 11 2018 01: +0,2.242,11
Aug 12 2018 01: +0,2.177,13
Aug 13 2018 01: +0,2.165,2
Aug 14 2018 01: +0,2.283,5
Aug 15 2018 01: +0,2.291,10
Aug 16 2018 01: +0,2.168,2
Aug 17 2018 01: +0,2.073,5
Aug 18 2018 01: +0,2.055,24
Aug 19 2018 01: +0,2.272,10
Aug 20 2018 01: +0,2.291,19
Aug 21 2018 01: +0,2.228,6
Aug 22 2018 01: +0,2.275,23
Aug 23 2018 01: +0,2.221,6
Aug 24 2018 01: +0,2.284,16
Aug 25 2018 01: +0,2.234,18
Aug 26 2018 01: +0,2.285,12
Aug 27 2018 01: +0,2.294,14
Aug 28 2018 01: +0,2.392,10
Aug 29 2018 01: +0,2.391,17
Aug 30 2018 01: +0,2.518,5
Aug 31 2018 01: +0,2.358,5
Sep 01 2018 01: +0,2.608,19
Sep 02 2018 01: +0,2.699,9
Sep 03 2018 01: +0,2.658,6
Sep 05 2018 01: +0,2.6,9
Sep 06 2018 01: +0,2.488,4
Sep 07 2018 01: +0,2.493,10
Sep 08 2018 01: +0,2.535,7
Sep 09 2018 01: +0,2.689,3
Sep 10 2018 01: +0,2.642,1
Sep 11 2018 01: +0,2.69,7
Sep 12 2018 01: +0,2.797,6
Sep 13 2018 01: +0,2.715,6
Sep 14 2018 01: +0,2.369,2
Sep 15 2018 01: +0,2.726,19
Sep 16 2018 01: +0,2.466,4
Sep 17 2018 01: +0,2.681,10
Sep 18 2018 01: +0,2.623,5
Sep 19 2018 01: +0,2.695,6
Sep 20 2018 01: +0,2.68,9
Sep 21 2018 01: +0,2.731,7
Sep 22 2018 01: +0,2.716,5
Sep 23 2018 01: +0,2.671,7
Sep 24 2018 01: +0,2.825,11
Sep 25 2018 01: +0,2.941,3
Sep 26 2018 01: +0,2.867,8
Sep 27 2018 01: +0,2.687,10
Sep 28 2018 01: +0,2.825,10
Sep 29 2018 01: +0,2.749,6
Sep 30 2018 01: +0,2.831,11
Oct 01 2018 01: +0,2.862,8
Oct 02 2018 01: +0,2.887,27
Oct 03 2018 00: +0,2.936,2
Oct 03 2018 02: +0,2.955,1
Oct 03 2018 05: +0,2.967,3
Oct 03 2018 07: +0,2.967,1
Oct 03 2018 16: +0,2.977,2
Oct 03 2018 20: +0,2.985,1
Oct 04 2018 07: +0,2.988,1
Oct 04 2018 09: +0,3,1
Oct 04 2018 15: +0,2.997,1
Oct 04 2018 16: +0,2.996,1
Oct 04 2018 18: +0,3.042,1
Oct 04 2018 19: +0,3.053,2
Oct 05 2018 03: +0,3.07,1
Oct 05 2018 12: +0,2.933,1
Oct 05 2018 15: +0,2.937,1
Oct 05 2018 16: +0,2.928,1
Oct 05 2018 17: +0,2.93,1
Oct 05 2018 19: +0,2.931,2
Oct 06 2018 02: +0,2.93,1
Oct 06 2018 05: +0,2.93,1
Oct 06 2018 10: +0,2.93,2
Oct 06 2018 15: +0,2.933,2
Oct 06 2018 17: +0,2.897,2
Oct 06 2018 18: +0,2.864,1
Oct 06 2018 20: +0,2.938,1
Oct 07 2018 14: +0,2.762,1
Oct 07 2018 19: +0,2.782,1
Oct 07 2018 23: +0,2.767,1
Oct 08 2018 00: +0,2.9,1
Oct 08 2018 06: +0,2.81,1
Oct 08 2018 11: +0,2.807,1
Oct 09 2018 04: +0,2.787,2
Oct 09 2018 08: +0,2.799,1
Oct 09 2018 09: +0,2.799,1
Oct 09 2018 12: +0,2.807,1
Oct 09 2018 13: +0,2.807,1
Oct 09 2018 14: +0,2.81,1
Oct 09 2018 17: +0,2.754,2
Oct 09 2018 22: +0,2.726,2
Oct 10 2018 11: +0,2.807,2
Oct 10 2018 23: +0,2.808,1
Oct 11 2018 13: +0,2.77,1
Oct 12 2018 07: +0,2.718,1
Oct 12 2018 13: +0,2.758,2
Oct 13 2018 01: +0,2.657,1
Oct 13 2018 09: +0,2.549,1
Oct 13 2018 14: +0,2.749,4
Oct 13 2018 16: +0,2.737,2
Oct 13 2018 21: +0,2.739,1
Oct 14 2018 01: +0,2.55,1
Oct 14 2018 08: +0,2.549,1
Oct 14 2018 13: +0,2.806,1
Oct 14 2018 15: +0,2.603,1
Oct 15 2018 06: +0,2.806,1
Oct 15 2018 10: +0,2.776,1
Oct 15 2018 20: +0,2.77,1
Oct 15 2018 22: +0,2.77,1
Oct 16 2018 04: +0,2.8,1
Oct 16 2018 07: +0,2.794,1
Oct 16 2018 10: +0,2.806,4
Oct 16 2018 11: +0,2.806,1
Oct 16 2018 22: +0,2.775,4
Oct 17 2018 18: +0,2.7,2
Oct 18 2018 02: +0,2.63,1
Oct 18 2018 04: +0,2.791,1
Oct 18 2018 12: +0,2.79,1
Oct 18 2018 14: +0,2.785,1
Oct 18 2018 15: +0,2.805,33
Oct 18 2018 16: +0,2.839,1
Oct 18 2018 17: +0,2.837,1
Oct 18 2018 18: +0,2.835,4
Oct 18 2018 19: +0,2.504,1
Oct 19 2018 05: +0,2.77,1
Oct 19 2018 06: +0,2.77,1
Oct 19 2018 11: +0,2.761,1
Oct 19 2018 17: +0,2.76,1
Oct 19 2018 18: +0,2.765,1
Oct 20 2018 04: +0,2.754,1
Oct 20 2018 05: +0,2.606,1
Oct 20 2018 07: +0,2.814,1
Oct 20 2018 18: +0,2.846,3
Oct 20 2018 20: +0,2.801,1
Oct 20 2018 21: +0,2.801,2
Oct 20 2018 23: +0,2.627,2
Oct 21 2018 01: +0,2.88,1
Oct 21 2018 08: +0,2.885,1
Oct 21 2018 09: +0,2.885,1
Oct 21 2018 19: +0,2.863,1
Oct 22 2018 12: +0,2.804,9
Oct 22 2018 16: +0,2.885,1
Oct 22 2018 17: +0,2.897,7
Oct 22 2018 19: +0,3.06,3
Oct 23 2018 07: +0,3,3
Oct 23 2018 11: +0,3.114,5
Oct 23 2018 16: +0,2.93,1
Oct 24 2018 21: +0,3.03,1
Oct 24 2018 23: +0,2.908,2
Oct 25 2018 03: +0,3.042,1
Oct 25 2018 05: +0,3.039,1
Oct 25 2018 14: +0,3.142,1
Oct 25 2018 19: +0,3.201,14
Oct 25 2018 22: +0,3.601,1
Oct 26 2018 00: +0,3.595,1
Oct 26 2018 01: +0,3.613,2
Oct 26 2018 09: +0,3.64,1
Oct 26 2018 10: +0,3.245,1
Oct 26 2018 13: +0,2.79,1
Oct 26 2018 14: +0,3.656,3
Oct 27 2018 00: +0,3.68,1
Oct 27 2018 11: +0,3.584,2
Oct 27 2018 13: +0,2.96,1
Oct 27 2018 16: +0,2.93,3
Oct 28 2018 11: +0,2.852,1
Oct 28 2018 15: +0,2.86,2
Oct 28 2018 22: +0,3.397,2
Oct 29 2018 15: +0,3.017,2
Oct 29 2018 18: +0,2.88,1
Oct 29 2018 19: +0,3.03,1
Oct 29 2018 23: +0,3.096,2
Oct 30 2018 00: +0,3.363,3
Oct 30 2018 02: +0,3.402,1
Oct 30 2018 04: +0,3.675,4
Oct 30 2018 07: +0,3.818,1
Oct 30 2018 10: +0,2.768,1
Oct 31 2018 06: +0,3.637,1
Oct 31 2018 18: +0,3.408,1
Oct 31 2018 20: +0,3.613,1
Nov 01 2018 20: +0,3.391,1
Nov 01 2018 23: +0,3.404,1
Nov 02 2018 09: +0,3.107,1
Nov 02 2018 20: +0,3.491,4
Nov 02 2018 21: +0,3.603,1
