Aug 15 2015 01: +0,1.138,2363
Aug 16 2015 01: +0,1.112,815
Aug 17 2015 01: +0,1.105,572
Aug 18 2015 01: +0,1.11,426
Aug 19 2015 01: +0,1.103,422
Aug 20 2015 01: +0,1.048,647
Aug 21 2015 01: +0,0.916,1464
Aug 22 2015 01: +0,0.904,1452
Aug 23 2015 01: +0,0.442,124098
Aug 24 2015 01: +0,0.413,33553
Aug 25 2015 01: +0,0.458,4378
Aug 26 2015 01: +0,0.426,3845
Aug 27 2015 01: +0,0.416,2967
Aug 28 2015 01: +0,0.41,2691
Aug 29 2015 01: +0,0.387,2815
Aug 30 2015 01: +0,0.376,2735
Aug 31 2015 01: +0,0.364,3391
Sep 01 2015 01: +0,0.332,4138
Sep 02 2015 01: +0,0.305,3113
Sep 03 2015 01: +0,0.31,2446
Sep 04 2015 01: +0,0.321,2652
Sep 05 2015 01: +0,0.329,2461
Sep 06 2015 01: +0,0.314,2619
Sep 07 2015 01: +0,0.3,2456
Sep 08 2015 01: +0,0.303,2952
Sep 09 2015 01: +0,0.302,2420
Sep 10 2015 01: +0,0.296,2541
Sep 11 2015 01: +0,0.418,37304
Sep 12 2015 01: +0,0.441,7016
Sep 13 2015 01: +0,0.423,3329
Sep 14 2015 01: +0,0.417,2903
Sep 15 2015 01: +0,0.399,3038
Sep 16 2015 01: +0,0.385,3040
Sep 17 2015 01: +0,0.392,2509
Sep 18 2015 01: +0,0.371,2883
Sep 19 2015 01: +0,0.367,2672
Sep 20 2015 01: +0,0.372,2783
Sep 21 2015 01: +0,0.378,2749
Sep 22 2015 01: +0,0.381,2190
Sep 23 2015 01: +0,0.395,2180
Sep 24 2015 01: +0,0.379,1737
Sep 25 2015 01: +0,0.378,2247
Sep 26 2015 01: +0,0.384,2251
Sep 27 2015 01: +0,0.366,2258
Sep 28 2015 01: +0,0.348,2193
Sep 29 2015 01: +0,0.344,1927
Sep 30 2015 01: +0,0.349,1668
Oct 01 2015 01: +0,0.36,1334
Oct 02 2015 01: +0,0.353,1712
Oct 03 2015 01: +0,0.348,1878
Oct 04 2015 01: +0,0.34,1855
Oct 05 2015 01: +0,0.32,2194
Oct 06 2015 01: +0,0.323,1640
Oct 07 2015 01: +0,0.323,1646
Oct 08 2015 01: +0,0.316,1599
Oct 09 2015 01: +0,0.315,2097
Oct 10 2015 01: +0,0.31,2619
Oct 11 2015 01: +0,0.299,3034
Oct 12 2015 01: +0,0.312,1543
Oct 13 2015 01: +0,0.302,1344
Oct 14 2015 01: +0,0.302,1966
Oct 15 2015 01: +0,0.298,1820
Oct 16 2015 01: +0,0.299,1617
Oct 17 2015 01: +0,0.307,2020
Oct 18 2015 01: +0,0.301,2117
Oct 19 2015 01: +0,0.3,1852
Oct 20 2015 01: +0,0.295,1657
Oct 21 2015 01: +0,0.254,2852
Oct 22 2015 01: +0,0.263,1295
Oct 23 2015 01: +0,0.272,1723
Oct 24 2015 01: +0,0.277,1731
Oct 25 2015 01: +0,0.278,2094
Oct 26 2015 01: +0,0.273,1283
Oct 27 2015 01: +0,0.264,1168
Oct 28 2015 01: +0,0.26,1439
Oct 29 2015 01: +0,0.263,1333
Oct 30 2015 01: +0,0.26,1994
Oct 31 2015 01: +0,0.252,2327
Nov 01 2015 01: +0,0.242,3658
Nov 02 2015 01: +0,0.254,1176
Nov 03 2015 01: +0,0.255,749
Nov 04 2015 01: +0,0.256,917
Nov 05 2015 01: +0,0.253,583
Nov 06 2015 01: +0,0.247,903
Nov 07 2015 01: +0,0.253,863
Nov 08 2015 01: +0,0.233,892
Nov 09 2015 01: +0,0.232,599
Nov 10 2015 01: +0,0.224,829
Nov 11 2015 01: +0,0.231,981
Nov 12 2015 01: +0,0.231,904
Nov 13 2015 01: +0,0.223,1316
Nov 14 2015 01: +0,0.223,1371
Nov 15 2015 01: +0,0.231,845
Nov 16 2015 01: +0,0.227,783
Nov 17 2015 01: +0,0.221,703
Nov 18 2015 01: +0,0.228,616
Nov 19 2015 01: +0,0.222,854
Nov 20 2015 01: +0,0.23,866
Nov 21 2015 01: +0,0.232,906
Nov 22 2015 01: +0,0.222,866
Nov 23 2015 01: +0,0.229,631
Nov 24 2015 01: +0,0.236,714
Nov 25 2015 01: +0,0.229,935
Nov 26 2015 01: +0,0.21,835
Nov 27 2015 01: +0,0.203,1166
Nov 28 2015 01: +0,0.21,1005
Nov 29 2015 01: +0,0.207,1179
Nov 30 2015 01: +0,0.206,936
Dec 01 2015 01: +0,0.203,921
Dec 02 2015 01: +0,0.212,1083
Dec 03 2015 01: +0,0.208,995
Dec 04 2015 01: +0,0.218,1217
Dec 05 2015 01: +0,0.224,1305
Dec 06 2015 01: +0,0.227,1424
Dec 07 2015 01: +0,0.24,825
Dec 08 2015 01: +0,0.245,847
Dec 09 2015 01: +0,0.25,1226
Dec 10 2015 01: +0,0.256,985
Dec 11 2015 01: +0,0.267,1025
Dec 12 2015 01: +0,0.271,1297
Dec 13 2015 01: +0,0.276,1140
Dec 14 2015 01: +0,0.273,950
Dec 15 2015 01: +0,0.269,1050
Dec 16 2015 01: +0,0.275,1000
Dec 17 2015 01: +0,0.287,940
Dec 18 2015 01: +0,0.283,869
Dec 19 2015 01: +0,0.277,1102
Dec 20 2015 01: +0,0.277,955
Dec 21 2015 01: +0,0.273,908
Dec 22 2015 01: +0,0.274,871
Dec 23 2015 01: +0,0.27,1013
Dec 24 2015 01: +0,0.279,580
Dec 25 2015 01: +0,0.27,751
Dec 26 2015 01: +0,0.273,1089
Dec 27 2015 01: +0,0.277,938
Dec 28 2015 01: +0,0.278,905
Dec 29 2015 01: +0,0.284,1306
Dec 30 2015 01: +0,0.276,1055
Dec 31 2015 01: +0,0.273,1283
Jan 01 2016 01: +0,0.273,942
Jan 02 2016 01: +0,0.27,1088
Jan 03 2016 01: +0,0.26,1062
Jan 04 2016 01: +0,0.244,1253
Jan 05 2016 01: +0,0.25,1729
Jan 06 2016 01: +0,0.253,1230
Jan 07 2016 01: +0,0.258,1255
Jan 08 2016 01: +0,0.264,1877
Jan 09 2016 01: +0,0.279,1479
Jan 10 2016 01: +0,0.289,1362
Jan 11 2016 01: +0,0.283,1110
Jan 12 2016 01: +0,0.277,1431
Jan 13 2016 01: +0,0.269,1413
Jan 14 2016 01: +0,0.281,2059
Jan 15 2016 01: +0,0.289,2399
Jan 16 2016 01: +0,0.325,1230
Jan 17 2016 01: +0,0.353,1243
Jan 18 2016 01: +0,0.36,814
Jan 19 2016 01: +0,0.356,624
Jan 20 2016 01: +0,0.355,785
Jan 21 2016 01: +0,0.356,805
Jan 22 2016 01: +0,0.363,1129
Jan 23 2016 01: +0,0.377,1053
Jan 24 2016 01: +0,0.381,862
Jan 25 2016 01: +0,0.383,782
Jan 26 2016 01: +0,0.392,677
Jan 27 2016 01: +0,0.392,609
Jan 28 2016 01: +0,0.388,551
Jan 29 2016 01: +0,0.391,602
Jan 30 2016 01: +0,0.386,714
Jan 31 2016 01: +0,0.383,640
Feb 01 2016 01: +0,0.378,779
Feb 02 2016 01: +0,0.386,537
Feb 03 2016 01: +0,0.375,519
Feb 04 2016 01: +0,0.38,548
Feb 05 2016 01: +0,0.378,646
Feb 06 2016 01: +0,0.363,843
Feb 07 2016 01: +0,0.347,729
Feb 08 2016 01: +0,0.347,682
Feb 09 2016 01: +0,0.363,499
Feb 10 2016 01: +0,0.365,489
Feb 11 2016 01: +0,0.359,561
Feb 12 2016 01: +0,0.368,502
Feb 13 2016 01: +0,0.376,865
Feb 14 2016 01: +0,0.374,860
Feb 15 2016 01: +0,0.367,744
Feb 16 2016 01: +0,0.362,783
Feb 17 2016 01: +0,0.367,698
Feb 18 2016 01: +0,0.315,1107
Feb 19 2016 01: +0,0.363,838
Feb 20 2016 01: +0,0.373,1072
Feb 21 2016 01: +0,0.364,1078
Feb 22 2016 01: +0,0.352,1000
Feb 23 2016 01: +0,0.359,1733
Feb 24 2016 01: +0,0.351,1188
Feb 25 2016 01: +0,0.336,1257
Feb 26 2016 01: +0,0.331,1896
Feb 27 2016 01: +0,0.333,2287
Feb 28 2016 01: +0,0.353,1073
Feb 29 2016 01: +0,0.348,1034
Mar 01 2016 01: +0,0.345,921
Mar 02 2016 01: +0,0.348,897
Mar 03 2016 01: +0,0.344,934
Mar 04 2016 01: +0,0.353,2660
Mar 05 2016 01: +0,0.367,1032
Mar 06 2016 01: +0,0.362,887
Mar 07 2016 01: +0,0.361,725
Mar 08 2016 01: +0,0.359,647
Mar 09 2016 01: +0,0.35,697
Mar 10 2016 01: +0,0.354,733
Mar 11 2016 01: +0,0.361,829
Mar 12 2016 01: +0,0.37,969
Mar 13 2016 01: +0,0.375,874
Mar 14 2016 01: +0,0.368,884
Mar 15 2016 01: +0,0.374,780
Mar 16 2016 01: +0,0.376,848
Mar 17 2016 01: +0,0.366,932
Mar 18 2016 01: +0,0.334,974
Mar 19 2016 01: +0,0.347,871
Mar 20 2016 01: +0,0.359,709
Mar 21 2016 01: +0,0.36,501
Mar 22 2016 01: +0,0.355,544
Mar 23 2016 01: +0,0.355,698
Mar 24 2016 01: +0,0.357,612
Mar 25 2016 01: +0,0.353,542
Mar 26 2016 01: +0,0.354,593
Mar 27 2016 01: +0,0.349,678
Mar 28 2016 01: +0,0.349,514
Mar 29 2016 01: +0,0.349,433
Mar 30 2016 01: +0,0.334,495
Mar 31 2016 01: +0,0.334,465
Apr 01 2016 01: +0,0.32,602
Apr 02 2016 01: +0,0.319,624
Apr 03 2016 01: +0,0.263,957
Apr 04 2016 01: +0,0.289,526
Apr 05 2016 01: +0,0.316,327
Apr 06 2016 01: +0,0.319,345
Apr 07 2016 01: +0,0.325,369
Apr 08 2016 01: +0,0.317,393
Apr 09 2016 01: +0,0.331,444
Apr 10 2016 01: +0,0.326,315
Apr 11 2016 01: +0,0.332,228
Apr 12 2016 01: +0,0.336,250
Apr 13 2016 01: +0,0.322,263
Apr 14 2016 01: +0,0.312,398
Apr 15 2016 01: +0,0.287,592
Apr 16 2016 01: +0,0.316,391
Apr 17 2016 01: +0,0.324,346
Apr 18 2016 01: +0,0.314,342
Apr 19 2016 01: +0,0.316,274
Apr 20 2016 01: +0,0.32,293
Apr 21 2016 01: +0,0.319,323
Apr 22 2016 01: +0,0.32,353
Apr 23 2016 01: +0,0.322,531
Apr 24 2016 01: +0,0.308,522
Apr 25 2016 01: +0,0.317,377
Apr 26 2016 01: +0,0.304,414
Apr 27 2016 01: +0,0.312,422
Apr 28 2016 01: +0,0.31,519
Apr 29 2016 01: +0,0.315,543
Apr 30 2016 01: +0,0.317,651
May 01 2016 01: +0,0.321,795
May 02 2016 01: +0,0.335,523
May 03 2016 01: +0,0.333,581
May 04 2016 01: +0,0.317,810
May 05 2016 01: +0,0.322,658
May 06 2016 01: +0,0.335,620
May 07 2016 01: +0,0.354,556
May 08 2016 01: +0,0.37,401
May 09 2016 01: +0,0.375,285
May 10 2016 01: +0,0.37,323
May 11 2016 01: +0,0.362,369
May 12 2016 01: +0,0.358,393
May 13 2016 01: +0,0.36,402
May 14 2016 01: +0,0.353,586
May 15 2016 01: +0,0.363,502
May 16 2016 01: +0,0.366,393
May 17 2016 01: +0,0.369,291
May 18 2016 01: +0,0.368,232
May 19 2016 01: +0,0.366,284
May 20 2016 01: +0,0.363,293
May 21 2016 01: +0,0.375,335
May 22 2016 01: +0,0.374,370
May 23 2016 01: +0,0.377,244
May 24 2016 01: +0,0.368,239
May 25 2016 01: +0,0.367,303
May 26 2016 01: +0,0.371,241
May 27 2016 01: +0,0.361,304
May 28 2016 01: +0,0.375,298
May 29 2016 01: +0,0.373,298
May 30 2016 01: +0,0.363,246
May 31 2016 01: +0,0.348,321
Jun 01 2016 01: +0,0.35,383
Jun 02 2016 01: +0,0.336,366
Jun 03 2016 01: +0,0.335,312
Jun 04 2016 01: +0,0.357,297
Jun 05 2016 01: +0,0.346,315
Jun 06 2016 01: +0,0.341,235
Jun 07 2016 01: +0,0.331,488
Jun 08 2016 01: +0,0.338,299
Jun 09 2016 01: +0,0.35,240
Jun 10 2016 01: +0,0.332,335
Jun 11 2016 01: +0,0.328,473
Jun 12 2016 01: +0,0.325,500
Jun 13 2016 01: +0,0.322,423
Jun 14 2016 01: +0,0.319,383
Jun 15 2016 01: +0,0.326,298
Jun 16 2016 01: +0,0.317,346
Jun 17 2016 01: +0,0.322,466
Jun 18 2016 01: +0,0.326,471
Jun 19 2016 01: +0,0.33,440
Jun 20 2016 01: +0,0.33,363
Jun 21 2016 01: +0,0.327,553
Jun 22 2016 01: +0,0.339,343
Jun 23 2016 01: +0,0.329,293
Jun 24 2016 01: +0,0.321,337
Jun 25 2016 01: +0,0.302,385
Jun 26 2016 01: +0,0.296,238
Jun 27 2016 01: +0,0.3,254
Jun 28 2016 01: +0,0.294,267
Jun 29 2016 01: +0,0.289,261
Jun 30 2016 01: +0,0.309,248
Jul 01 2016 01: +0,0.321,190
Jul 02 2016 01: +0,0.316,223
Jul 03 2016 01: +0,0.309,228
Jul 04 2016 01: +0,0.301,265
Jul 05 2016 01: +0,0.285,311
Jul 06 2016 01: +0,0.311,303
Jul 07 2016 01: +0,0.31,263
Jul 08 2016 01: +0,0.303,323
Jul 09 2016 01: +0,0.299,268
Jul 10 2016 01: +0,0.261,345
Jul 11 2016 01: +0,0.263,205
Jul 12 2016 01: +0,0.291,192
Jul 13 2016 01: +0,0.291,221
Jul 14 2016 01: +0,0.282,216
Jul 15 2016 01: +0,0.291,204
Jul 16 2016 01: +0,0.302,133
Jul 17 2016 01: +0,0.301,182
Jul 18 2016 01: +0,0.303,175
Jul 19 2016 01: +0,0.294,149
Jul 20 2016 01: +0,0.297,228
Jul 21 2016 01: +0,0.301,125
Jul 22 2016 01: +0,0.305,88
Jul 23 2016 01: +0,0.306,106
Jul 24 2016 01: +0,0.303,128
Jul 25 2016 01: +0,0.305,145
Jul 26 2016 01: +0,0.313,127
Jul 27 2016 01: +0,0.301,160
Jul 28 2016 01: +0,0.304,172
Jul 29 2016 01: +0,0.305,197
Jul 30 2016 01: +0,0.313,174
Jul 31 2016 01: +0,0.303,194
Aug 01 2016 01: +0,0.306,196
Aug 02 2016 01: +0,0.304,251
Aug 03 2016 01: +0,0.291,240
Aug 04 2016 01: +0,0.285,253
Aug 05 2016 01: +0,0.278,328
Aug 06 2016 01: +0,0.282,272
Aug 07 2016 01: +0,0.294,193
Aug 08 2016 01: +0,0.295,244
Aug 09 2016 01: +0,0.289,241
Aug 10 2016 01: +0,0.283,234
Aug 11 2016 01: +0,0.291,174
Aug 12 2016 01: +0,0.298,169
Aug 13 2016 01: +0,0.291,176
Aug 14 2016 01: +0,0.292,183
Aug 15 2016 01: +0,0.294,225
Aug 16 2016 01: +0,0.307,190
Aug 17 2016 01: +0,0.315,183
Aug 18 2016 01: +0,0.305,283
Aug 19 2016 01: +0,0.318,159
Aug 20 2016 01: +0,0.307,259
Aug 21 2016 01: +0,0.306,264
Aug 22 2016 01: +0,0.3,333
Aug 23 2016 01: +0,0.309,288
Aug 24 2016 01: +0,0.307,362
Aug 25 2016 01: +0,0.309,309
Aug 26 2016 01: +0,0.322,270
Aug 27 2016 01: +0,0.321,368
Aug 28 2016 01: +0,0.323,456
Aug 29 2016 01: +0,0.323,425
Aug 30 2016 01: +0,0.302,863
Aug 31 2016 01: +0,0.328,359
Sep 01 2016 01: +0,0.332,313
Sep 02 2016 01: +0,0.327,409
Sep 03 2016 01: +0,0.335,370
Sep 04 2016 01: +0,0.345,294
Sep 05 2016 01: +0,0.346,224
Sep 06 2016 01: +0,0.362,200
Sep 07 2016 01: +0,0.357,227
Sep 08 2016 01: +0,0.362,189
Sep 09 2016 01: +0,0.362,251
Sep 10 2016 01: +0,0.369,290
Sep 11 2016 01: +0,0.359,317
Sep 12 2016 01: +0,0.37,187
Sep 13 2016 01: +0,0.366,214
Sep 14 2016 01: +0,0.36,251
Sep 15 2016 01: +0,0.358,279
Sep 16 2016 01: +0,0.356,264
Sep 17 2016 01: +0,0.37,250
Sep 18 2016 01: +0,0.374,201
Sep 19 2016 01: +0,0.373,117
Sep 20 2016 01: +0,0.364,219
Sep 21 2016 01: +0,0.363,160
Sep 22 2016 01: +0,0.357,240
Sep 23 2016 01: +0,0.365,243
Sep 24 2016 01: +0,0.365,283
Sep 25 2016 01: +0,0.357,314
Sep 26 2016 01: +0,0.364,204
Sep 27 2016 01: +0,0.366,141
Sep 28 2016 01: +0,0.362,211
Sep 29 2016 01: +0,0.371,159
Sep 30 2016 01: +0,0.37,156
Oct 01 2016 01: +0,0.385,206
Oct 02 2016 01: +0,0.372,199
Oct 03 2016 01: +0,0.367,153
Oct 04 2016 01: +0,0.361,142
Oct 05 2016 01: +0,0.368,131
Oct 06 2016 01: +0,0.353,180
Oct 07 2016 01: +0,0.357,133
Oct 08 2016 01: +0,0.359,169
Oct 09 2016 01: +0,0.348,212
Oct 10 2016 01: +0,0.348,142
Oct 11 2016 01: +0,0.342,145
Oct 12 2016 01: +0,0.341,129
Oct 13 2016 01: +0,0.342,108
Oct 14 2016 01: +0,0.341,176
Oct 15 2016 01: +0,0.342,162
Oct 16 2016 01: +0,0.342,174
Oct 17 2016 01: +0,0.336,159
Oct 18 2016 01: +0,0.342,113
Oct 19 2016 01: +0,0.34,136
Oct 20 2016 01: +0,0.335,141
Oct 21 2016 01: +0,0.334,145
Oct 22 2016 01: +0,0.341,181
Oct 23 2016 01: +0,0.334,159
Oct 24 2016 01: +0,0.334,114
Oct 25 2016 01: +0,0.328,88
Oct 26 2016 01: +0,0.331,135
Oct 27 2016 01: +0,0.339,111
Oct 28 2016 01: +0,0.344,173
Oct 29 2016 01: +0,0.337,191
Oct 30 2016 01: +0,0.335,252
Oct 31 2016 01: +0,0.347,132
Nov 01 2016 01: +0,0.336,119
Nov 02 2016 01: +0,0.334,158
Nov 03 2016 01: +0,0.331,112
Nov 04 2016 01: +0,0.335,235
Nov 05 2016 01: +0,0.356,152
Nov 06 2016 01: +0,0.347,153
Nov 07 2016 01: +0,0.35,98
Nov 08 2016 01: +0,0.348,84
Nov 09 2016 01: +0,0.341,99
Nov 10 2016 01: +0,0.348,96
Nov 11 2016 01: +0,0.358,247
Nov 12 2016 01: +0,0.359,122
Nov 13 2016 01: +0,0.353,139
Nov 14 2016 01: +0,0.343,92
Nov 15 2016 01: +0,0.332,139
Nov 16 2016 01: +0,0.314,377
Nov 17 2016 01: +0,0.314,336
Nov 18 2016 01: +0,0.336,155
Nov 19 2016 01: +0,0.348,172
Nov 20 2016 01: +0,0.341,121
Nov 21 2016 01: +0,0.335,114
Nov 22 2016 01: +0,0.343,127
Nov 23 2016 01: +0,0.333,96
Nov 24 2016 01: +0,0.316,106
Nov 25 2016 01: +0,0.303,187
Nov 26 2016 01: +0,0.319,203
Nov 27 2016 01: +0,0.324,157
Nov 28 2016 01: +0,0.323,113
Nov 29 2016 01: +0,0.318,130
Nov 30 2016 01: +0,0.32,235
Dec 01 2016 01: +0,0.329,184
Dec 02 2016 01: +0,0.333,234
Dec 03 2016 01: +0,0.343,250
Dec 04 2016 01: +0,0.347,206
Dec 05 2016 01: +0,0.355,152
Dec 06 2016 01: +0,0.352,152
Dec 07 2016 01: +0,0.362,123
Dec 08 2016 01: +0,0.359,153
Dec 09 2016 01: +0,0.347,255
Dec 10 2016 01: +0,0.365,191
Dec 11 2016 01: +0,0.356,272
Dec 12 2016 01: +0,0.355,175
Dec 13 2016 01: +0,0.354,157
Dec 14 2016 01: +0,0.358,104
Dec 15 2016 01: +0,0.363,77
Dec 16 2016 01: +0,0.34,295
Dec 17 2016 01: +0,0.356,148
Dec 18 2016 01: +0,0.352,176
Dec 19 2016 01: +0,0.343,153
Dec 20 2016 01: +0,0.337,155
Dec 21 2016 01: +0,0.335,137
Dec 22 2016 01: +0,0.338,163
Dec 23 2016 01: +0,0.32,179
Dec 24 2016 01: +0,0.313,466
Dec 25 2016 01: +0,0.33,232
Dec 26 2016 01: +0,0.326,331
Dec 27 2016 01: +0,0.33,282
Dec 28 2016 01: +0,0.338,223
Dec 29 2016 01: +0,0.344,216
Dec 30 2016 01: +0,0.339,239
Dec 31 2016 01: +0,0.348,173
Jan 01 2017 01: +0,0.337,307
Jan 02 2017 01: +0,0.333,290
Jan 03 2017 01: +0,0.343,295
Jan 04 2017 01: +0,0.346,207
Jan 05 2017 01: +0,0.35,168
Jan 06 2017 01: +0,0.356,212
Jan 07 2017 01: +0,0.358,270
Jan 08 2017 01: +0,0.348,250
Jan 09 2017 01: +0,0.343,289
Jan 10 2017 01: +0,0.352,190
Jan 11 2017 01: +0,0.353,189
Jan 12 2017 01: +0,0.349,255
Jan 13 2017 01: +0,0.341,221
Jan 14 2017 01: +0,0.345,239
Jan 15 2017 01: +0,0.346,224
Jan 16 2017 01: +0,0.356,136
Jan 17 2017 01: +0,0.361,104
Jan 18 2017 01: +0,0.365,134
Jan 19 2017 01: +0,0.365,90
Jan 20 2017 01: +0,0.368,107
Jan 21 2017 01: +0,0.343,232
Jan 22 2017 01: +0,0.33,297
Jan 23 2017 01: +0,0.348,171
Jan 24 2017 01: +0,0.356,153
Jan 25 2017 01: +0,0.366,123
Jan 26 2017 01: +0,0.37,110
Jan 27 2017 01: +0,0.367,133
Jan 28 2017 01: +0,0.357,125
Jan 29 2017 01: +0,0.336,228
Jan 30 2017 01: +0,0.3,82
Jan 31 2017 01: +0,0.284,145
Feb 01 2017 01: +0,0.321,102
Feb 02 2017 01: +0,0.332,110
Feb 03 2017 01: +0,0.311,94
Feb 04 2017 01: +0,0.314,139
Feb 05 2017 01: +0,0.323,171
Feb 06 2017 01: +0,0.335,78
Feb 07 2017 01: +0,0.334,127
Feb 08 2017 01: +0,0.355,74
Feb 09 2017 01: +0,0.344,96
Feb 10 2017 01: +0,0.324,115
Feb 11 2017 01: +0,0.326,116
Feb 12 2017 01: +0,0.323,130
Feb 13 2017 01: +0,0.327,70
Feb 14 2017 01: +0,0.342,86
Feb 15 2017 01: +0,0.34,80
Feb 16 2017 01: +0,0.335,89
Feb 17 2017 01: +0,0.342,83
Feb 18 2017 01: +0,0.335,88
Feb 19 2017 01: +0,0.326,137
Feb 20 2017 01: +0,0.295,203
Feb 21 2017 01: +0,0.308,92
Feb 22 2017 01: +0,0.321,96
Feb 23 2017 01: +0,0.309,96
Feb 24 2017 01: +0,0.317,107
Feb 25 2017 01: +0,0.32,159
Feb 26 2017 01: +0,0.319,93
Feb 27 2017 01: +0,0.314,123
Feb 28 2017 01: +0,0.316,118
Mar 01 2017 01: +0,0.318,107
Mar 02 2017 01: +0,0.312,112
Mar 03 2017 01: +0,0.321,130
Mar 04 2017 01: +0,0.326,116
Mar 05 2017 01: +0,0.344,118
Mar 06 2017 01: +0,0.339,116
Mar 07 2017 01: +0,0.325,112
Mar 08 2017 01: +0,0.313,214
Mar 09 2017 01: +0,0.313,200
Mar 10 2017 01: +0,0.315,234
Mar 11 2017 01: +0,0.345,148
Mar 12 2017 01: +0,0.342,156
Mar 13 2017 01: +0,0.332,127
Mar 14 2017 01: +0,0.342,128
Mar 15 2017 01: +0,0.34,105
Mar 16 2017 01: +0,0.335,138
Mar 17 2017 01: +0,0.343,215
Mar 18 2017 01: +0,0.348,219
Mar 19 2017 01: +0,0.351,191
Mar 20 2017 01: +0,0.341,215
Mar 21 2017 01: +0,0.343,217
Mar 22 2017 01: +0,0.348,150
Mar 23 2017 01: +0,0.345,146
Mar 24 2017 01: +0,0.347,229
Mar 25 2017 01: +0,0.349,243
Mar 26 2017 01: +0,0.345,238
Mar 27 2017 01: +0,0.355,170
Mar 28 2017 01: +0,0.365,158
Mar 29 2017 01: +0,0.373,86
Mar 30 2017 01: +0,0.356,125
Mar 31 2017 01: +0,0.359,112
Apr 01 2017 01: +0,0.366,164
Apr 02 2017 01: +0,0.371,131
Apr 03 2017 01: +0,0.363,120
Apr 04 2017 01: +0,0.363,186
Apr 05 2017 01: +0,0.354,232
Apr 06 2017 01: +0,0.346,262
Apr 07 2017 01: +0,0.349,308
Apr 08 2017 01: +0,0.359,293
Apr 09 2017 01: +0,0.361,204
Apr 10 2017 01: +0,0.356,258
Apr 11 2017 01: +0,0.361,162
Apr 12 2017 01: +0,0.36,196
Apr 13 2017 01: +0,0.366,189
Apr 14 2017 01: +0,0.366,196
Apr 15 2017 01: +0,0.376,160
Apr 16 2017 01: +0,0.38,163
Apr 17 2017 01: +0,0.391,136
Apr 18 2017 01: +0,0.388,140
Apr 19 2017 01: +0,0.395,104
Apr 20 2017 01: +0,0.392,165
Apr 21 2017 01: +0,0.395,164
Apr 22 2017 01: +0,0.403,156
Apr 23 2017 01: +0,0.413,96
Apr 24 2017 01: +0,0.41,62
Apr 25 2017 01: +0,0.411,97
Apr 26 2017 01: +0,0.41,74
Apr 27 2017 01: +0,0.403,80
Apr 28 2017 01: +0,0.408,117
Apr 29 2017 01: +0,0.416,158
Apr 30 2017 01: +0,0.432,115
May 01 2017 01: +0,0.426,114
May 02 2017 01: +0,0.425,94
May 03 2017 01: +0,0.423,67
May 04 2017 01: +0,0.424,73
May 05 2017 01: +0,0.406,123
May 06 2017 01: +0,0.402,143
May 07 2017 01: +0,0.412,97
May 08 2017 01: +0,0.41,125
May 09 2017 01: +0,0.408,119
May 10 2017 01: +0,0.412,80
May 11 2017 01: +0,0.408,97
May 12 2017 01: +0,0.413,125
May 13 2017 01: +0,0.415,149
May 14 2017 01: +0,0.421,111
May 15 2017 01: +0,0.418,95
May 16 2017 01: +0,0.42,100
May 17 2017 01: +0,0.423,60
May 18 2017 01: +0,0.416,112
May 19 2017 01: +0,0.407,147
May 20 2017 01: +0,0.421,130
May 21 2017 01: +0,0.412,176
May 22 2017 01: +0,0.417,123
May 23 2017 01: +0,0.421,85
May 24 2017 01: +0,0.365,156
May 25 2017 01: +0,0.39,129
May 26 2017 01: +0,0.415,129
May 27 2017 01: +0,0.413,191
May 28 2017 01: +0,0.406,153
May 29 2017 01: +0,0.406,131
May 30 2017 01: +0,0.413,153
May 31 2017 01: +0,0.405,244
Jun 01 2017 01: +0,0.42,135
Jun 02 2017 01: +0,0.409,167
Jun 03 2017 01: +0,0.419,103
Jun 04 2017 01: +0,0.424,101
Jun 05 2017 01: +0,0.415,106
Jun 06 2017 01: +0,0.391,258
Jun 07 2017 01: +0,0.412,144
Jun 08 2017 01: +0,0.406,126
Jun 09 2017 01: +0,0.402,99
Jun 10 2017 01: +0,0.405,99
Jun 11 2017 01: +0,0.405,80
Jun 12 2017 01: +0,0.399,102
Jun 13 2017 01: +0,0.399,105
Jun 14 2017 01: +0,0.397,119
Jun 15 2017 01: +0,0.399,124
Jun 16 2017 01: +0,0.377,294
Jun 17 2017 01: +0,0.38,229
Jun 18 2017 01: +0,0.378,141
Jun 19 2017 01: +0,0.378,130
Jun 20 2017 01: +0,0.377,115
Jun 21 2017 01: +0,0.372,125
Jun 22 2017 01: +0,0.36,166
Jun 23 2017 01: +0,0.349,131
Jun 24 2017 01: +0,0.368,91
Jun 25 2017 01: +0,0.364,97
Jun 26 2017 01: +0,0.358,158
Jun 27 2017 01: +0,0.368,85
Jun 28 2017 01: +0,0.372,82
Jun 29 2017 01: +0,0.374,133
Jun 30 2017 01: +0,0.382,138
Jul 01 2017 01: +0,0.374,160
Jul 02 2017 01: +0,0.378,150
Jul 03 2017 01: +0,0.381,155
Jul 04 2017 01: +0,0.388,108
Jul 05 2017 01: +0,0.369,206
Jul 06 2017 01: +0,0.392,112
Jul 07 2017 01: +0,0.396,107
Jul 08 2017 01: +0,0.36,50
Jul 09 2017 01: +0,0.345,95
Jul 10 2017 01: +0,0.337,76
Jul 11 2017 01: +0,0.346,57
Jul 12 2017 01: +0,0.34,97
Jul 13 2017 01: +0,0.347,69
Jul 14 2017 01: +0,0.344,95
Jul 15 2017 01: +0,0.344,89
Jul 16 2017 01: +0,0.345,64
Jul 17 2017 01: +0,0.345,70
Jul 18 2017 01: +0,0.347,97
Jul 19 2017 01: +0,0.34,167
Jul 20 2017 01: +0,0.33,90
Jul 21 2017 01: +0,0.329,119
Jul 22 2017 01: +0,0.335,79
Jul 23 2017 01: +0,0.302,109
Jul 24 2017 01: +0,0.287,105
Jul 25 2017 01: +0,0.308,46
Jul 26 2017 01: +0,0.317,40
Jul 27 2017 01: +0,0.321,42
Jul 28 2017 01: +0,0.319,63
Jul 29 2017 01: +0,0.338,76
Jul 30 2017 01: +0,0.338,60
Jul 31 2017 01: +0,0.327,144
Aug 01 2017 01: +0,0.33,75
Aug 02 2017 01: +0,0.33,53
Aug 03 2017 01: +0,0.329,58
Aug 04 2017 01: +0,0.322,80
Aug 05 2017 01: +0,0.334,75
Aug 06 2017 01: +0,0.328,74
Aug 07 2017 01: +0,0.341,66
Aug 08 2017 01: +0,0.338,62
Aug 09 2017 01: +0,0.322,50
Aug 10 2017 01: +0,0.333,49
Aug 11 2017 01: +0,0.335,50
Aug 12 2017 01: +0,0.337,60
Aug 13 2017 01: +0,0.332,47
Aug 14 2017 01: +0,0.334,51
Aug 15 2017 01: +0,0.328,53
Aug 16 2017 01: +0,0.301,83
Aug 17 2017 01: +0,0.309,65
Aug 18 2017 01: +0,0.315,72
Aug 19 2017 01: +0,0.311,72
Aug 20 2017 01: +0,0.306,86
Aug 21 2017 01: +0,0.317,47
Aug 22 2017 01: +0,0.319,46
Aug 23 2017 01: +0,0.325,103
Aug 24 2017 01: +0,0.326,58
Aug 25 2017 01: +0,0.327,52
Aug 26 2017 01: +0,0.308,77
Aug 27 2017 01: +0,0.326,65
Aug 28 2017 01: +0,0.345,65
Aug 29 2017 01: +0,0.341,58
Aug 30 2017 01: +0,0.33,43
Aug 31 2017 01: +0,0.338,50
Sep 01 2017 01: +0,0.325,72
Sep 02 2017 01: +0,0.338,68
Sep 03 2017 01: +0,0.342,80
Sep 04 2017 01: +0,0.345,59
Sep 05 2017 01: +0,0.337,37
Sep 06 2017 01: +0,0.344,56
Sep 07 2017 01: +0,0.345,67
Sep 08 2017 01: +0,0.337,44
Sep 09 2017 01: +0,0.335,95
Sep 10 2017 01: +0,0.33,67
Sep 11 2017 01: +0,0.333,81
Sep 12 2017 01: +0,0.322,66
Sep 13 2017 01: +0,0.33,69
Sep 14 2017 01: +0,0.333,44
Sep 15 2017 01: +0,0.328,61
Sep 16 2017 01: +0,0.33,95
Sep 17 2017 01: +0,0.314,164
Sep 18 2017 01: +0,0.34,111
Sep 19 2017 01: +0,0.335,64
Sep 20 2017 01: +0,0.343,65
Sep 21 2017 01: +0,0.34,61
Sep 22 2017 01: +0,0.332,67
Sep 23 2017 01: +0,0.328,108
Sep 24 2017 01: +0,0.318,104
Sep 25 2017 01: +0,0.317,82
Sep 26 2017 01: +0,0.324,52
Sep 27 2017 01: +0,0.324,67
Sep 28 2017 01: +0,0.315,43
Sep 29 2017 01: +0,0.334,56
Sep 30 2017 01: +0,0.339,55
Oct 01 2017 01: +0,0.328,69
Oct 02 2017 01: +0,0.326,54
Oct 03 2017 01: +0,0.327,58
Oct 04 2017 01: +0,0.328,42
Oct 05 2017 01: +0,0.319,72
Oct 06 2017 01: +0,0.317,82
Oct 07 2017 01: +0,0.315,97
Oct 08 2017 01: +0,0.316,70
Oct 09 2017 01: +0,0.309,84
Oct 10 2017 01: +0,0.326,72
Oct 11 2017 01: +0,0.325,40
Oct 12 2017 01: +0,0.325,59
Oct 13 2017 01: +0,0.329,66
Oct 14 2017 01: +0,0.331,79
Oct 15 2017 01: +0,0.33,94
Oct 16 2017 01: +0,0.326,55
Oct 17 2017 01: +0,0.325,52
Oct 18 2017 01: +0,0.33,54
Oct 19 2017 01: +0,0.334,45
Oct 20 2017 01: +0,0.322,70
Oct 21 2017 01: +0,0.331,62
Oct 22 2017 01: +0,0.312,152
Oct 23 2017 01: +0,0.315,94
Oct 24 2017 01: +0,0.318,58
Oct 25 2017 01: +0,0.319,53
Oct 26 2017 01: +0,0.321,58
Oct 27 2017 01: +0,0.326,39
Oct 28 2017 01: +0,0.32,75
Oct 29 2017 01: +0,0.32,54
Oct 30 2017 01: +0,0.327,65
Oct 31 2017 01: +0,0.323,45
Nov 01 2017 01: +0,0.315,45
Nov 02 2017 01: +0,0.321,43
Nov 03 2017 01: +0,0.325,48
Nov 04 2017 01: +0,0.311,64
Nov 05 2017 01: +0,0.312,54
Nov 06 2017 01: +0,0.314,45
Nov 07 2017 01: +0,0.313,66
Nov 08 2017 01: +0,0.325,62
Nov 09 2017 01: +0,0.311,33
Nov 10 2017 01: +0,0.316,75
Nov 11 2017 01: +0,0.317,62
Nov 12 2017 01: +0,0.313,102
Nov 13 2017 01: +0,0.288,65
Nov 14 2017 01: +0,0.309,36
Nov 15 2017 01: +0,0.318,41
Nov 16 2017 01: +0,0.321,29
Nov 17 2017 01: +0,0.32,42
Nov 18 2017 01: +0,0.308,66
Nov 19 2017 01: +0,0.314,38
Nov 20 2017 01: +0,0.291,115
Nov 21 2017 01: +0,0.291,57
Nov 22 2017 01: +0,0.299,32
Nov 23 2017 01: +0,0.305,52
Nov 24 2017 01: +0,0.298,54
Nov 25 2017 01: +0,0.299,59
Nov 26 2017 01: +0,0.305,50
Nov 27 2017 01: +0,0.295,36
Nov 28 2017 01: +0,0.296,52
Nov 29 2017 01: +0,0.312,41
Nov 30 2017 01: +0,0.316,31
Dec 01 2017 01: +0,0.308,66
Dec 02 2017 01: +0,0.309,53
Dec 03 2017 01: +0,0.31,66
Dec 04 2017 01: +0,0.308,46
Dec 05 2017 01: +0,0.298,79
Dec 06 2017 01: +0,0.294,92
Dec 07 2017 01: +0,0.277,191
Dec 08 2017 01: +0,0.291,62
Dec 09 2017 01: +0,0.296,79
Dec 10 2017 01: +0,0.285,74
Dec 11 2017 01: +0,0.293,72
Dec 12 2017 01: +0,0.291,70
Dec 13 2017 01: +0,0.288,82
Dec 14 2017 01: +0,0.279,91
Dec 15 2017 01: +0,0.288,78
Dec 16 2017 01: +0,0.307,64
Dec 17 2017 01: +0,0.306,59
Dec 18 2017 01: +0,0.309,52
Dec 19 2017 01: +0,0.307,59
Dec 20 2017 01: +0,0.303,138
Dec 21 2017 01: +0,0.306,32
Dec 22 2017 01: +0,0.282,101
Dec 23 2017 01: +0,0.294,54
Dec 24 2017 01: +0,0.299,68
Dec 25 2017 01: +0,0.296,67
Dec 26 2017 01: +0,0.309,82
Dec 27 2017 01: +0,0.309,90
Dec 28 2017 01: +0,0.296,78
Dec 29 2017 01: +0,0.323,71
Dec 30 2017 01: +0,0.33,61
Dec 31 2017 01: +0,0.305,39
Jan 01 2018 01: +0,0.329,37
Jan 02 2018 01: +0,0.315,100
Jan 03 2018 01: +0,0.287,68
Jan 04 2018 01: +0,0.303,108
Jan 05 2018 01: +0,0.329,88
Jan 06 2018 01: +0,0.33,53
Jan 07 2018 01: +0,0.321,107
Jan 08 2018 01: +0,0.322,58
Jan 09 2018 01: +0,0.326,66
Jan 10 2018 01: +0,0.317,54
Jan 11 2018 01: +0,0.311,82
Jan 12 2018 01: +0,0.314,71
Jan 13 2018 01: +0,0.329,64
Jan 14 2018 01: +0,0.324,77
Jan 15 2018 01: +0,0.318,57
Jan 16 2018 01: +0,0.326,93
Jan 17 2018 01: +0,0.33,69
Jan 18 2018 01: +0,0.334,45
Jan 19 2018 01: +0,0.334,68
Jan 20 2018 01: +0,0.338,84
Jan 21 2018 01: +0,0.34,52
Jan 22 2018 01: +0,0.341,55
Jan 23 2018 01: +0,0.347,49
Jan 24 2018 01: +0,0.34,48
Jan 25 2018 01: +0,0.34,49
Jan 26 2018 01: +0,0.326,54
Jan 27 2018 01: +0,0.314,64
Jan 28 2018 01: +0,0.317,47
Jan 29 2018 01: +0,0.304,48
Jan 30 2018 01: +0,0.31,68
Jan 31 2018 01: +0,0.342,26
Feb 01 2018 01: +0,0.333,38
Feb 02 2018 01: +0,0.34,69
Feb 03 2018 01: +0,0.343,52
Feb 04 2018 01: +0,0.34,43
Feb 05 2018 01: +0,0.311,47
Feb 06 2018 01: +0,0.322,51
Feb 07 2018 01: +0,0.333,32
Feb 08 2018 01: +0,0.34,45
Feb 09 2018 01: +0,0.333,38
Feb 10 2018 01: +0,0.326,50
Feb 11 2018 01: +0,0.324,52
Feb 12 2018 01: +0,0.331,30
Feb 13 2018 01: +0,0.335,40
Feb 14 2018 01: +0,0.322,25
Feb 15 2018 01: +0,0.325,33
Feb 16 2018 01: +0,0.333,51
Feb 17 2018 01: +0,0.329,49
Feb 18 2018 01: +0,0.333,73
Feb 19 2018 01: +0,0.323,70
Feb 20 2018 01: +0,0.326,34
Feb 21 2018 01: +0,0.325,67
Feb 22 2018 01: +0,0.322,72
Feb 23 2018 01: +0,0.314,80
Feb 24 2018 01: +0,0.294,88
Feb 25 2018 01: +0,0.275,78
Feb 26 2018 01: +0,0.283,58
Feb 27 2018 01: +0,0.317,33
Feb 28 2018 01: +0,0.324,42
Mar 01 2018 01: +0,0.322,30
Mar 02 2018 01: +0,0.314,54
Mar 03 2018 01: +0,0.322,64
Mar 04 2018 01: +0,0.319,62
Mar 05 2018 01: +0,0.316,51
Mar 06 2018 01: +0,0.318,34
Mar 07 2018 01: +0,0.325,28
Mar 08 2018 01: +0,0.312,45
Mar 09 2018 01: +0,0.312,61
Mar 10 2018 01: +0,0.326,69
Mar 11 2018 01: +0,0.316,45
Mar 12 2018 01: +0,0.314,51
Mar 13 2018 01: +0,0.333,46
Mar 14 2018 01: +0,0.332,41
Mar 15 2018 01: +0,0.333,52
Mar 16 2018 01: +0,0.336,22
Mar 17 2018 01: +0,0.342,71
Mar 18 2018 01: +0,0.336,50
Mar 19 2018 01: +0,0.346,48
Mar 20 2018 01: +0,0.331,87
Mar 21 2018 01: +0,0.347,42
Mar 22 2018 01: +0,0.351,28
Mar 23 2018 01: +0,0.345,27
Mar 24 2018 01: +0,0.341,33
Mar 25 2018 01: +0,0.328,232
Mar 26 2018 01: +0,0.336,31
Mar 27 2018 01: +0,0.334,53
Mar 28 2018 01: +0,0.333,37
Mar 29 2018 01: +0,0.336,31
Mar 30 2018 01: +0,0.315,59
Mar 31 2018 01: +0,0.317,61
Apr 01 2018 01: +0,0.317,40
Apr 02 2018 01: +0,0.326,50
Apr 03 2018 01: +0,0.334,43
Apr 04 2018 01: +0,0.333,41
Apr 05 2018 01: +0,0.329,22
Apr 06 2018 01: +0,0.34,53
Apr 07 2018 01: +0,0.335,44
Apr 08 2018 01: +0,0.335,44
Apr 09 2018 01: +0,0.332,30
Apr 10 2018 01: +0,0.344,25
Apr 11 2018 01: +0,0.336,32
Apr 12 2018 01: +0,0.342,29
Apr 13 2018 01: +0,0.345,40
Apr 14 2018 01: +0,0.35,49
Apr 15 2018 01: +0,0.346,47
Apr 16 2018 01: +0,0.326,113
Apr 17 2018 01: +0,0.343,46
Apr 18 2018 01: +0,0.345,32
Apr 19 2018 01: +0,0.355,178
Apr 20 2018 01: +0,0.379,11
Apr 21 2018 01: +0,0.374,41
Apr 22 2018 01: +0,0.392,37
Apr 23 2018 01: +0,0.358,28
Apr 24 2018 01: +0,0.39,56
Apr 25 2018 01: +0,0.39,39
Apr 26 2018 01: +0,0.412,32
Apr 27 2018 01: +0,0.407,17
Apr 28 2018 01: +0,0.376,29
Apr 29 2018 01: +0,0.41,22
Apr 30 2018 01: +0,0.394,50
May 01 2018 01: +0,0.394,56
May 02 2018 01: +0,0.378,21
May 03 2018 01: +0,0.374,35
May 04 2018 01: +0,0.388,33
May 05 2018 01: +0,0.397,23
May 06 2018 01: +0,0.379,48
May 07 2018 01: +0,0.382,28
May 08 2018 01: +0,0.368,20
May 09 2018 01: +0,0.362,34
May 10 2018 01: +0,0.368,38
May 11 2018 01: +0,0.346,21
May 12 2018 01: +0,0.352,15
May 13 2018 01: +0,0.357,29
May 14 2018 01: +0,0.366,36
May 15 2018 01: +0,0.364,34
May 16 2018 01: +0,0.349,27
May 17 2018 01: +0,0.356,42
May 18 2018 01: +0,0.364,45
May 19 2018 01: +0,0.349,27
May 20 2018 01: +0,0.347,54
May 21 2018 01: +0,0.326,195
May 22 2018 01: +0,0.325,25
May 23 2018 01: +0,0.33,40
May 24 2018 01: +0,0.334,43
May 25 2018 01: +0,0.324,78
May 26 2018 01: +0,0.312,54
May 27 2018 01: +0,0.292,237
May 28 2018 01: +0,0.286,42
May 29 2018 01: +0,0.287,48
May 30 2018 01: +0,0.309,65
May 31 2018 01: +0,0.328,33
Jun 01 2018 01: +0,0.322,47
Jun 02 2018 01: +0,0.325,33
Jun 03 2018 01: +0,0.321,39
Jun 04 2018 01: +0,0.326,36
Jun 05 2018 01: +0,0.318,30
Jun 06 2018 01: +0,0.325,77
Jun 07 2018 01: +0,0.3,30
Jun 08 2018 01: +0,0.301,26
Jun 09 2018 01: +0,0.289,57
Jun 10 2018 01: +0,0.291,34
Jun 11 2018 01: +0,0.284,57
Jun 12 2018 01: +0,0.286,36
Jun 13 2018 01: +0,0.282,40
Jun 14 2018 01: +0,0.28,44
Jun 15 2018 01: +0,0.284,44
Jun 16 2018 01: +0,0.274,45
Jun 17 2018 01: +0,0.285,43
Jun 18 2018 01: +0,0.289,40
Jun 19 2018 01: +0,0.292,36
Jun 20 2018 01: +0,0.301,38
Jun 21 2018 01: +0,0.295,33
Jun 22 2018 01: +0,0.258,30
Jun 23 2018 01: +0,0.275,29
Jun 24 2018 01: +0,0.273,38
Jun 25 2018 01: +0,0.254,27
Jun 26 2018 01: +0,0.268,39
Jun 27 2018 01: +0,0.265,17
Jun 28 2018 01: +0,0.263,34
Jun 29 2018 01: +0,0.278,31
Jun 30 2018 01: +0,0.278,21
Jul 01 2018 01: +0,0.28,29
Jul 02 2018 01: +0,0.284,41
Jul 03 2018 01: +0,0.286,44
Jul 04 2018 01: +0,0.296,29
Jul 05 2018 01: +0,0.284,65
Jul 06 2018 01: +0,0.298,49
Jul 07 2018 01: +0,0.308,22
Jul 08 2018 01: +0,0.316,27
Jul 09 2018 01: +0,0.315,22
Jul 10 2018 01: +0,0.313,33
Jul 11 2018 01: +0,0.317,35
Jul 12 2018 01: +0,0.326,42
Jul 13 2018 01: +0,0.325,56
Jul 14 2018 01: +0,0.314,17
Jul 15 2018 01: +0,0.313,47
Jul 16 2018 01: +0,0.319,20
Jul 17 2018 01: +0,0.327,65
Jul 18 2018 01: +0,0.324,46
Jul 19 2018 01: +0,0.324,39
Jul 20 2018 01: +0,0.322,53
Jul 21 2018 01: +0,0.321,35
Jul 22 2018 01: +0,0.313,43
Jul 23 2018 01: +0,0.322,44
Jul 24 2018 01: +0,0.319,45
Jul 25 2018 01: +0,0.316,70
Jul 26 2018 01: +0,0.32,43
Jul 27 2018 01: +0,0.318,38
Jul 28 2018 01: +0,0.324,42
Jul 29 2018 01: +0,0.317,27
Jul 30 2018 01: +0,0.311,47
Jul 31 2018 01: +0,0.32,42
Aug 01 2018 01: +0,0.318,32
Aug 02 2018 01: +0,0.314,50
Aug 03 2018 01: +0,0.319,38
Aug 04 2018 01: +0,0.324,57
Aug 05 2018 01: +0,0.321,48
Aug 06 2018 01: +0,0.321,50
Aug 07 2018 01: +0,0.335,46
Aug 08 2018 01: +0,0.335,62
Aug 09 2018 01: +0,0.337,60
Aug 10 2018 01: +0,0.324,43
Aug 11 2018 01: +0,0.326,34
Aug 12 2018 01: +0,0.34,40
Aug 13 2018 01: +0,0.341,40
Aug 14 2018 01: +0,0.337,40
Aug 15 2018 01: +0,0.342,49
Aug 16 2018 01: +0,0.321,42
Aug 17 2018 01: +0,0.309,46
Aug 18 2018 01: +0,0.317,73
Aug 19 2018 01: +0,0.333,64
Aug 20 2018 01: +0,0.349,38
Aug 21 2018 01: +0,0.347,74
Aug 22 2018 01: +0,0.351,28
Aug 23 2018 01: +0,0.339,33
Aug 24 2018 01: +0,0.352,38
Aug 25 2018 01: +0,0.35,53
Aug 26 2018 01: +0,0.357,38
Aug 27 2018 01: +0,0.345,66
Aug 28 2018 01: +0,0.353,80
Aug 29 2018 01: +0,0.341,50
Aug 30 2018 01: +0,0.342,39
Aug 31 2018 01: +0,0.347,59
Sep 01 2018 01: +0,0.349,44
Sep 02 2018 01: +0,0.346,26
Sep 03 2018 01: +0,0.344,34
Sep 04 2018 01: +0,0.346,35
Sep 05 2018 01: +0,0.353,25
Sep 06 2018 01: +0,0.346,35
Sep 07 2018 01: +0,0.349,18
Sep 08 2018 01: +0,0.348,57
Sep 09 2018 01: +0,0.318,116
Sep 10 2018 01: +0,0.334,76
Sep 11 2018 01: +0,0.335,28
Sep 12 2018 01: +0,0.358,44
Sep 13 2018 01: +0,0.367,23
Sep 14 2018 01: +0,0.368,40
Sep 15 2018 01: +0,0.353,50
Sep 16 2018 01: +0,0.366,35
Sep 17 2018 01: +0,0.375,21
Sep 18 2018 01: +0,0.364,24
Sep 19 2018 01: +0,0.368,28
Sep 20 2018 01: +0,0.38,42
Sep 21 2018 01: +0,0.365,21
Sep 22 2018 01: +0,0.372,34
Sep 23 2018 01: +0,0.358,16
Sep 24 2018 01: +0,0.368,25
Sep 25 2018 01: +0,0.382,25
Sep 26 2018 01: +0,0.365,44
Sep 27 2018 01: +0,0.396,15
Sep 28 2018 01: +0,0.386,21
Sep 29 2018 01: +0,0.377,56
Sep 30 2018 01: +0,0.369,24
Oct 01 2018 01: +0,0.37,61
Oct 02 2018 01: +0,0.388,56
Oct 03 2018 01: +0,0.358,2
Oct 03 2018 06: +0,0.389,4
Oct 03 2018 10: +0,0.389,1
Oct 03 2018 12: +0,0.386,3
Oct 03 2018 13: +0,0.386,2
Oct 03 2018 14: +0,0.33,1
Oct 03 2018 15: +0,0.389,2
Oct 03 2018 16: +0,0.386,1
Oct 03 2018 17: +0,0.376,1
Oct 03 2018 18: +0,0.365,2
Oct 03 2018 19: +0,0.389,1
Oct 03 2018 20: +0,0.358,1
Oct 03 2018 21: +0,0.357,5
Oct 03 2018 22: +0,0.334,7
Oct 04 2018 03: +0,0.327,1
Oct 04 2018 06: +0,0.333,2
Oct 04 2018 07: +0,0.334,8
Oct 04 2018 08: +0,0.392,3
Oct 04 2018 09: +0,0.387,1
Oct 04 2018 11: +0,0.384,6
Oct 04 2018 13: +0,0.38,2
Oct 04 2018 14: +0,0.389,1
Oct 04 2018 15: +0,0.392,1
Oct 04 2018 16: +0,0.387,4
Oct 04 2018 17: +0,0.384,1
Oct 04 2018 18: +0,0.377,2
Oct 05 2018 00: +0,0.38,20
Oct 05 2018 01: +0,0.384,2
Oct 05 2018 02: +0,0.38,9
Oct 05 2018 03: +0,0.388,1
Oct 05 2018 08: +0,0.38,1
Oct 05 2018 12: +0,0.385,3
Oct 05 2018 13: +0,0.388,1
Oct 05 2018 14: +0,0.39,2
Oct 05 2018 15: +0,0.385,3
Oct 05 2018 16: +0,0.348,1
Oct 05 2018 17: +0,0.329,29
Oct 05 2018 18: +0,0.36,3
Oct 05 2018 19: +0,0.388,5
Oct 05 2018 20: +0,0.392,2
Oct 05 2018 21: +0,0.386,4
Oct 05 2018 22: +0,0.374,4
Oct 06 2018 00: +0,0.323,7
Oct 06 2018 04: +0,0.387,1
Oct 06 2018 05: +0,0.375,1
Oct 06 2018 07: +0,0.386,2
Oct 06 2018 08: +0,0.386,1
Oct 06 2018 10: +0,0.386,4
Oct 06 2018 11: +0,0.387,6
Oct 06 2018 12: +0,0.386,1
Oct 06 2018 13: +0,0.386,1
Oct 06 2018 15: +0,0.386,3
Oct 06 2018 18: +0,0.365,2
Oct 06 2018 19: +0,0.358,5
Oct 06 2018 20: +0,0.388,1
Oct 06 2018 21: +0,0.392,1
Oct 06 2018 23: +0,0.379,1
Oct 07 2018 03: +0,0.38,1
Oct 07 2018 04: +0,0.38,1
Oct 07 2018 10: +0,0.38,3
Oct 07 2018 12: +0,0.379,2
Oct 07 2018 13: +0,0.342,2
Oct 07 2018 15: +0,0.388,10
Oct 07 2018 16: +0,0.388,1
Oct 07 2018 17: +0,0.388,8
Oct 07 2018 18: +0,0.387,2
Oct 07 2018 20: +0,0.37,1
Oct 07 2018 21: +0,0.372,2
Oct 07 2018 22: +0,0.371,2
Oct 07 2018 23: +0,0.37,1
Oct 08 2018 02: +0,0.38,2
Oct 08 2018 03: +0,0.384,2
Oct 08 2018 05: +0,0.38,1
Oct 08 2018 06: +0,0.38,1
Oct 08 2018 10: +0,0.384,1
Oct 08 2018 13: +0,0.384,4
Oct 08 2018 14: +0,0.387,4
Oct 08 2018 16: +0,0.386,1
Oct 08 2018 18: +0,0.38,4
Oct 08 2018 22: +0,0.386,1
Oct 08 2018 23: +0,0.389,2
Oct 09 2018 01: +0,0.386,1
Oct 09 2018 02: +0,0.386,1
Oct 09 2018 05: +0,0.38,3
Oct 09 2018 09: +0,0.38,1
Oct 09 2018 10: +0,0.386,5
Oct 09 2018 11: +0,0.386,1
Oct 09 2018 12: +0,0.358,1
Oct 09 2018 13: +0,0.377,1
Oct 09 2018 15: +0,0.362,1
Oct 09 2018 16: +0,0.367,3
Oct 09 2018 17: +0,0.357,1
Oct 09 2018 19: +0,0.368,4
Oct 09 2018 20: +0,0.363,2
Oct 09 2018 23: +0,0.355,3
Oct 10 2018 03: +0,0.363,2
Oct 10 2018 05: +0,0.36,2
Oct 10 2018 09: +0,0.367,3
Oct 10 2018 10: +0,0.374,2
Oct 10 2018 11: +0,0.381,3
Oct 10 2018 15: +0,0.382,12
Oct 10 2018 16: +0,0.382,1
Oct 10 2018 17: +0,0.382,1
Oct 10 2018 18: +0,0.369,2
Oct 10 2018 19: +0,0.381,4
Oct 10 2018 22: +0,0.378,4
Oct 11 2018 00: +0,0.38,1
Oct 11 2018 01: +0,0.382,1
Oct 11 2018 02: +0,0.38,3
Oct 11 2018 06: +0,0.382,1
Oct 11 2018 08: +0,0.384,1
Oct 11 2018 09: +0,0.384,1
Oct 11 2018 10: +0,0.384,1
Oct 11 2018 11: +0,0.368,1
Oct 11 2018 13: +0,0.265,1
Oct 11 2018 14: +0,0.377,2
Oct 11 2018 15: +0,0.384,1
Oct 11 2018 17: +0,0.368,3
Oct 11 2018 18: +0,0.374,3
Oct 11 2018 19: +0,0.382,6
Oct 11 2018 20: +0,0.291,1
Oct 11 2018 22: +0,0.385,1
Oct 11 2018 23: +0,0.38,3
Oct 12 2018 01: +0,0.385,1
Oct 12 2018 10: +0,0.385,1
Oct 12 2018 11: +0,0.385,2
Oct 12 2018 12: +0,0.385,1
Oct 12 2018 13: +0,0.385,2
Oct 12 2018 14: +0,0.348,4
Oct 12 2018 15: +0,0.344,4
Oct 12 2018 18: +0,0.385,2
Oct 12 2018 19: +0,0.385,1
Oct 12 2018 20: +0,0.385,6
Oct 13 2018 02: +0,0.383,2
Oct 13 2018 03: +0,0.38,3
Oct 13 2018 08: +0,0.385,1
Oct 13 2018 11: +0,0.376,1
Oct 13 2018 12: +0,0.377,3
Oct 13 2018 13: +0,0.377,2
Oct 13 2018 15: +0,0.365,2
Oct 13 2018 17: +0,0.362,2
Oct 13 2018 18: +0,0.384,2
Oct 13 2018 21: +0,0.346,3
Oct 14 2018 00: +0,0.347,1
Oct 14 2018 02: +0,0.384,1
Oct 14 2018 05: +0,0.38,1
Oct 14 2018 10: +0,0.382,2
Oct 14 2018 12: +0,0.382,6
Oct 14 2018 14: +0,0.384,3
Oct 14 2018 15: +0,0.384,1
Oct 14 2018 16: +0,0.385,1
Oct 14 2018 17: +0,0.384,4
Oct 14 2018 18: +0,0.383,4
Oct 14 2018 19: +0,0.37,4
Oct 14 2018 20: +0,0.383,1
Oct 14 2018 21: +0,0.38,3
Oct 15 2018 01: +0,0.385,1
Oct 15 2018 07: +0,0.384,3
Oct 15 2018 09: +0,0.38,1
Oct 15 2018 11: +0,0.357,1
Oct 15 2018 13: +0,0.384,1
Oct 15 2018 16: +0,0.382,6
Oct 15 2018 17: +0,0.384,2
Oct 15 2018 22: +0,0.384,1
Oct 15 2018 23: +0,0.38,2
Oct 16 2018 02: +0,0.384,1
Oct 16 2018 03: +0,0.385,1
Oct 16 2018 05: +0,0.385,1
Oct 16 2018 08: +0,0.385,1
Oct 16 2018 11: +0,0.385,2
Oct 16 2018 12: +0,0.385,1
Oct 16 2018 13: +0,0.385,1
Oct 16 2018 15: +0,0.384,1
Oct 16 2018 17: +0,0.385,3
Oct 16 2018 18: +0,0.369,2
Oct 16 2018 19: +0,0.385,3
Oct 16 2018 20: +0,0.37,2
Oct 16 2018 21: +0,0.371,1
Oct 17 2018 00: +0,0.356,1
Oct 17 2018 01: +0,0.368,2
Oct 17 2018 04: +0,0.332,1
Oct 17 2018 07: +0,0.38,1
Oct 17 2018 09: +0,0.386,1
Oct 17 2018 12: +0,0.386,3
Oct 17 2018 13: +0,0.387,1
Oct 17 2018 14: +0,0.384,5
Oct 17 2018 15: +0,0.371,3
Oct 17 2018 16: +0,0.371,2
Oct 17 2018 17: +0,0.371,1
Oct 17 2018 18: +0,0.377,2
Oct 17 2018 19: +0,0.386,6
Oct 17 2018 20: +0,0.386,1
Oct 17 2018 21: +0,0.355,3
Oct 17 2018 22: +0,0.384,3
Oct 18 2018 00: +0,0.385,5
Oct 18 2018 02: +0,0.383,1
Oct 18 2018 03: +0,0.384,2
Oct 18 2018 05: +0,0.383,1
Oct 18 2018 08: +0,0.384,1
Oct 18 2018 09: +0,0.369,1
Oct 18 2018 15: +0,0.384,2
Oct 18 2018 16: +0,0.369,1
Oct 18 2018 18: +0,0.384,8
Oct 18 2018 20: +0,0.385,1
Oct 18 2018 21: +0,0.384,5
Oct 18 2018 22: +0,0.387,5
Oct 18 2018 23: +0,0.377,2
Oct 19 2018 00: +0,0.38,3
Oct 19 2018 03: +0,0.38,1
Oct 19 2018 09: +0,0.354,3
Oct 19 2018 12: +0,0.333,3
Oct 19 2018 14: +0,0.391,3
Oct 19 2018 15: +0,0.381,2
Oct 19 2018 16: +0,0.382,1
Oct 19 2018 17: +0,0.334,1
Oct 19 2018 18: +0,0.369,1
Oct 19 2018 19: +0,0.38,1
Oct 19 2018 21: +0,0.377,1
Oct 19 2018 22: +0,0.367,1
Oct 19 2018 23: +0,0.389,1
Oct 20 2018 00: +0,0.356,1
Oct 20 2018 01: +0,0.381,1
Oct 20 2018 04: +0,0.385,9
Oct 20 2018 05: +0,0.386,1
Oct 20 2018 07: +0,0.383,1
Oct 20 2018 09: +0,0.384,1
Oct 20 2018 12: +0,0.385,3
Oct 20 2018 13: +0,0.383,1
Oct 20 2018 14: +0,0.386,4
Oct 20 2018 18: +0,0.389,10
Oct 20 2018 20: +0,0.383,2
Oct 20 2018 22: +0,0.383,1
Oct 20 2018 23: +0,0.383,3
Oct 21 2018 03: +0,0.38,1
Oct 21 2018 07: +0,0.385,1
Oct 21 2018 08: +0,0.387,1
Oct 21 2018 10: +0,0.383,5
Oct 21 2018 11: +0,0.389,1
Oct 21 2018 12: +0,0.385,2
Oct 21 2018 13: +0,0.37,7
Oct 21 2018 14: +0,0.386,2
Oct 21 2018 15: +0,0.383,1
Oct 21 2018 16: +0,0.263,1
Oct 21 2018 17: +0,0.383,3
Oct 21 2018 19: +0,0.384,1
Oct 21 2018 21: +0,0.383,1
Oct 21 2018 22: +0,0.389,1
Oct 22 2018 04: +0,0.35,2
Oct 22 2018 06: +0,0.376,5
Oct 22 2018 08: +0,0.382,2
Oct 22 2018 12: +0,0.373,1
Oct 22 2018 14: +0,0.378,1
Oct 22 2018 15: +0,0.384,2
Oct 22 2018 18: +0,0.383,1
Oct 22 2018 21: +0,0.348,6
Oct 22 2018 22: +0,0.356,5
Oct 22 2018 23: +0,0.354,2
Oct 23 2018 02: +0,0.354,1
Oct 23 2018 04: +0,0.355,1
Oct 23 2018 06: +0,0.35,6
Oct 23 2018 07: +0,0.354,1
Oct 23 2018 08: +0,0.354,2
Oct 23 2018 09: +0,0.35,1
Oct 23 2018 12: +0,0.355,3
Oct 23 2018 13: +0,0.32,5
Oct 23 2018 18: +0,0.346,1
Oct 23 2018 19: +0,0.355,2
Oct 24 2018 00: +0,0.317,1
Oct 24 2018 07: +0,0.356,1
Oct 24 2018 09: +0,0.353,4
Oct 24 2018 10: +0,0.354,3
Oct 24 2018 13: +0,0.355,4
Oct 24 2018 17: +0,0.352,1
Oct 24 2018 18: +0,0.352,2
Oct 24 2018 19: +0,0.353,1
Oct 24 2018 20: +0,0.334,1
Oct 24 2018 21: +0,0.342,1
Oct 24 2018 22: +0,0.325,1
Oct 25 2018 00: +0,0.33,1
Oct 25 2018 03: +0,0.314,1
Oct 25 2018 04: +0,0.339,3
Oct 25 2018 10: +0,0.341,3
Oct 25 2018 11: +0,0.331,2
Oct 25 2018 15: +0,0.335,1
Oct 25 2018 16: +0,0.34,2
Oct 25 2018 17: +0,0.341,5
Oct 25 2018 18: +0,0.341,2
Oct 25 2018 20: +0,0.34,1
Oct 25 2018 23: +0,0.33,1
Oct 26 2018 00: +0,0.34,1
Oct 26 2018 02: +0,0.341,1
Oct 26 2018 07: +0,0.341,1
Oct 26 2018 08: +0,0.341,1
Oct 26 2018 10: +0,0.34,1
Oct 26 2018 12: +0,0.341,3
Oct 26 2018 13: +0,0.339,1
Oct 26 2018 14: +0,0.34,7
Oct 26 2018 15: +0,0.29,3
Oct 26 2018 16: +0,0.333,2
Oct 26 2018 17: +0,0.34,6
Oct 26 2018 18: +0,0.334,3
Oct 26 2018 19: +0,0.341,5
Oct 26 2018 21: +0,0.34,2
Oct 26 2018 22: +0,0.345,4
Oct 27 2018 04: +0,0.333,2
Oct 27 2018 06: +0,0.34,1
Oct 27 2018 08: +0,0.345,1
Oct 27 2018 10: +0,0.345,1
Oct 27 2018 14: +0,0.334,2
Oct 27 2018 15: +0,0.343,2
Oct 27 2018 16: +0,0.35,1
Oct 27 2018 17: +0,0.345,5
Oct 27 2018 19: +0,0.35,2
Oct 27 2018 20: +0,0.28,1
Oct 27 2018 21: +0,0.345,1
Oct 27 2018 22: +0,0.334,2
Oct 27 2018 23: +0,0.334,1
Oct 28 2018 04: +0,0.35,1
Oct 28 2018 08: +0,0.352,1
Oct 28 2018 13: +0,0.329,2
Oct 28 2018 14: +0,0.352,4
Oct 28 2018 16: +0,0.35,4
Oct 28 2018 17: +0,0.35,1
Oct 28 2018 18: +0,0.35,4
Oct 28 2018 20: +0,0.35,1
Oct 28 2018 21: +0,0.35,4
Oct 28 2018 22: +0,0.35,4
Oct 29 2018 01: +0,0.334,1
Oct 29 2018 03: +0,0.35,1
Oct 29 2018 05: +0,0.344,1
Oct 29 2018 07: +0,0.352,4
Oct 29 2018 08: +0,0.353,2
Oct 29 2018 11: +0,0.353,1
Oct 29 2018 13: +0,0.328,2
Oct 29 2018 14: +0,0.344,6
Oct 29 2018 15: +0,0.354,2
Oct 29 2018 16: +0,0.365,3
Oct 29 2018 17: +0,0.352,2
Oct 29 2018 18: +0,0.363,2
Oct 29 2018 19: +0,0.376,1
Oct 29 2018 20: +0,0.379,3
Oct 29 2018 23: +0,0.376,1
Oct 30 2018 03: +0,0.337,2
Oct 30 2018 05: +0,0.17,1
Oct 30 2018 11: +0,0.342,2
Oct 30 2018 13: +0,0.378,1
Oct 30 2018 14: +0,0.379,1
Oct 30 2018 17: +0,0.344,1
Oct 30 2018 18: +0,0.37,3
Oct 30 2018 20: +0,0.382,1
Oct 30 2018 21: +0,0.378,1
Oct 31 2018 00: +0,0.37,1
Oct 31 2018 03: +0,0.37,2
Oct 31 2018 06: +0,0.379,1
Oct 31 2018 10: +0,0.371,2
Oct 31 2018 13: +0,0.341,1
Oct 31 2018 15: +0,0.376,1
Oct 31 2018 16: +0,0.369,2
Oct 31 2018 17: +0,0.341,1
Oct 31 2018 18: +0,0.351,4
Oct 31 2018 20: +0,0.35,4
Oct 31 2018 21: +0,0.349,4
Nov 01 2018 01: +0,0.377,1
Nov 01 2018 06: +0,0.375,1
Nov 01 2018 07: +0,0.376,1
Nov 01 2018 13: +0,0.377,1
Nov 01 2018 15: +0,0.375,4
Nov 01 2018 16: +0,0.376,2
Nov 01 2018 17: +0,0.375,3
Nov 01 2018 18: +0,0.373,2
Nov 01 2018 19: +0,0.362,6
Nov 01 2018 21: +0,0.378,4
Nov 01 2018 22: +0,0.379,1
Nov 01 2018 23: +0,0.346,2
Nov 02 2018 02: +0,0.353,2
Nov 02 2018 04: +0,0.348,3
Nov 02 2018 05: +0,0.348,1
Nov 02 2018 06: +0,0.353,4
Nov 02 2018 09: +0,0.353,1
Nov 02 2018 11: +0,0.379,21
Nov 02 2018 12: +0,0.379,4
Nov 02 2018 13: +0,0.379,2
Nov 02 2018 16: +0,0.357,2
Nov 02 2018 18: +0,0.35,1
Nov 02 2018 20: +0,0.346,2
Nov 02 2018 22: +0,0.348,1
Nov 03 2018 01: +0,0.351,1
