Feb 27 2015 01: +0,1.128,1056
Feb 28 2015 01: +0,1.107,519
Mar 01 2015 01: +0,1.1,386
Mar 02 2015 01: +0,1.097,231
Mar 03 2015 01: +0,1.076,202
Mar 04 2015 01: +0,1.082,227
Mar 05 2015 01: +0,1.08,210
Mar 06 2015 01: +0,1.078,274
Mar 07 2015 01: +0,1.064,302
Mar 08 2015 01: +0,1.059,234
Mar 09 2015 01: +0,1.062,232
Mar 10 2015 01: +0,1.037,168
Mar 11 2015 01: +0,1.101,170
Mar 12 2015 01: +0,1.117,282
Mar 13 2015 01: +0,1.048,503
Mar 14 2015 01: +0,0.95,603
Mar 15 2015 01: +0,0.601,37764
Mar 16 2015 01: +0,0.449,16825
Mar 17 2015 01: +0,0.725,2750
Mar 18 2015 01: +0,0.634,2471
Mar 19 2015 01: +0,0.612,1843
Mar 20 2015 01: +0,0.627,1612
Mar 21 2015 01: +0,0.577,1962
Mar 22 2015 01: +0,0.622,1504
Mar 23 2015 01: +0,0.608,1417
Mar 24 2015 01: +0,0.593,2449
Mar 25 2015 01: +0,0.611,1277
Mar 26 2015 01: +0,0.6,1233
Mar 27 2015 01: +0,0.576,1566
Mar 28 2015 01: +0,0.579,1469
Mar 29 2015 01: +0,0.583,1404
Mar 30 2015 01: +0,0.578,1499
Mar 31 2015 01: +0,0.582,1450
Apr 01 2015 01: +0,0.602,1652
Apr 02 2015 01: +0,0.674,1309
Apr 03 2015 01: +0,0.702,1280
Apr 04 2015 01: +0,0.793,1499
Apr 05 2015 01: +0,0.88,1640
Apr 06 2015 01: +0,1.056,2409
Apr 07 2015 01: +0,1.162,1672
Apr 08 2015 01: +0,1.136,992
Apr 09 2015 01: +0,1.025,1223
Apr 10 2015 01: +0,0.929,1087
Apr 11 2015 01: +0,0.874,1120
Apr 12 2015 01: +0,0.904,914
Apr 13 2015 01: +0,0.815,919
Apr 14 2015 01: +0,0.788,906
Apr 15 2015 01: +0,0.765,883
Apr 16 2015 01: +0,0.752,1155
Apr 17 2015 01: +0,0.763,987
Apr 18 2015 01: +0,0.737,1246
Apr 19 2015 01: +0,0.751,846
Apr 20 2015 01: +0,0.745,896
Apr 21 2015 01: +0,0.723,813
Apr 22 2015 01: +0,0.709,755
Apr 23 2015 01: +0,0.705,819
Apr 24 2015 01: +0,0.73,914
Apr 25 2015 01: +0,0.737,994
Apr 26 2015 01: +0,0.751,948
Apr 27 2015 01: +0,0.759,729
Apr 28 2015 01: +0,0.751,731
Apr 29 2015 01: +0,0.756,780
Apr 30 2015 01: +0,0.76,965
May 01 2015 01: +0,0.788,1026
May 02 2015 01: +0,0.865,1037
May 03 2015 01: +0,0.862,818
May 04 2015 01: +0,0.832,750
May 05 2015 01: +0,0.842,755
May 06 2015 01: +0,0.871,771
May 07 2015 01: +0,0.852,826
May 08 2015 01: +0,0.848,842
May 09 2015 01: +0,0.864,992
May 10 2015 01: +0,0.901,775
May 11 2015 01: +0,0.911,716
May 12 2015 01: +0,0.93,644
May 13 2015 01: +0,0.919,735
May 14 2015 01: +0,0.921,740
May 15 2015 01: +0,0.929,714
May 16 2015 01: +0,1.013,897
May 17 2015 01: +0,1.052,689
May 18 2015 01: +0,1.037,615
May 19 2015 01: +0,1.03,608
May 20 2015 01: +0,1.022,635
May 21 2015 01: +0,1.023,587
May 22 2015 01: +0,1.016,640
May 23 2015 01: +0,1.021,810
May 24 2015 01: +0,1.022,790
May 25 2015 01: +0,1.042,697
May 26 2015 01: +0,1.077,639
May 27 2015 01: +0,0.841,1316
May 28 2015 01: +0,1.038,655
May 29 2015 01: +0,1.067,703
May 30 2015 01: +0,1.081,679
May 31 2015 01: +0,1.097,664
Jun 01 2015 01: +0,1.126,571
Jun 02 2015 01: +0,1.102,588
Jun 03 2015 01: +0,1.096,617
Jun 04 2015 01: +0,1.073,595
Jun 05 2015 01: +0,0.98,709
Jun 06 2015 01: +0,1.05,619
Jun 07 2015 01: +0,1.079,609
Jun 08 2015 01: +0,1.06,586
Jun 09 2015 01: +0,1.062,555
Jun 10 2015 01: +0,0.956,805
Jun 11 2015 01: +0,0.951,636
Jun 12 2015 01: +0,0.992,684
Jun 13 2015 01: +0,1.035,724
Jun 14 2015 01: +0,1.02,719
Jun 15 2015 01: +0,1.032,603
Jun 16 2015 01: +0,1.076,557
Jun 17 2015 01: +0,1.085,493
Jun 18 2015 01: +0,1.106,503
Jun 19 2015 01: +0,1.094,571
Jun 20 2015 01: +0,1.095,624
Jun 21 2015 01: +0,1.1,524
Jun 22 2015 01: +0,1.097,515
Jun 23 2015 01: +0,1.102,502
Jun 24 2015 01: +0,1.106,503
Jun 25 2015 01: +0,1.107,567
Jun 26 2015 01: +0,1.114,602
Jun 27 2015 01: +0,1.156,585
Jun 28 2015 01: +0,1.17,506
Jun 29 2015 01: +0,1.228,558
Jun 30 2015 01: +0,1.281,459
Jul 01 2015 01: +0,1.359,495
Jul 02 2015 01: +0,1.554,447
Jul 03 2015 01: +0,1.6,346
Jul 04 2015 01: +0,1.624,390
Jul 05 2015 01: +0,1.566,373
Jul 06 2015 01: +0,1.557,351
Jul 07 2015 01: +0,1.582,354
Jul 08 2015 01: +0,1.617,359
Jul 09 2015 01: +0,1.779,348
Jul 10 2015 01: +0,1.835,303
Jul 11 2015 01: +0,1.898,341
Jul 12 2015 01: +0,1.917,358
Jul 13 2015 01: +0,2.034,301
Jul 14 2015 01: +0,2.087,272
Jul 15 2015 01: +0,2.037,240
Jul 16 2015 01: +0,2.083,308
Jul 17 2015 01: +0,2.052,264
Jul 18 2015 01: +0,2.006,259
Jul 19 2015 01: +0,1.977,291
Jul 20 2015 01: +0,1.932,305
Jul 21 2015 01: +0,1.905,295
Jul 22 2015 01: +0,1.934,307
Jul 23 2015 01: +0,1.927,274
Jul 24 2015 01: +0,1.939,256
Jul 25 2015 01: +0,1.988,247
Jul 26 2015 01: +0,2.005,428
Jul 27 2015 01: +0,2.04,270
Jul 28 2015 01: +0,2.019,242
Jul 29 2015 01: +0,2.013,313
Jul 30 2015 01: +0,2.04,297
Jul 31 2015 01: +0,2.025,305
Aug 01 2015 01: +0,2.015,301
Aug 02 2015 01: +0,2.032,288
Aug 03 2015 01: +0,1.973,256
Aug 04 2015 01: +0,1.932,292
Aug 05 2015 01: +0,1.94,311
Aug 06 2015 01: +0,1.993,282
Aug 07 2015 01: +0,1.994,263
Aug 08 2015 01: +0,1.951,265
Aug 09 2015 01: +0,1.94,260
Aug 10 2015 01: +0,1.978,257
Aug 11 2015 01: +0,2.053,249
Aug 12 2015 01: +0,2.002,202
Aug 13 2015 01: +0,1.938,258
Aug 14 2015 01: +0,1.976,280
Aug 15 2015 01: +0,1.759,377
Aug 16 2015 01: +0,1.75,187
Aug 17 2015 01: +0,1.727,311
Aug 18 2015 01: +0,1.684,210
Aug 19 2015 01: +0,1.655,321
Aug 20 2015 01: +0,1.572,286
Aug 21 2015 01: +0,1.579,305
Aug 22 2015 01: +0,1.733,255
Aug 23 2015 01: +0,1.611,647
Aug 24 2015 01: +0,1.737,289
Aug 25 2015 01: +0,1.997,133
Aug 26 2015 01: +0,1.884,135
Aug 27 2015 01: +0,1.947,184
Aug 28 2015 01: +0,1.905,190
Aug 29 2015 01: +0,2.026,214
Aug 30 2015 01: +0,2.075,149
Aug 31 2015 01: +0,2.119,202
Sep 01 2015 01: +0,2.257,138
Sep 02 2015 01: +0,2.136,168
Sep 03 2015 01: +0,2.217,138
Sep 04 2015 01: +0,2.323,156
Sep 05 2015 01: +0,2.264,170
Sep 06 2015 01: +0,2.158,146
Sep 07 2015 01: +0,2.235,153
Sep 08 2015 01: +0,2.221,133
Sep 09 2015 01: +0,2.263,123
Sep 10 2015 01: +0,2.288,149
Sep 11 2015 01: +0,2.329,143
Sep 12 2015 01: +0,2.463,158
Sep 13 2015 01: +0,2.385,145
Sep 14 2015 01: +0,2.366,154
Sep 15 2015 01: +0,2.468,162
Sep 16 2015 01: +0,2.356,164
Sep 17 2015 01: +0,2.422,124
Sep 18 2015 01: +0,2.639,175
Sep 19 2015 01: +0,2.849,137
Sep 20 2015 01: +0,2.769,97
Sep 21 2015 01: +0,2.593,123
Sep 22 2015 01: +0,2.518,112
Sep 23 2015 01: +0,2.511,117
Sep 24 2015 01: +0,2.569,109
Sep 25 2015 01: +0,2.849,129
Sep 26 2015 01: +0,2.833,116
Sep 27 2015 01: +0,2.603,94
Sep 28 2015 01: +0,2.834,89
Sep 29 2015 01: +0,2.894,104
Sep 30 2015 01: +0,2.787,105
Oct 01 2015 01: +0,2.937,128
Oct 02 2015 01: +0,2.91,113
Oct 03 2015 01: +0,2.801,115
Oct 04 2015 01: +0,2.904,129
Oct 05 2015 01: +0,2.858,104
Oct 06 2015 01: +0,2.904,88
Oct 07 2015 01: +0,2.869,86
Oct 08 2015 01: +0,2.931,90
Oct 09 2015 01: +0,2.914,103
Oct 10 2015 01: +0,2.916,113
Oct 11 2015 01: +0,2.862,133
Oct 12 2015 01: +0,2.84,78
Oct 13 2015 01: +0,2.837,97
Oct 14 2015 01: +0,2.794,61
Oct 15 2015 01: +0,2.656,106
Oct 16 2015 01: +0,2.622,102
Oct 17 2015 01: +0,2.652,151
Oct 18 2015 01: +0,2.748,105
Oct 19 2015 01: +0,2.748,98
Oct 20 2015 01: +0,2.727,135
Oct 21 2015 01: +0,2.635,96
Oct 22 2015 01: +0,2.507,90
Oct 23 2015 01: +0,2.707,141
Oct 24 2015 01: +0,2.781,104
Oct 25 2015 01: +0,2.686,106
Oct 26 2015 01: +0,2.76,99
Oct 27 2015 01: +0,2.738,89
Oct 28 2015 01: +0,2.557,114
Oct 29 2015 01: +0,2.635,103
Oct 30 2015 01: +0,2.655,101
Oct 31 2015 01: +0,2.633,131
Nov 01 2015 01: +0,2.518,166
Nov 02 2015 01: +0,2.691,125
Nov 03 2015 01: +0,2.831,85
Nov 04 2015 01: +0,3.032,88
Nov 05 2015 01: +0,3.196,78
Nov 06 2015 01: +0,3.32,94
Nov 07 2015 01: +0,4.27,95
Nov 08 2015 01: +0,5.024,43
Nov 09 2015 01: +0,4.725,39
Nov 10 2015 01: +0,4.256,40
Nov 11 2015 01: +0,4.369,38
Nov 12 2015 01: +0,4.311,42
Nov 13 2015 01: +0,4.628,45
Nov 14 2015 01: +0,4.485,27
Nov 15 2015 01: +0,4.639,69
Nov 16 2015 01: +0,4.545,34
Nov 17 2015 01: +0,4.408,53
Nov 18 2015 01: +0,4.861,66
Nov 19 2015 01: +0,5.23,50
Nov 20 2015 01: +0,5.132,43
Nov 21 2015 01: +0,4.95,59
Nov 22 2015 01: +0,4.571,33
Nov 23 2015 01: +0,4.573,47
Nov 24 2015 01: +0,4.715,58
Nov 25 2015 01: +0,4.998,60
Nov 26 2015 01: +0,4.393,55
Nov 27 2015 01: +0,4.435,87
Nov 28 2015 01: +0,4.381,78
Nov 29 2015 01: +0,4.564,55
Nov 30 2015 01: +0,4.162,50
Dec 01 2015 01: +0,4.317,68
Dec 02 2015 01: +0,4.798,77
Dec 03 2015 01: +0,4.835,55
Dec 04 2015 01: +0,4.835,74
Dec 05 2015 01: +0,4.735,57
Dec 06 2015 01: +0,4.764,49
Dec 07 2015 01: +0,4.569,59
Dec 08 2015 01: +0,4.783,64
Dec 09 2015 01: +0,4.757,53
Dec 10 2015 01: +0,4.624,41
Dec 11 2015 01: +0,4.549,40
Dec 12 2015 01: +0,4.607,53
Dec 13 2015 01: +0,4.748,60
Dec 14 2015 01: +0,4.844,76
Dec 15 2015 01: +0,4.863,110
Dec 16 2015 01: +0,4.75,37
Dec 17 2015 01: +0,4.896,88
Dec 18 2015 01: +0,5.029,53
Dec 19 2015 01: +0,5.025,81
Dec 20 2015 01: +0,4.981,64
Dec 21 2015 01: +0,5.032,75
Dec 22 2015 01: +0,4.871,55
Dec 23 2015 01: +0,4.611,67
Dec 24 2015 01: +0,4.56,70
Dec 25 2015 01: +0,4.954,181
Dec 26 2015 01: +0,4.983,132
Dec 27 2015 01: +0,5.096,84
Dec 28 2015 01: +0,5.399,135
Dec 29 2015 01: +0,5.651,94
Dec 30 2015 01: +0,8.184,106
Dec 31 2015 01: +0,7.556,39
Jan 01 2016 01: +0,7.816,83
Jan 02 2016 01: +0,9.297,101
Jan 03 2016 01: +0,10.222,103
Jan 04 2016 01: +0,12.885,53
Jan 05 2016 01: +0,14.874,58
Jan 06 2016 01: +0,13.245,83
Jan 07 2016 01: +0,14.609,88
Jan 08 2016 01: +0,14.214,43
Jan 09 2016 01: +0,12.106,68
Jan 10 2016 01: +0,10.985,91
Jan 11 2016 01: +0,9.313,99
Jan 12 2016 01: +0,11.702,93
Jan 13 2016 01: +0,11.999,26
Jan 14 2016 01: +0,10.893,94
Jan 15 2016 01: +0,12.865,123
Jan 16 2016 01: +0,12.576,41
Jan 17 2016 01: +0,11.933,23
Jan 18 2016 01: +0,11.72,30
Jan 19 2016 01: +0,11.592,41
Jan 20 2016 01: +0,11.451,24
Jan 21 2016 01: +0,11.438,30
Jan 22 2016 01: +0,10.636,25
Jan 23 2016 01: +0,10.938,22
Jan 24 2016 01: +0,10.451,29
Jan 25 2016 01: +0,10.326,16
Jan 26 2016 01: +0,10.253,29
Jan 27 2016 01: +0,10.248,35
Jan 28 2016 01: +0,9.969,29
Jan 29 2016 01: +0,8.856,37
Jan 30 2016 01: +0,8.814,42
Jan 31 2016 01: +0,9.145,45
Feb 01 2016 01: +0,8.692,26
Feb 02 2016 01: +0,8.346,24
Feb 03 2016 01: +0,9.085,24
Feb 04 2016 01: +0,8.802,26
Feb 05 2016 01: +0,8.459,24
Feb 06 2016 01: +0,8.337,41
Feb 07 2016 01: +0,7.968,30
Feb 08 2016 01: +0,7.676,36
Feb 09 2016 01: +0,7.557,40
Feb 10 2016 01: +0,7.969,33
Feb 11 2016 01: +0,7.715,42
Feb 12 2016 01: +0,8.023,31
Feb 13 2016 01: +0,8.286,39
Feb 14 2016 01: +0,8.894,29
Feb 15 2016 01: +0,9.17,21
Feb 16 2016 01: +0,9.173,27
Feb 17 2016 01: +0,9.027,34
Feb 18 2016 01: +0,7.476,138
Feb 19 2016 01: +0,7.583,80
Feb 20 2016 01: +0,8.256,31
Feb 21 2016 01: +0,7.717,48
Feb 22 2016 01: +0,6.934,67
Feb 23 2016 01: +0,7.423,33
Feb 24 2016 01: +0,7.76,36
Feb 25 2016 01: +0,7.71,48
Feb 26 2016 01: +0,7.495,45
Feb 27 2016 01: +0,7.375,73
Feb 28 2016 01: +0,7.366,47
Feb 29 2016 01: +0,7.211,67
Mar 01 2016 01: +0,7.502,60
Mar 02 2016 01: +0,7.556,51
Mar 03 2016 01: +0,7.774,49
Mar 04 2016 01: +0,7.593,37
Mar 05 2016 01: +0,7.484,30
Mar 06 2016 01: +0,7.471,56
Mar 07 2016 01: +0,8.349,64
Mar 08 2016 01: +0,7.517,69
Mar 09 2016 01: +0,8.455,45
Mar 10 2016 01: +0,7.825,43
Mar 11 2016 01: +0,7.859,40
Mar 12 2016 01: +0,8.087,35
Mar 13 2016 01: +0,8.078,21
Mar 14 2016 01: +0,7.878,26
Mar 15 2016 01: +0,7.776,16
Mar 16 2016 01: +0,7.816,15
Mar 17 2016 01: +0,7.607,48
Mar 18 2016 01: +0,7.542,29
Mar 19 2016 01: +0,7.437,28
Mar 20 2016 01: +0,7.131,40
Mar 21 2016 01: +0,6.95,23
Mar 22 2016 01: +0,7.077,30
Mar 23 2016 01: +0,7.248,19
Mar 24 2016 01: +0,6.811,32
Mar 25 2016 01: +0,6.87,41
Mar 26 2016 01: +0,6.679,26
Mar 27 2016 01: +0,6.439,37
Mar 28 2016 01: +0,6.103,28
Mar 29 2016 01: +0,6.039,26
Mar 30 2016 01: +0,6.158,52
Mar 31 2016 01: +0,7.443,49
Apr 01 2016 01: +0,7.478,32
Apr 02 2016 01: +0,7.027,28
Apr 03 2016 01: +0,6.168,106
Apr 04 2016 01: +0,6.455,64
Apr 05 2016 01: +0,6.821,46
Apr 06 2016 01: +0,6.445,58
Apr 07 2016 01: +0,6.438,25
Apr 08 2016 01: +0,6.439,32
Apr 09 2016 01: +0,6.578,29
Apr 10 2016 01: +0,6.572,32
Apr 11 2016 01: +0,6.6,30
Apr 12 2016 01: +0,6.435,28
Apr 13 2016 01: +0,5.963,17
Apr 14 2016 01: +0,5.696,47
Apr 15 2016 01: +0,6.685,22
Apr 16 2016 01: +0,6.512,28
Apr 17 2016 01: +0,6.077,33
Apr 18 2016 01: +0,6.33,33
Apr 19 2016 01: +0,6.691,19
Apr 20 2016 01: +0,6.629,26
Apr 21 2016 01: +0,6.804,38
Apr 22 2016 01: +0,6.632,17
Apr 23 2016 01: +0,6.726,28
Apr 24 2016 01: +0,6.813,29
Apr 25 2016 01: +0,6.842,20
Apr 26 2016 01: +0,6.886,23
Apr 27 2016 01: +0,6.664,19
Apr 28 2016 01: +0,6.536,17
Apr 29 2016 01: +0,6.249,21
Apr 30 2016 01: +0,6.613,47
May 01 2016 01: +0,6.858,34
May 02 2016 01: +0,7.135,27
May 03 2016 01: +0,6.814,15
May 04 2016 01: +0,6.657,22
May 05 2016 01: +0,6.505,19
May 06 2016 01: +0,6.484,34
May 07 2016 01: +0,6.572,27
May 08 2016 01: +0,6.513,38
May 09 2016 01: +0,6.495,13
May 10 2016 01: +0,6.405,27
May 11 2016 01: +0,6.296,25
May 12 2016 01: +0,6.263,26
May 13 2016 01: +0,6.325,35
May 14 2016 01: +0,6.397,42
May 15 2016 01: +0,6.96,35
May 16 2016 01: +0,6.716,17
May 17 2016 01: +0,6.853,43
May 18 2016 01: +0,6.885,44
May 19 2016 01: +0,7.621,40
May 20 2016 01: +0,7.481,44
May 21 2016 01: +0,7.721,54
May 22 2016 01: +0,7.715,37
May 23 2016 01: +0,7.835,42
May 24 2016 01: +0,9.466,39
May 25 2016 01: +0,9.964,37
May 26 2016 01: +0,11.031,73
May 27 2016 01: +0,10.307,38
May 28 2016 01: +0,10.075,17
May 29 2016 01: +0,9.232,22
May 30 2016 01: +0,9.968,22
May 31 2016 01: +0,9.28,20
Jun 01 2016 01: +0,7.937,29
Jun 02 2016 01: +0,8.888,29
Jun 03 2016 01: +0,9.29,32
Jun 04 2016 01: +0,9.531,36
Jun 05 2016 01: +0,9.397,15
Jun 06 2016 01: +0,9.352,21
Jun 07 2016 01: +0,9.303,12
Jun 08 2016 01: +0,9.182,19
Jun 09 2016 01: +0,9.619,20
Jun 10 2016 01: +0,9.415,17
Jun 11 2016 01: +0,9.132,17
Jun 12 2016 01: +0,8.425,19
Jun 13 2016 01: +0,8.071,16
Jun 14 2016 01: +0,7.823,15
Jun 15 2016 01: +0,7.975,19
Jun 16 2016 01: +0,8.006,22
Jun 17 2016 01: +0,7.885,20
Jun 18 2016 01: +0,7.7,28
Jun 19 2016 01: +0,7.746,28
Jun 20 2016 01: +0,7.761,23
Jun 21 2016 01: +0,7.438,14
Jun 22 2016 01: +0,7.147,17
Jun 23 2016 01: +0,7.144,23
Jun 24 2016 01: +0,6.696,36
Jun 25 2016 01: +0,6.524,51
Jun 26 2016 01: +0,6.339,27
Jun 27 2016 01: +0,6.259,39
Jun 28 2016 01: +0,6.215,20
Jun 29 2016 01: +0,6.223,34
Jun 30 2016 01: +0,6.547,41
Jul 01 2016 01: +0,6.584,29
Jul 02 2016 01: +0,6.373,15
Jul 03 2016 01: +0,6.378,24
Jul 04 2016 01: +0,6.16,40
Jul 05 2016 01: +0,6.519,22
Jul 06 2016 01: +0,7.008,23
Jul 07 2016 01: +0,7.154,34
Jul 08 2016 01: +0,6.678,20
Jul 09 2016 01: +0,6.244,16
Jul 10 2016 01: +0,6.02,81
Jul 11 2016 01: +0,6.401,41
Jul 12 2016 01: +0,6.111,32
Jul 13 2016 01: +0,6.225,19
Jul 14 2016 01: +0,5.931,38
Jul 15 2016 01: +0,6.006,21
Jul 16 2016 01: +0,6.04,15
Jul 17 2016 01: +0,6.12,57
Jul 18 2016 01: +0,6.424,27
Jul 19 2016 01: +0,6.494,26
Jul 20 2016 01: +0,5.919,25
Jul 21 2016 01: +0,6.188,23
Jul 22 2016 01: +0,6.478,11
Jul 23 2016 01: +0,6.283,11
Jul 24 2016 01: +0,5.857,25
Jul 25 2016 01: +0,5.741,32
Jul 26 2016 01: +0,5.852,23
Jul 27 2016 01: +0,6.194,29
Jul 28 2016 01: +0,5.958,15
Jul 29 2016 01: +0,5.812,8
Jul 30 2016 01: +0,5.732,20
Jul 31 2016 01: +0,5.785,18
Aug 01 2016 01: +0,5.923,19
Aug 02 2016 01: +0,6.233,13
Aug 03 2016 01: +0,5.551,36
Aug 04 2016 01: +0,5.404,30
Aug 05 2016 01: +0,5.467,47
Aug 06 2016 01: +0,5.222,27
Aug 07 2016 01: +0,4.954,20
Aug 08 2016 01: +0,5.076,22
Aug 09 2016 01: +0,5.216,21
Aug 10 2016 01: +0,5.095,20
Aug 11 2016 01: +0,5.12,26
Aug 12 2016 01: +0,5.187,25
Aug 13 2016 01: +0,4.894,24
Aug 14 2016 01: +0,4.634,21
Aug 15 2016 01: +0,4.613,34
Aug 16 2016 01: +0,4.641,37
Aug 17 2016 01: +0,4.828,25
Aug 18 2016 01: +0,4.746,29
Aug 19 2016 01: +0,4.729,47
Aug 20 2016 01: +0,4.678,47
Aug 21 2016 01: +0,4.292,27
Aug 22 2016 01: +0,4.328,36
Aug 23 2016 01: +0,4.517,19
Aug 24 2016 01: +0,4.616,17
Aug 25 2016 01: +0,4.583,28
Aug 26 2016 01: +0,4.618,24
Aug 27 2016 01: +0,4.561,13
Aug 28 2016 01: +0,4.596,21
Aug 29 2016 01: +0,4.548,14
Aug 30 2016 01: +0,4.587,13
Aug 31 2016 01: +0,4.607,28
Sep 01 2016 01: +0,4.854,11
Sep 02 2016 01: +0,4.89,18
Sep 03 2016 01: +0,4.896,16
Sep 04 2016 01: +0,4.549,12
Sep 05 2016 01: +0,4.663,11
Sep 06 2016 01: +0,4.834,20
Sep 07 2016 01: +0,4.871,15
Sep 08 2016 01: +0,4.767,12
Sep 09 2016 01: +0,4.875,12
Sep 10 2016 01: +0,4.754,24
Sep 11 2016 01: +0,4.692,14
Sep 12 2016 01: +0,4.497,12
Sep 13 2016 01: +0,4.477,18
Sep 14 2016 01: +0,4.53,26
Sep 15 2016 01: +0,4.439,10
Sep 16 2016 01: +0,4.599,26
Sep 17 2016 01: +0,4.511,13
Sep 18 2016 01: +0,4.573,13
Sep 19 2016 01: +0,4.643,11
Sep 20 2016 01: +0,4.306,18
Sep 21 2016 01: +0,4.471,19
Sep 22 2016 01: +0,4.622,20
Sep 23 2016 01: +0,4.643,33
Sep 24 2016 01: +0,4.674,22
Sep 25 2016 01: +0,4.462,42
Sep 26 2016 01: +0,4.078,8
Sep 27 2016 01: +0,4.288,18
Sep 28 2016 01: +0,4.193,18
Sep 29 2016 01: +0,4.126,10
Sep 30 2016 01: +0,4.417,28
Oct 01 2016 01: +0,4.356,39
Oct 02 2016 01: +0,4.405,27
Oct 03 2016 01: +0,4.328,13
Oct 04 2016 01: +0,4.468,18
Oct 05 2016 01: +0,4.332,11
Oct 06 2016 01: +0,4.072,17
Oct 07 2016 01: +0,4.191,22
Oct 08 2016 01: +0,4.436,30
Oct 09 2016 01: +0,4.129,13
Oct 10 2016 01: +0,4.206,23
Oct 11 2016 01: +0,4.365,13
Oct 12 2016 01: +0,4.287,20
Oct 13 2016 01: +0,3.705,16
Oct 14 2016 01: +0,3.863,26
Oct 15 2016 01: +0,3.719,21
Oct 16 2016 01: +0,3.759,18
Oct 17 2016 01: +0,3.703,29
Oct 18 2016 01: +0,3.633,44
Oct 19 2016 01: +0,3.809,33
Oct 20 2016 01: +0,3.762,16
Oct 21 2016 01: +0,4.096,21
Oct 22 2016 01: +0,4.175,18
Oct 23 2016 01: +0,3.982,36
Oct 24 2016 01: +0,4.245,17
Oct 25 2016 01: +0,4.212,14
Oct 26 2016 01: +0,3.792,10
Oct 27 2016 01: +0,3.702,16
Oct 28 2016 01: +0,3.793,27
Oct 29 2016 01: +0,3.819,30
Oct 30 2016 01: +0,3.747,15
Oct 31 2016 01: +0,3.671,20
Nov 01 2016 01: +0,3.497,32
Nov 02 2016 01: +0,3.547,23
Nov 03 2016 01: +0,3.527,21
Nov 04 2016 01: +0,3.576,14
Nov 05 2016 01: +0,3.627,48
Nov 06 2016 01: +0,3.811,37
Nov 07 2016 01: +0,3.832,15
Nov 08 2016 01: +0,3.887,15
Nov 09 2016 01: +0,3.912,25
Nov 10 2016 01: +0,3.955,25
Nov 11 2016 01: +0,3.823,13
Nov 12 2016 01: +0,3.778,21
Nov 13 2016 01: +0,3.889,27
Nov 14 2016 01: +0,3.924,18
Nov 15 2016 01: +0,3.936,31
Nov 16 2016 01: +0,3.902,14
Nov 17 2016 01: +0,3.742,16
Nov 18 2016 01: +0,3.91,25
Nov 19 2016 01: +0,3.841,12
Nov 20 2016 01: +0,3.693,19
Nov 21 2016 01: +0,3.756,22
Nov 22 2016 01: +0,3.782,41
Nov 23 2016 01: +0,3.731,25
Nov 24 2016 01: +0,3.725,27
Nov 25 2016 01: +0,3.687,22
Nov 26 2016 01: +0,3.792,25
Nov 27 2016 01: +0,3.741,17
Nov 28 2016 01: +0,3.532,18
Nov 29 2016 01: +0,3.24,20
Nov 30 2016 01: +0,3.349,12
Dec 01 2016 01: +0,3.452,34
Dec 02 2016 01: +0,3.639,13
Dec 03 2016 01: +0,3.7,25
Dec 04 2016 01: +0,3.69,36
Dec 05 2016 01: +0,3.763,19
Dec 06 2016 01: +0,3.916,16
Dec 07 2016 01: +0,4.002,24
Dec 08 2016 01: +0,4.06,19
Dec 09 2016 01: +0,4.066,7
Dec 10 2016 01: +0,4.28,30
Dec 11 2016 01: +0,4.281,15
Dec 12 2016 01: +0,4.094,15
Dec 13 2016 01: +0,3.998,19
Dec 14 2016 01: +0,3.974,19
Dec 15 2016 01: +0,3.798,16
Dec 16 2016 01: +0,3.899,29
Dec 17 2016 01: +0,3.923,13
Dec 18 2016 01: +0,3.911,23
Dec 19 2016 01: +0,3.82,20
Dec 20 2016 01: +0,4.103,8
Dec 21 2016 01: +0,4.078,19
Dec 22 2016 01: +0,4.077,27
Dec 23 2016 01: +0,4.082,19
Dec 24 2016 01: +0,3.974,22
Dec 25 2016 01: +0,4.18,28
Dec 26 2016 01: +0,3.997,36
Dec 27 2016 01: +0,3.951,16
Dec 28 2016 01: +0,3.818,22
Dec 29 2016 01: +0,3.861,39
Dec 30 2016 01: +0,3.88,37
Dec 31 2016 01: +0,4.15,24
Jan 01 2017 01: +0,4.06,26
Jan 02 2017 01: +0,4.108,27
Jan 03 2017 01: +0,4.15,33
Jan 04 2017 01: +0,4.152,19
Jan 05 2017 01: +0,4.107,12
Jan 06 2017 01: +0,4.083,9
Jan 07 2017 01: +0,4.078,31
Jan 08 2017 01: +0,3.997,14
Jan 09 2017 01: +0,3.852,24
Jan 10 2017 01: +0,3.79,33
Jan 11 2017 01: +0,3.815,12
Jan 12 2017 01: +0,3.782,51
Jan 13 2017 01: +0,3.886,25
Jan 14 2017 01: +0,3.816,32
Jan 15 2017 01: +0,3.789,28
Jan 16 2017 01: +0,3.775,18
Jan 17 2017 01: +0,3.899,20
Jan 18 2017 01: +0,4,16
Jan 19 2017 01: +0,3.998,11
Jan 20 2017 01: +0,3.81,12
Jan 21 2017 01: +0,3.937,23
Jan 22 2017 01: +0,3.922,18
Jan 23 2017 01: +0,3.854,13
Jan 24 2017 01: +0,3.758,16
Jan 25 2017 01: +0,3.791,24
Jan 26 2017 01: +0,3.805,19
Jan 27 2017 01: +0,3.675,39
Jan 28 2017 01: +0,3.933,29
Jan 29 2017 01: +0,3.77,37
Jan 30 2017 01: +0,3.942,32
Jan 31 2017 01: +0,4.29,36
Feb 01 2017 01: +0,4.424,9
Feb 02 2017 01: +0,4.403,17
Feb 03 2017 01: +0,4.446,31
Feb 04 2017 01: +0,4.377,14
Feb 05 2017 01: +0,4.424,22
Feb 06 2017 01: +0,4.39,14
Feb 07 2017 01: +0,4.373,9
Feb 08 2017 01: +0,4.276,13
Feb 09 2017 01: +0,4.414,26
Feb 10 2017 01: +0,4.387,31
Feb 11 2017 01: +0,4.487,19
Feb 12 2017 01: +0,4.442,18
Feb 13 2017 01: +0,4.392,17
Feb 14 2017 01: +0,4.092,10
Feb 15 2017 01: +0,4.438,17
Feb 16 2017 01: +0,4.329,6
Feb 17 2017 01: +0,4.369,19
Feb 18 2017 01: +0,4.42,21
Feb 19 2017 01: +0,4.341,14
Feb 20 2017 01: +0,4.124,17
Feb 21 2017 01: +0,4.271,35
Feb 22 2017 01: +0,4.343,24
Feb 23 2017 01: +0,4.392,22
Feb 24 2017 01: +0,4.347,17
Feb 25 2017 01: +0,4.346,33
Feb 26 2017 01: +0,4.545,17
Feb 27 2017 01: +0,4.559,17
Feb 28 2017 01: +0,4.844,30
Mar 01 2017 01: +0,5.053,17
Mar 02 2017 01: +0,5.028,6
Mar 03 2017 01: +0,5.082,14
Mar 04 2017 01: +0,5.061,23
Mar 05 2017 01: +0,5.151,16
Mar 06 2017 01: +0,5.179,13
Mar 07 2017 01: +0,5.295,8
Mar 08 2017 01: +0,4.793,12
Mar 09 2017 01: +0,4.822,20
Mar 10 2017 01: +0,5.016,8
Mar 11 2017 01: +0,5.133,13
Mar 12 2017 01: +0,5.121,13
Mar 13 2017 01: +0,4.962,9
Mar 14 2017 01: +0,4.939,9
Mar 15 2017 01: +0,4.976,6
Mar 16 2017 01: +0,4.823,21
Mar 17 2017 01: +0,5.056,15
Mar 18 2017 01: +0,4.922,21
Mar 19 2017 01: +0,4.691,4
Mar 20 2017 01: +0,4.807,25
Mar 21 2017 01: +0,4.815,6
Mar 22 2017 01: +0,4.956,10
Mar 23 2017 01: +0,4.778,21
Mar 24 2017 01: +0,5.06,22
Mar 25 2017 01: +0,4.9,22
Mar 26 2017 01: +0,4.865,14
Mar 27 2017 01: +0,4.668,11
Mar 28 2017 01: +0,4.605,4
Mar 29 2017 01: +0,4.748,17
Mar 30 2017 01: +0,5.002,2
Mar 31 2017 01: +0,4.905,8
Apr 01 2017 01: +0,4.957,24
Apr 02 2017 01: +0,5.281,14
Apr 03 2017 01: +0,5.222,15
Apr 04 2017 01: +0,5.061,6
Apr 05 2017 01: +0,5.149,11
Apr 06 2017 01: +0,5.198,7
Apr 07 2017 01: +0,5.182,13
Apr 08 2017 01: +0,5.032,15
Apr 09 2017 01: +0,4.904,8
Apr 10 2017 01: +0,4.816,9
Apr 11 2017 01: +0,4.989,9
Apr 12 2017 01: +0,4.993,11
Apr 13 2017 01: +0,4.54,13
Apr 14 2017 01: +0,4.374,15
Apr 15 2017 01: +0,4.49,15
Apr 16 2017 01: +0,4.498,9
Apr 17 2017 01: +0,4.755,19
Apr 18 2017 01: +0,4.646,22
Apr 19 2017 01: +0,4.713,9
Apr 20 2017 01: +0,4.719,13
Apr 21 2017 01: +0,4.672,10
Apr 22 2017 01: +0,4.636,10
Apr 23 2017 01: +0,4.437,12
Apr 24 2017 01: +0,4.502,14
Apr 25 2017 01: +0,4.386,13
Apr 26 2017 01: +0,4.443,13
Apr 27 2017 01: +0,4.605,20
Apr 28 2017 01: +0,4.703,14
Apr 29 2017 01: +0,4.688,6
Apr 30 2017 01: +0,4.632,2
May 01 2017 01: +0,4.332,8
May 02 2017 01: +0,4.379,20
May 03 2017 01: +0,4.495,15
May 04 2017 01: +0,4.647,11
May 05 2017 01: +0,4.471,19
May 06 2017 01: +0,4.093,24
May 07 2017 01: +0,4.127,16
May 08 2017 01: +0,4.364,6
May 09 2017 01: +0,4.24,10
May 10 2017 01: +0,4.415,19
May 11 2017 01: +0,4.54,8
May 12 2017 01: +0,4.494,8
May 13 2017 01: +0,4.65,14
May 14 2017 01: +0,4.502,17
May 15 2017 01: +0,4.448,10
May 16 2017 01: +0,4.432,14
May 17 2017 01: +0,4.432,8
May 18 2017 01: +0,4.549,14
May 19 2017 01: +0,4.511,9
May 20 2017 01: +0,4.476,17
May 21 2017 01: +0,4.327,11
May 22 2017 01: +0,4.532,19
May 23 2017 01: +0,4.547,19
May 24 2017 01: +0,3.728,32
May 25 2017 01: +0,3.816,9
May 26 2017 01: +0,4.276,20
May 27 2017 01: +0,4.417,12
May 28 2017 01: +0,4.54,10
May 29 2017 01: +0,4.606,17
May 30 2017 01: +0,4.563,5
May 31 2017 01: +0,4.163,6
Jun 01 2017 01: +0,4.342,17
Jun 02 2017 01: +0,4.469,20
Jun 03 2017 01: +0,4.517,7
Jun 04 2017 01: +0,4.49,13
Jun 05 2017 01: +0,4.433,16
Jun 06 2017 01: +0,4.302,23
Jun 07 2017 01: +0,4.305,8
Jun 08 2017 01: +0,4.382,15
Jun 09 2017 01: +0,4.201,14
Jun 10 2017 01: +0,4.17,22
Jun 11 2017 01: +0,4.294,12
Jun 12 2017 01: +0,4.226,17
Jun 13 2017 01: +0,4.32,8
Jun 14 2017 01: +0,3.943,7
Jun 15 2017 01: +0,3.839,13
Jun 16 2017 01: +0,3.995,11
Jun 17 2017 01: +0,4.068,22
Jun 18 2017 01: +0,4.051,17
Jun 19 2017 01: +0,4.246,25
Jun 20 2017 01: +0,4.171,4
Jun 21 2017 01: +0,4.122,13
Jun 22 2017 01: +0,3.932,8
Jun 23 2017 01: +0,3.838,26
Jun 24 2017 01: +0,4.02,15
Jun 25 2017 01: +0,3.806,16
Jun 26 2017 01: +0,4.059,31
Jun 27 2017 01: +0,4.005,25
Jun 28 2017 01: +0,4.071,14
Jun 29 2017 01: +0,4.131,13
Jun 30 2017 01: +0,4.101,15
Jul 01 2017 01: +0,4.056,16
Jul 02 2017 01: +0,4.081,13
Jul 03 2017 01: +0,4.122,10
Jul 04 2017 01: +0,4.138,12
Jul 05 2017 01: +0,3.892,6
Jul 06 2017 01: +0,3.859,9
Jul 07 2017 01: +0,3.812,30
Jul 08 2017 01: +0,3.767,13
Jul 09 2017 01: +0,4.066,28
Jul 10 2017 01: +0,3.996,13
Jul 11 2017 01: +0,3.834,8
Jul 12 2017 01: +0,3.513,13
Jul 13 2017 01: +0,3.688,14
Jul 14 2017 01: +0,3.888,8
Jul 15 2017 01: +0,3.884,11
Jul 16 2017 01: +0,3.924,25
Jul 17 2017 01: +0,3.945,14
Jul 18 2017 01: +0,3.994,12
Jul 19 2017 01: +0,3.837,4
Jul 20 2017 01: +0,4.004,15
Jul 21 2017 01: +0,3.933,15
Jul 22 2017 01: +0,4.099,13
Jul 23 2017 01: +0,3.421,49
Jul 24 2017 01: +0,3.63,23
Jul 25 2017 01: +0,3.51,19
Jul 26 2017 01: +0,3.918,14
Jul 27 2017 01: +0,3.766,6
Jul 28 2017 01: +0,4.025,27
Jul 29 2017 01: +0,4.015,14
Jul 30 2017 01: +0,4.09,20
Jul 31 2017 01: +0,4.103,32
Aug 01 2017 01: +0,4.12,21
Aug 02 2017 01: +0,4.154,16
Aug 03 2017 01: +0,4.078,10
Aug 04 2017 01: +0,3.977,17
Aug 05 2017 01: +0,4.098,12
Aug 06 2017 01: +0,4.03,16
Aug 07 2017 01: +0,4.023,12
Aug 08 2017 01: +0,4.083,16
Aug 09 2017 01: +0,4.059,19
Aug 10 2017 01: +0,4.015,26
Aug 11 2017 01: +0,4.017,11
Aug 12 2017 01: +0,4.034,30
Aug 13 2017 01: +0,4.279,23
Aug 14 2017 01: +0,4.305,21
Aug 15 2017 01: +0,4.281,25
Aug 16 2017 01: +0,4.279,15
Aug 17 2017 01: +0,4.172,7
Aug 18 2017 01: +0,4.036,16
Aug 19 2017 01: +0,4.061,20
Aug 20 2017 01: +0,3.878,9
Aug 21 2017 01: +0,3.837,20
Aug 22 2017 01: +0,3.382,27
Aug 23 2017 01: +0,3.662,12
Aug 24 2017 01: +0,3.763,26
Aug 25 2017 01: +0,3.831,28
Aug 26 2017 01: +0,3.888,10
Aug 27 2017 01: +0,3.896,12
Aug 28 2017 01: +0,3.94,12
Aug 29 2017 01: +0,4.059,15
Aug 30 2017 01: +0,4.263,10
Aug 31 2017 01: +0,4.257,4
Sep 01 2017 01: +0,4.353,18
Sep 02 2017 01: +0,4.47,23
Sep 03 2017 01: +0,4.351,13
Sep 04 2017 01: +0,4.546,11
Sep 05 2017 01: +0,4.401,13
Sep 06 2017 01: +0,4.169,7
Sep 07 2017 01: +0,4.043,11
Sep 08 2017 01: +0,4.565,7
Sep 09 2017 01: +0,4.391,17
Sep 10 2017 01: +0,4.559,25
Sep 11 2017 01: +0,4.571,7
Sep 12 2017 01: +0,4.598,10
Sep 13 2017 01: +0,4.583,9
Sep 14 2017 01: +0,4.517,15
Sep 15 2017 01: +0,4.481,17
Sep 16 2017 01: +0,4.57,15
Sep 17 2017 01: +0,4.558,16
Sep 18 2017 01: +0,4.245,18
Sep 19 2017 01: +0,4.353,7
Sep 20 2017 01: +0,4.507,9
Sep 21 2017 01: +0,4.261,4
Sep 22 2017 01: +0,4.276,9
Sep 23 2017 01: +0,4.141,11
Sep 24 2017 01: +0,4.266,20
Sep 25 2017 01: +0,4.145,37
Sep 26 2017 01: +0,3.893,10
Sep 27 2017 01: +0,3.716,41
Sep 28 2017 01: +0,3.759,20
Sep 29 2017 01: +0,3.892,14
Sep 30 2017 01: +0,3.899,38
Oct 01 2017 01: +0,4.109,9
Oct 02 2017 01: +0,3.913,9
Oct 03 2017 01: +0,3.925,5
Oct 04 2017 01: +0,3.889,11
Oct 05 2017 01: +0,3.961,10
Oct 06 2017 01: +0,3.969,9
Oct 07 2017 01: +0,3.997,5
Oct 08 2017 01: +0,4.041,8
Oct 09 2017 01: +0,3.988,8
Oct 10 2017 01: +0,3.98,21
Oct 11 2017 01: +0,3.79,18
Oct 12 2017 01: +0,4.281,9
Oct 13 2017 01: +0,4.296,7
Oct 14 2017 01: +0,4.315,15
Oct 15 2017 01: +0,4.446,8
Oct 16 2017 01: +0,4.471,11
Oct 17 2017 01: +0,4.42,8
Oct 18 2017 01: +0,4.2,12
Oct 19 2017 01: +0,4.343,10
Oct 20 2017 01: +0,4.088,7
Oct 21 2017 01: +0,4.13,5
Oct 22 2017 01: +0,3.92,16
Oct 23 2017 01: +0,3.98,13
Oct 24 2017 01: +0,4.174,15
Oct 25 2017 01: +0,4.239,4
Oct 26 2017 01: +0,4.241,13
Oct 27 2017 01: +0,4.117,13
Oct 28 2017 01: +0,4.174,9
Oct 29 2017 01: +0,3.832,4
Oct 30 2017 01: +0,4.032,8
Oct 31 2017 01: +0,3.893,6
Nov 01 2017 01: +0,4.107,12
Nov 02 2017 01: +0,4.389,14
Nov 03 2017 01: +0,4.137,7
Nov 04 2017 01: +0,4.279,15
Nov 05 2017 01: +0,4.439,15
Nov 06 2017 01: +0,4.202,9
Nov 07 2017 01: +0,4.026,8
Nov 08 2017 01: +0,3.935,2
Nov 09 2017 01: +0,3.972,5
Nov 10 2017 01: +0,3.88,10
Nov 11 2017 01: +0,3.876,6
Nov 12 2017 01: +0,3.86,16
Nov 13 2017 01: +0,3.871,12
Nov 14 2017 01: +0,4.111,4
Nov 15 2017 01: +0,4.044,7
Nov 16 2017 01: +0,4.17,9
Nov 17 2017 01: +0,4.219,7
Nov 18 2017 01: +0,4.034,10
Nov 19 2017 01: +0,4.121,11
Nov 20 2017 01: +0,4.154,8
Nov 21 2017 01: +0,4.136,12
Nov 22 2017 01: +0,4.175,1
Nov 23 2017 01: +0,4.141,11
Nov 24 2017 01: +0,4.159,5
Nov 25 2017 01: +0,4.056,19
Nov 26 2017 01: +0,3.831,8
Nov 27 2017 01: +0,3.999,7
Nov 28 2017 01: +0,4.056,15
Nov 29 2017 01: +0,4.186,10
Nov 30 2017 01: +0,4.214,7
Dec 01 2017 01: +0,4.124,21
Dec 02 2017 01: +0,4.033,12
Dec 03 2017 01: +0,4.002,11
Dec 04 2017 01: +0,4.11,9
Dec 05 2017 01: +0,3.97,6
Dec 06 2017 01: +0,3.949,6
Dec 07 2017 01: +0,3.694,13
Dec 08 2017 01: +0,3.785,10
Dec 09 2017 01: +0,3.591,23
Dec 10 2017 01: +0,3.626,10
Dec 11 2017 01: +0,3.655,8
Dec 12 2017 01: +0,3.576,17
Dec 13 2017 01: +0,3.629,7
Dec 14 2017 01: +0,3.6,6
Dec 15 2017 01: +0,3.632,16
Dec 16 2017 01: +0,3.657,7
Dec 17 2017 01: +0,3.611,10
Dec 18 2017 01: +0,3.929,10
Dec 19 2017 01: +0,3.926,5
Dec 20 2017 01: +0,3.78,1
Dec 21 2017 01: +0,3.796,15
Dec 22 2017 01: +0,3.666,5
Dec 23 2017 01: +0,3.69,12
Dec 24 2017 01: +0,3.351,10
Dec 25 2017 01: +0,3.656,4
Dec 26 2017 01: +0,3.535,8
Dec 27 2017 01: +0,3.778,17
Dec 28 2017 01: +0,3.71,6
Dec 29 2017 01: +0,3.592,17
Dec 30 2017 01: +0,3.57,5
Dec 31 2017 01: +0,3.543,15
Jan 01 2018 01: +0,3.488,6
Jan 02 2018 01: +0,3.59,15
Jan 03 2018 01: +0,3.859,8
Jan 04 2018 01: +0,3.802,5
Jan 05 2018 01: +0,3.937,12
Jan 06 2018 01: +0,3.995,4
Jan 07 2018 01: +0,3.957,11
Jan 08 2018 01: +0,4.188,5
Jan 09 2018 01: +0,4.168,9
Jan 10 2018 01: +0,4.151,15
Jan 11 2018 01: +0,3.998,10
Jan 12 2018 01: +0,4.238,14
Jan 13 2018 01: +0,3.891,5
Jan 14 2018 01: +0,4.152,10
Jan 15 2018 01: +0,4.021,5
Jan 16 2018 01: +0,3.834,13
Jan 17 2018 01: +0,3.816,10
Jan 18 2018 01: +0,3.909,20
Jan 19 2018 01: +0,4.146,15
Jan 20 2018 01: +0,4.158,8
Jan 21 2018 01: +0,4.133,7
Jan 22 2018 01: +0,4.245,21
Jan 23 2018 01: +0,4.511,9
Jan 24 2018 01: +0,4.607,10
Jan 25 2018 01: +0,4.776,12
Jan 26 2018 01: +0,4.676,9
Jan 27 2018 01: +0,4.416,8
Jan 28 2018 01: +0,4.54,23
Jan 29 2018 01: +0,4.579,7
Jan 30 2018 01: +0,4.665,4
Jan 31 2018 01: +0,4.633,8
Feb 01 2018 01: +0,4.334,6
Feb 02 2018 01: +0,4.511,9
Feb 03 2018 01: +0,4.756,13
Feb 04 2018 01: +0,4.716,20
Feb 05 2018 01: +0,4.539,9
Feb 06 2018 01: +0,4.573,2
Feb 07 2018 01: +0,4.739,7
Feb 08 2018 01: +0,4.696,6
Feb 09 2018 01: +0,4.509,8
Feb 10 2018 01: +0,4.618,12
Feb 11 2018 01: +0,3.896,3
Feb 12 2018 01: +0,4.661,19
Feb 13 2018 01: +0,4.684,2
Feb 14 2018 01: +0,4.711,8
Feb 15 2018 01: +0,4.505,4
Feb 16 2018 01: +0,4.438,16
Feb 17 2018 01: +0,4.417,18
Feb 18 2018 01: +0,4.502,17
Feb 19 2018 01: +0,4.743,5
Feb 20 2018 01: +0,4.641,7
Feb 21 2018 01: +0,4.685,6
Feb 22 2018 01: +0,4.4,6
Feb 23 2018 01: +0,4.202,7
Feb 24 2018 01: +0,4.699,10
Feb 25 2018 01: +0,4.579,10
Feb 26 2018 01: +0,4.652,10
Feb 27 2018 01: +0,4.622,11
Feb 28 2018 01: +0,4.244,4
Mar 01 2018 01: +0,4.479,8
Mar 02 2018 01: +0,4.65,6
Mar 03 2018 01: +0,4.55,10
Mar 04 2018 01: +0,4.637,4
Mar 05 2018 01: +0,4.543,10
Mar 06 2018 01: +0,4.693,27
Mar 07 2018 01: +0,4.725,8
Mar 08 2018 01: +0,4.673,15
Mar 09 2018 01: +0,4.752,16
Mar 10 2018 01: +0,4.405,20
Mar 11 2018 01: +0,4.723,5
Mar 12 2018 01: +0,4.444,5
Mar 13 2018 01: +0,4.484,10
Mar 14 2018 01: +0,4.76,3
Mar 15 2018 01: +0,4.799,25
Mar 16 2018 01: +0,4.891,3
Mar 17 2018 01: +0,4.816,1
Mar 18 2018 01: +0,4.732,9
Mar 19 2018 01: +0,5.176,8
Mar 20 2018 01: +0,5.06,2
Mar 21 2018 01: +0,5.077,10
Mar 23 2018 01: +0,5.271,3
Mar 24 2018 01: +0,4.938,12
Mar 25 2018 01: +0,5.016,14
Mar 26 2018 01: +0,5.356,5
Mar 27 2018 01: +0,5.338,7
Mar 28 2018 01: +0,5.352,8
Mar 29 2018 01: +0,5.06,1
Mar 30 2018 01: +0,4.547,40
Mar 31 2018 01: +0,5.04,25
Apr 01 2018 01: +0,5.113,3
Apr 02 2018 01: +0,4.504,13
Apr 03 2018 01: +0,5.06,10
Apr 04 2018 01: +0,5.028,7
Apr 05 2018 01: +0,4.882,9
Apr 06 2018 01: +0,5.03,11
Apr 07 2018 01: +0,5.043,9
Apr 08 2018 01: +0,4.768,8
Apr 09 2018 01: +0,4.998,13
Apr 10 2018 01: +0,4.794,7
Apr 11 2018 01: +0,5.048,11
Apr 12 2018 01: +0,5.147,13
Apr 13 2018 01: +0,4.903,8
Apr 14 2018 01: +0,5.055,5
Apr 15 2018 01: +0,4.579,2
Apr 16 2018 01: +0,5.137,9
Apr 17 2018 01: +0,4.98,1
Apr 18 2018 01: +0,5.011,11
Apr 19 2018 01: +0,5.412,5
Apr 20 2018 01: +0,5.422,15
Apr 21 2018 01: +0,5.172,8
Apr 22 2018 01: +0,5.072,5
Apr 23 2018 01: +0,5.497,4
Apr 24 2018 01: +0,5.453,2
Apr 25 2018 01: +0,5.36,6
Apr 26 2018 01: +0,5.204,2
Apr 27 2018 01: +0,5.456,4
Apr 28 2018 01: +0,5.284,5
Apr 29 2018 01: +0,5.39,9
Apr 30 2018 01: +0,5.27,6
May 01 2018 01: +0,5.375,3
May 02 2018 01: +0,5.324,5
May 03 2018 01: +0,5.357,8
May 04 2018 01: +0,5.486,6
May 05 2018 01: +0,5.202,4
May 06 2018 01: +0,5.06,3
May 07 2018 01: +0,5.373,5
May 08 2018 01: +0,5.466,5
May 09 2018 01: +0,5.225,19
May 10 2018 01: +0,5.621,14
May 11 2018 01: +0,5.563,6
May 12 2018 01: +0,5.264,14
May 13 2018 01: +0,5.298,2
May 14 2018 01: +0,5.23,4
May 15 2018 01: +0,5.587,8
May 16 2018 01: +0,5.553,5
May 17 2018 01: +0,5.283,4
May 18 2018 01: +0,5.492,14
May 19 2018 01: +0,5.531,5
May 20 2018 01: +0,5.426,4
May 21 2018 01: +0,5.611,2
May 22 2018 01: +0,5.512,8
May 23 2018 01: +0,4.724,8
May 24 2018 01: +0,5.198,10
May 25 2018 01: +0,5.462,4
May 27 2018 01: +0,5.207,7
May 28 2018 01: +0,4.767,2
May 30 2018 01: +0,5.424,3
May 31 2018 01: +0,5.47,6
Jun 01 2018 01: +0,4.963,3
Jun 02 2018 01: +0,4.97,11
Jun 03 2018 01: +0,4.91,2
Jun 04 2018 01: +0,5.126,14
Jun 05 2018 01: +0,5.21,2
Jun 06 2018 01: +0,5.243,10
Jun 07 2018 01: +0,5.369,16
Jun 08 2018 01: +0,5.218,4
Jun 09 2018 01: +0,5.112,5
Jun 10 2018 01: +0,5.329,2
Jun 11 2018 01: +0,4.87,5
Jun 12 2018 01: +0,4.894,15
Jun 13 2018 01: +0,4.974,1
Jun 14 2018 01: +0,4.862,6
Jun 15 2018 01: +0,4.872,8
Jun 16 2018 01: +0,4.838,9
Jun 17 2018 01: +0,4.846,6
Jun 18 2018 01: +0,4.762,12
Jun 19 2018 01: +0,4.806,7
Jun 20 2018 01: +0,4.839,12
Jun 21 2018 01: +0,4.412,11
Jun 22 2018 01: +0,4.425,26
Jun 23 2018 01: +0,4.495,11
Jun 24 2018 01: +0,4.413,8
Jun 25 2018 01: +0,4.59,15
Jun 26 2018 01: +0,4.53,3
Jun 27 2018 01: +0,4.018,8
Jun 28 2018 01: +0,4.255,10
Jun 29 2018 01: +0,4.623,7
Jun 30 2018 01: +0,4.734,7
Jul 01 2018 01: +0,4.634,18
Jul 02 2018 01: +0,4.821,9
Jul 03 2018 01: +0,4.862,15
Jul 04 2018 01: +0,4.66,2
Jul 05 2018 01: +0,4.593,11
Jul 06 2018 01: +0,4.962,9
Jul 07 2018 01: +0,4.846,5
Jul 08 2018 01: +0,4.871,3
Jul 09 2018 01: +0,4.851,6
Jul 10 2018 01: +0,4.755,5
Jul 11 2018 01: +0,4.943,1
Jul 12 2018 01: +0,4.909,6
Jul 13 2018 01: +0,4.894,19
Jul 14 2018 01: +0,4.724,9
Jul 15 2018 01: +0,4.846,2
Jul 16 2018 01: +0,4.694,6
Jul 17 2018 01: +0,4.905,24
Jul 18 2018 01: +0,4.925,9
Jul 19 2018 01: +0,4.825,18
Jul 20 2018 01: +0,4.838,9
Jul 21 2018 01: +0,4.546,2
Jul 22 2018 01: +0,4.767,2
Jul 23 2018 01: +0,4.767,6
Jul 24 2018 01: +0,4.682,7
Jul 25 2018 01: +0,4.773,7
Jul 26 2018 01: +0,4.677,11
Jul 27 2018 01: +0,4.663,11
Jul 28 2018 01: +0,4.697,8
Jul 29 2018 01: +0,4.667,15
Jul 30 2018 01: +0,4.695,14
Jul 31 2018 01: +0,4.673,15
Aug 01 2018 01: +0,4.708,4
Aug 02 2018 01: +0,4.706,16
Aug 03 2018 01: +0,4.697,18
Aug 04 2018 01: +0,4.772,8
Aug 05 2018 01: +0,4.846,7
Aug 06 2018 01: +0,4.694,10
Aug 07 2018 01: +0,4.729,5
Aug 08 2018 01: +0,4.836,7
Aug 09 2018 01: +0,4.742,6
Aug 10 2018 01: +0,4.51,4
Aug 11 2018 01: +0,4.69,5
Aug 12 2018 01: +0,4.691,6
Aug 13 2018 01: +0,4.563,5
Aug 15 2018 01: +0,4.491,7
Aug 16 2018 01: +0,4.701,3
Aug 17 2018 01: +0,4.711,11
Aug 18 2018 01: +0,4.594,5
Aug 19 2018 01: +0,4.547,4
Aug 20 2018 01: +0,4.725,13
Aug 21 2018 01: +0,4.673,7
Aug 22 2018 01: +0,4.51,7
Aug 23 2018 01: +0,4.648,4
Aug 24 2018 01: +0,4.69,2
Aug 25 2018 01: +0,4.675,2
Aug 26 2018 01: +0,4.641,9
Aug 27 2018 01: +0,4.627,7
Aug 28 2018 01: +0,4.713,7
Aug 29 2018 01: +0,4.68,3
Aug 30 2018 01: +0,4.716,10
Aug 31 2018 01: +0,4.679,6
Sep 01 2018 01: +0,4.739,1
Sep 02 2018 01: +0,4.718,4
Sep 03 2018 01: +0,4.698,14
Sep 04 2018 01: +0,4.839,6
Sep 05 2018 01: +0,4.62,5
Sep 06 2018 01: +0,4.728,7
Sep 07 2018 01: +0,4.81,13
Sep 08 2018 01: +0,4.775,4
Sep 09 2018 01: +0,4.796,14
Sep 10 2018 01: +0,4.807,7
Sep 11 2018 01: +0,4.834,4
Sep 12 2018 01: +0,4.836,2
Sep 13 2018 01: +0,4.805,18
Sep 14 2018 01: +0,4.893,7
Sep 15 2018 01: +0,4.816,7
Sep 16 2018 01: +0,4.866,4
Sep 17 2018 01: +0,4.65,14
Sep 18 2018 01: +0,4.86,14
Sep 19 2018 01: +0,4.857,8
Sep 20 2018 01: +0,4.88,1
Sep 21 2018 01: +0,4.82,6
Sep 22 2018 01: +0,4.618,6
Sep 23 2018 01: +0,4.566,36
Sep 24 2018 01: +0,4.25,9
Sep 25 2018 01: +0,4.527,16
Sep 26 2018 01: +0,4.613,9
Sep 27 2018 01: +0,4.674,14
Sep 28 2018 01: +0,4.775,8
Sep 29 2018 01: +0,4.572,7
Sep 30 2018 01: +0,4.816,12
Oct 01 2018 01: +0,4.708,6
Oct 02 2018 01: +0,4.8,4
Oct 03 2018 01: +0,4.809,2
Oct 03 2018 16: +0,4.849,1
Oct 03 2018 17: +0,4.85,4
Oct 03 2018 18: +0,4.849,2
Oct 03 2018 19: +0,4.84,3
Oct 03 2018 21: +0,4.858,2
Oct 04 2018 07: +0,4.572,1
Oct 04 2018 14: +0,3.679,1
Oct 04 2018 15: +0,4.852,1
Oct 05 2018 13: +0,4.802,1
Oct 05 2018 15: +0,4.664,1
Oct 05 2018 20: +0,4.802,2
Oct 06 2018 07: +0,4.795,1
Oct 07 2018 19: +0,4.683,1
Oct 07 2018 20: +0,4.749,1
Oct 08 2018 02: +0,4.75,2
Oct 08 2018 04: +0,4.713,4
Oct 08 2018 05: +0,4.76,1
Oct 08 2018 06: +0,4.76,1
Oct 08 2018 12: +0,4.598,1
Oct 08 2018 14: +0,4.77,1
Oct 08 2018 15: +0,4.781,2
Oct 09 2018 09: +0,4.776,2
Oct 09 2018 13: +0,4.77,1
Oct 09 2018 15: +0,4.769,1
Oct 09 2018 18: +0,4.769,3
Oct 09 2018 23: +0,4.749,3
Oct 10 2018 04: +0,4.76,3
Oct 10 2018 06: +0,4.486,1
Oct 10 2018 16: +0,4.578,1
Oct 10 2018 23: +0,4.735,2
Oct 11 2018 01: +0,4.373,2
Oct 11 2018 11: +0,4.31,1
Oct 11 2018 12: +0,4.798,4
Oct 11 2018 19: +0,4.833,1
Oct 12 2018 01: +0,4.817,1
Oct 12 2018 06: +0,4.817,1
Oct 12 2018 10: +0,4.517,1
Oct 13 2018 00: +0,4.804,1
Oct 13 2018 01: +0,4.836,9
Oct 13 2018 03: +0,4.88,3
Oct 13 2018 09: +0,4.943,1
Oct 13 2018 11: +0,4.956,2
Oct 13 2018 12: +0,4.967,1
Oct 13 2018 15: +0,4.982,3
Oct 13 2018 16: +0,4.612,1
Oct 13 2018 19: +0,4.862,1
Oct 14 2018 05: +0,4.852,7
Oct 14 2018 08: +0,4.852,1
Oct 14 2018 10: +0,4.852,1
Oct 14 2018 13: +0,4.852,6
Oct 14 2018 15: +0,4.693,1
Oct 14 2018 18: +0,4.866,11
Oct 14 2018 21: +0,4.866,2
Oct 14 2018 23: +0,4.87,1
Oct 15 2018 00: +0,4.868,1
Oct 15 2018 10: +0,4.852,15
Oct 15 2018 11: +0,4.897,4
Oct 15 2018 13: +0,4.941,8
Oct 15 2018 17: +0,4.686,1
Oct 15 2018 23: +0,4.851,1
Oct 16 2018 03: +0,4.832,3
Oct 16 2018 06: +0,4.832,5
Oct 16 2018 10: +0,4.848,1
Oct 16 2018 13: +0,4.848,1
Oct 16 2018 14: +0,4.863,6
Oct 17 2018 03: +0,4.84,1
Oct 17 2018 11: +0,4.89,3
Oct 17 2018 13: +0,4.889,1
Oct 17 2018 17: +0,4.835,1
Oct 18 2018 02: +0,4.857,6
Oct 18 2018 07: +0,4.87,5
Oct 18 2018 09: +0,4.841,1
Oct 18 2018 15: +0,4.807,4
Oct 18 2018 22: +0,4.451,1
Oct 19 2018 04: +0,4.833,9
Oct 19 2018 05: +0,4.744,1
Oct 19 2018 14: +0,4.829,1
Oct 19 2018 17: +0,4.749,1
Oct 19 2018 23: +0,4.983,1
Oct 20 2018 10: +0,5,3
Oct 20 2018 16: +0,5.006,1
Oct 20 2018 19: +0,5.006,2
Oct 20 2018 21: +0,5.032,1
Oct 21 2018 04: +0,5.048,1
Oct 21 2018 14: +0,5.032,1
Oct 21 2018 20: +0,4.793,10
Oct 22 2018 00: +0,5.04,1
Oct 22 2018 12: +0,4.808,2
Oct 22 2018 16: +0,4.809,2
Oct 22 2018 19: +0,4.81,3
Oct 22 2018 20: +0,4.722,2
Oct 23 2018 08: +0,4.786,8
Oct 23 2018 11: +0,4.786,7
Oct 23 2018 15: +0,4.765,1
Oct 23 2018 20: +0,4.818,1
Oct 23 2018 21: +0,4.813,3
Oct 24 2018 14: +0,4.679,1
Oct 24 2018 16: +0,4.827,2
Oct 24 2018 17: +0,4.829,1
Oct 25 2018 19: +0,4.823,3
Oct 25 2018 22: +0,4.83,1
Oct 26 2018 01: +0,4.667,1
Oct 26 2018 17: +0,4.658,24
Oct 26 2018 22: +0,4.65,1
Oct 27 2018 08: +0,4.664,2
Oct 27 2018 15: +0,4.83,3
Oct 27 2018 19: +0,4.83,1
Oct 28 2018 17: +0,4.721,1
Oct 28 2018 18: +0,4.83,4
Oct 28 2018 19: +0,4.886,4
Oct 29 2018 04: +0,4.944,1
Oct 29 2018 12: +0,4.688,1
Oct 29 2018 13: +0,4.923,1
Oct 29 2018 16: +0,4.968,1
Oct 30 2018 06: +0,4.65,1
Oct 30 2018 11: +0,4.95,2
Oct 31 2018 01: +0,4.704,1
Oct 31 2018 05: +0,4.702,1
Oct 31 2018 21: +0,4.759,1
Oct 31 2018 22: +0,4.918,1
Nov 01 2018 03: +0,4.906,3
Nov 01 2018 17: +0,4.923,2
Nov 01 2018 21: +0,4.94,1
Nov 01 2018 22: +0,4.993,2
