Oct 21 2015 01: +0,1.185,203
Oct 22 2015 01: +0,1.155,106
Oct 23 2015 01: +0,1.126,112
Oct 24 2015 01: +0,1.113,103
Oct 25 2015 01: +0,1.119,115
Oct 26 2015 01: +0,1.117,94
Oct 27 2015 01: +0,1.125,98
Oct 28 2015 01: +0,1.128,149
Oct 29 2015 01: +0,0.723,789
Oct 30 2015 01: +0,1.034,414
Oct 31 2015 01: +0,0.575,3358
Nov 01 2015 01: +0,0.284,11892
Nov 02 2015 01: +0,0.279,4850
Nov 03 2015 01: +0,0.273,3237
Nov 04 2015 01: +0,0.254,2884
Nov 05 2015 01: +0,0.256,2345
Nov 06 2015 01: +0,0.256,2243
Nov 07 2015 01: +0,0.265,2363
Nov 08 2015 01: +0,0.258,2049
Nov 09 2015 01: +0,0.249,1446
Nov 10 2015 01: +0,0.256,1219
Nov 11 2015 01: +0,0.26,1426
Nov 12 2015 01: +0,0.258,1350
Nov 13 2015 01: +0,0.259,1455
Nov 14 2015 01: +0,0.266,1860
Nov 15 2015 01: +0,0.277,1559
Nov 16 2015 01: +0,0.273,1180
Nov 17 2015 01: +0,0.278,982
Nov 18 2015 01: +0,0.284,1041
Nov 19 2015 01: +0,0.284,1020
Nov 20 2015 01: +0,0.291,1162
Nov 21 2015 01: +0,0.294,1206
Nov 22 2015 01: +0,0.289,1225
Nov 23 2015 01: +0,0.288,990
Nov 24 2015 01: +0,0.294,1170
Nov 25 2015 01: +0,0.291,1135
Nov 26 2015 01: +0,0.28,985
Nov 27 2015 01: +0,0.28,1238
Nov 28 2015 01: +0,0.283,1221
Nov 29 2015 01: +0,0.279,1048
Nov 30 2015 01: +0,0.281,837
Dec 01 2015 01: +0,0.286,853
Dec 02 2015 01: +0,0.301,791
Dec 03 2015 01: +0,0.301,778
Dec 04 2015 01: +0,0.31,852
Dec 05 2015 01: +0,0.335,1022
Dec 06 2015 01: +0,0.359,1012
Dec 07 2015 01: +0,0.351,741
Dec 08 2015 01: +0,0.349,699
Dec 09 2015 01: +0,0.339,778
Dec 10 2015 01: +0,0.36,933
Dec 11 2015 01: +0,0.371,739
Dec 12 2015 01: +0,0.379,984
Dec 13 2015 01: +0,0.415,699
Dec 14 2015 01: +0,0.416,604
Dec 15 2015 01: +0,0.415,545
Dec 16 2015 01: +0,0.404,429
Dec 17 2015 01: +0,0.463,1660
Dec 18 2015 01: +0,0.536,907
Dec 19 2015 01: +0,0.546,673
Dec 20 2015 01: +0,0.546,382
Dec 21 2015 01: +0,0.53,443
Dec 22 2015 01: +0,0.491,405
Dec 23 2015 01: +0,0.437,535
Dec 24 2015 01: +0,0.468,416
Dec 25 2015 01: +0,0.478,638
Dec 26 2015 01: +0,0.509,439
Dec 27 2015 01: +0,0.51,441
Dec 28 2015 01: +0,0.508,518
Dec 29 2015 01: +0,0.491,464
Dec 30 2015 01: +0,0.479,449
Dec 31 2015 01: +0,0.462,402
Jan 01 2016 01: +0,0.461,452
Jan 02 2016 01: +0,0.489,739
Jan 03 2016 01: +0,0.476,431
Jan 04 2016 01: +0,0.454,413
Jan 05 2016 01: +0,0.463,418
Jan 06 2016 01: +0,0.48,439
Jan 07 2016 01: +0,0.533,1000
Jan 08 2016 01: +0,0.576,615
Jan 09 2016 01: +0,0.735,1113
Jan 10 2016 01: +0,0.779,379
Jan 11 2016 01: +0,0.81,233
Jan 12 2016 01: +0,0.817,255
Jan 13 2016 01: +0,0.783,491
Jan 14 2016 01: +0,0.8,735
Jan 15 2016 01: +0,0.834,731
Jan 16 2016 01: +0,0.875,319
Jan 17 2016 01: +0,0.797,386
Jan 18 2016 01: +0,0.83,317
Jan 19 2016 01: +0,0.817,463
Jan 20 2016 01: +0,1.492,5782
Jan 21 2016 01: +0,1.215,2022
Jan 22 2016 01: +0,1.047,598
Jan 23 2016 01: +0,0.999,360
Jan 24 2016 01: +0,0.877,380
Jan 25 2016 01: +0,0.821,381
Jan 26 2016 01: +0,0.768,338
Jan 27 2016 01: +0,0.735,297
Jan 28 2016 01: +0,0.707,262
Jan 29 2016 01: +0,0.699,241
Jan 30 2016 01: +0,0.684,319
Jan 31 2016 01: +0,0.685,369
Feb 01 2016 01: +0,0.794,1745
Feb 02 2016 01: +0,0.78,289
Feb 03 2016 01: +0,0.671,373
Feb 04 2016 01: +0,0.653,361
Feb 05 2016 01: +0,0.631,417
Feb 06 2016 01: +0,0.615,442
Feb 07 2016 01: +0,0.584,355
Feb 08 2016 01: +0,0.559,251
Feb 09 2016 01: +0,0.563,296
Feb 10 2016 01: +0,0.584,276
Feb 11 2016 01: +0,0.608,235
Feb 12 2016 01: +0,0.611,297
Feb 13 2016 01: +0,0.615,291
Feb 14 2016 01: +0,0.647,246
Feb 15 2016 01: +0,0.646,283
Feb 16 2016 01: +0,0.667,247
Feb 17 2016 01: +0,0.692,223
Feb 18 2016 01: +0,0.539,690
Feb 19 2016 01: +0,0.596,493
Feb 20 2016 01: +0,0.604,422
Feb 21 2016 01: +0,0.633,376
Feb 22 2016 01: +0,0.626,301
Feb 23 2016 01: +0,0.597,294
Feb 24 2016 01: +0,0.614,298
Feb 25 2016 01: +0,0.601,270
Feb 26 2016 01: +0,0.616,801
Feb 27 2016 01: +0,0.631,382
Feb 28 2016 01: +0,0.61,240
Feb 29 2016 01: +0,0.576,306
Mar 01 2016 01: +0,0.598,308
Mar 02 2016 01: +0,0.583,306
Mar 03 2016 01: +0,0.574,259
Mar 04 2016 01: +0,0.549,414
Mar 05 2016 01: +0,0.523,622
Mar 06 2016 01: +0,0.492,503
Mar 07 2016 01: +0,0.473,399
Mar 08 2016 01: +0,0.462,341
Mar 09 2016 01: +0,0.465,365
Mar 10 2016 01: +0,0.522,299
Mar 11 2016 01: +0,0.518,322
Mar 12 2016 01: +0,0.539,412
Mar 13 2016 01: +0,0.552,418
Mar 14 2016 01: +0,0.541,350
Mar 15 2016 01: +0,0.531,298
Mar 16 2016 01: +0,0.521,473
Mar 17 2016 01: +0,0.517,331
Mar 18 2016 01: +0,0.469,479
Mar 19 2016 01: +0,0.478,289
Mar 20 2016 01: +0,0.485,327
Mar 21 2016 01: +0,0.491,248
Mar 22 2016 01: +0,0.476,182
Mar 23 2016 01: +0,0.464,307
Mar 24 2016 01: +0,0.481,209
Mar 25 2016 01: +0,0.475,198
Mar 26 2016 01: +0,0.465,252
Mar 27 2016 01: +0,0.451,265
Mar 28 2016 01: +0,0.433,271
Mar 29 2016 01: +0,0.43,268
Mar 30 2016 01: +0,0.416,350
Mar 31 2016 01: +0,0.418,301
Apr 01 2016 01: +0,0.417,200
Apr 02 2016 01: +0,0.411,236
Apr 03 2016 01: +0,0.334,325
Apr 04 2016 01: +0,0.333,244
Apr 05 2016 01: +0,0.343,212
Apr 06 2016 01: +0,0.351,151
Apr 07 2016 01: +0,0.396,106
Apr 08 2016 01: +0,0.384,135
Apr 09 2016 01: +0,0.408,103
Apr 10 2016 01: +0,0.408,147
Apr 11 2016 01: +0,0.408,107
Apr 12 2016 01: +0,0.396,86
Apr 13 2016 01: +0,0.383,94
Apr 14 2016 01: +0,0.375,79
Apr 15 2016 01: +0,0.375,115
Apr 16 2016 01: +0,0.385,98
Apr 17 2016 01: +0,0.369,109
Apr 18 2016 01: +0,0.349,129
Apr 19 2016 01: +0,0.36,93
Apr 20 2016 01: +0,0.375,90
Apr 21 2016 01: +0,0.351,119
Apr 22 2016 01: +0,0.355,231
Apr 23 2016 01: +0,0.372,145
Apr 24 2016 01: +0,0.37,107
Apr 25 2016 01: +0,0.386,95
Apr 26 2016 01: +0,0.361,92
Apr 27 2016 01: +0,0.371,83
Apr 28 2016 01: +0,0.393,104
Apr 29 2016 01: +0,0.411,89
Apr 30 2016 01: +0,0.407,117
May 01 2016 01: +0,0.412,141
May 02 2016 01: +0,0.401,107
May 03 2016 01: +0,0.394,109
May 04 2016 01: +0,0.374,246
May 05 2016 01: +0,0.381,198
May 06 2016 01: +0,0.396,203
May 07 2016 01: +0,0.41,162
May 08 2016 01: +0,0.409,159
May 09 2016 01: +0,0.433,110
May 10 2016 01: +0,0.458,62
May 11 2016 01: +0,0.423,105
May 12 2016 01: +0,0.411,129
May 13 2016 01: +0,0.399,192
May 14 2016 01: +0,0.425,161
May 15 2016 01: +0,0.442,199
May 16 2016 01: +0,0.474,165
May 17 2016 01: +0,0.469,96
May 18 2016 01: +0,0.46,137
May 19 2016 01: +0,0.454,121
May 20 2016 01: +0,0.472,128
May 21 2016 01: +0,0.479,137
May 22 2016 01: +0,0.489,106
May 23 2016 01: +0,0.486,103
May 24 2016 01: +0,0.482,96
May 25 2016 01: +0,0.478,87
May 26 2016 01: +0,0.481,86
May 27 2016 01: +0,0.493,107
May 28 2016 01: +0,0.448,108
May 29 2016 01: +0,0.45,105
May 30 2016 01: +0,0.446,93
May 31 2016 01: +0,0.447,95
Jun 01 2016 01: +0,0.45,177
Jun 02 2016 01: +0,0.435,178
Jun 03 2016 01: +0,0.439,164
Jun 04 2016 01: +0,0.435,153
Jun 05 2016 01: +0,0.446,123
Jun 06 2016 01: +0,0.443,111
Jun 07 2016 01: +0,0.442,107
Jun 08 2016 01: +0,0.448,98
Jun 09 2016 01: +0,0.427,113
Jun 10 2016 01: +0,0.421,118
Jun 11 2016 01: +0,0.425,111
Jun 12 2016 01: +0,0.426,130
Jun 13 2016 01: +0,0.443,114
Jun 14 2016 01: +0,0.439,108
Jun 15 2016 01: +0,0.452,329
Jun 16 2016 01: +0,0.547,607
Jun 17 2016 01: +0,0.565,248
Jun 18 2016 01: +0,0.544,108
Jun 19 2016 01: +0,0.491,90
Jun 20 2016 01: +0,0.474,91
Jun 21 2016 01: +0,0.449,250
Jun 22 2016 01: +0,0.447,111
Jun 23 2016 01: +0,0.461,88
Jun 24 2016 01: +0,0.451,106
Jun 25 2016 01: +0,0.365,178
Jun 26 2016 01: +0,0.31,484
Jun 27 2016 01: +0,0.31,387
Jun 28 2016 01: +0,0.33,507
Jun 29 2016 01: +0,0.343,137
Jun 30 2016 01: +0,0.398,113
Jul 01 2016 01: +0,0.423,109
Jul 02 2016 01: +0,0.425,96
Jul 03 2016 01: +0,0.418,104
Jul 04 2016 01: +0,0.398,128
Jul 05 2016 01: +0,0.355,387
Jul 06 2016 01: +0,0.388,147
Jul 07 2016 01: +0,0.408,110
Jul 08 2016 01: +0,0.38,122
Jul 09 2016 01: +0,0.386,116
Jul 10 2016 01: +0,0.318,158
Jul 11 2016 01: +0,0.303,81
Jul 12 2016 01: +0,0.374,62
Jul 13 2016 01: +0,0.395,43
Jul 14 2016 01: +0,0.351,47
Jul 15 2016 01: +0,0.37,37
Jul 16 2016 01: +0,0.408,44
Jul 17 2016 01: +0,0.413,66
Jul 18 2016 01: +0,0.415,62
Jul 19 2016 01: +0,0.399,53
Jul 20 2016 01: +0,0.353,48
Jul 21 2016 01: +0,0.357,56
Jul 22 2016 01: +0,0.367,43
Jul 23 2016 01: +0,0.374,62
Jul 24 2016 01: +0,0.37,55
Jul 25 2016 01: +0,0.359,49
Jul 26 2016 01: +0,0.361,38
Jul 27 2016 01: +0,0.377,41
Jul 28 2016 01: +0,0.386,44
Jul 29 2016 01: +0,0.392,53
Jul 30 2016 01: +0,0.39,57
Jul 31 2016 01: +0,0.399,40
Aug 01 2016 01: +0,0.391,40
Aug 02 2016 01: +0,0.381,45
Aug 03 2016 01: +0,0.386,37
Aug 04 2016 01: +0,0.398,43
Aug 05 2016 01: +0,0.388,53
Aug 06 2016 01: +0,0.377,31
Aug 07 2016 01: +0,0.386,46
Aug 08 2016 01: +0,0.376,55
Aug 09 2016 01: +0,0.369,42
Aug 10 2016 01: +0,0.367,36
Aug 11 2016 01: +0,0.357,61
Aug 12 2016 01: +0,0.353,44
Aug 13 2016 01: +0,0.356,49
Aug 14 2016 01: +0,0.351,70
Aug 15 2016 01: +0,0.381,48
Aug 16 2016 01: +0,0.377,45
Aug 17 2016 01: +0,0.367,40
Aug 18 2016 01: +0,0.389,58
Aug 19 2016 01: +0,0.37,59
Aug 20 2016 01: +0,0.354,100
Aug 21 2016 01: +0,0.357,89
Aug 22 2016 01: +0,0.385,72
Aug 23 2016 01: +0,0.385,67
Aug 24 2016 01: +0,0.379,64
Aug 25 2016 01: +0,0.391,70
Aug 26 2016 01: +0,0.412,68
Aug 27 2016 01: +0,0.406,86
Aug 28 2016 01: +0,0.395,92
Aug 29 2016 01: +0,0.42,71
Aug 30 2016 01: +0,0.406,64
Aug 31 2016 01: +0,0.439,79
Sep 01 2016 01: +0,0.456,47
Sep 02 2016 01: +0,0.473,41
Sep 03 2016 01: +0,0.465,55
Sep 04 2016 01: +0,0.474,61
Sep 05 2016 01: +0,0.454,52
Sep 06 2016 01: +0,0.447,46
Sep 07 2016 01: +0,0.434,50
Sep 08 2016 01: +0,0.437,47
Sep 09 2016 01: +0,0.431,75
Sep 10 2016 01: +0,0.437,92
Sep 11 2016 01: +0,0.451,87
Sep 12 2016 01: +0,0.446,54
Sep 13 2016 01: +0,0.43,65
Sep 14 2016 01: +0,0.418,70
Sep 15 2016 01: +0,0.418,82
Sep 16 2016 01: +0,0.423,73
Sep 17 2016 01: +0,0.442,89
Sep 18 2016 01: +0,0.446,77
Sep 19 2016 01: +0,0.443,94
Sep 20 2016 01: +0,0.411,83
Sep 21 2016 01: +0,0.407,61
Sep 22 2016 01: +0,0.418,60
Sep 23 2016 01: +0,0.412,72
Sep 24 2016 01: +0,0.415,80
Sep 25 2016 01: +0,0.407,88
Sep 26 2016 01: +0,0.414,71
Sep 27 2016 01: +0,0.417,73
Sep 28 2016 01: +0,0.419,70
Sep 29 2016 01: +0,0.431,69
Sep 30 2016 01: +0,0.398,83
Oct 01 2016 01: +0,0.422,54
Oct 02 2016 01: +0,0.404,77
Oct 03 2016 01: +0,0.41,79
Oct 04 2016 01: +0,0.408,35
Oct 05 2016 01: +0,0.419,63
Oct 06 2016 01: +0,0.408,42
Oct 07 2016 01: +0,0.399,78
Oct 08 2016 01: +0,0.395,80
Oct 09 2016 01: +0,0.396,71
Oct 10 2016 01: +0,0.365,80
Oct 11 2016 01: +0,0.357,75
Oct 12 2016 01: +0,0.379,44
Oct 13 2016 01: +0,0.387,56
Oct 14 2016 01: +0,0.372,48
Oct 15 2016 01: +0,0.377,63
Oct 16 2016 01: +0,0.387,74
Oct 17 2016 01: +0,0.387,33
Oct 18 2016 01: +0,0.383,46
Oct 19 2016 01: +0,0.402,39
Oct 20 2016 01: +0,0.365,60
Oct 21 2016 01: +0,0.368,55
Oct 22 2016 01: +0,0.388,49
Oct 23 2016 01: +0,0.404,55
Oct 24 2016 01: +0,0.404,50
Oct 25 2016 01: +0,0.397,29
Oct 26 2016 01: +0,0.39,33
Oct 27 2016 01: +0,0.401,58
Oct 28 2016 01: +0,0.393,41
Oct 29 2016 01: +0,0.391,41
Oct 30 2016 01: +0,0.374,48
Oct 31 2016 01: +0,0.365,59
Nov 01 2016 01: +0,0.37,57
Nov 02 2016 01: +0,0.376,33
Nov 03 2016 01: +0,0.374,34
Nov 04 2016 01: +0,0.385,47
Nov 05 2016 01: +0,0.365,70
Nov 06 2016 01: +0,0.376,61
Nov 07 2016 01: +0,0.352,80
Nov 08 2016 01: +0,0.379,34
Nov 09 2016 01: +0,0.375,45
Nov 10 2016 01: +0,0.375,52
Nov 11 2016 01: +0,0.37,52
Nov 12 2016 01: +0,0.371,71
Nov 13 2016 01: +0,0.362,91
Nov 14 2016 01: +0,0.362,68
Nov 15 2016 01: +0,0.35,79
Nov 16 2016 01: +0,0.356,69
Nov 17 2016 01: +0,0.343,62
Nov 18 2016 01: +0,0.353,69
Nov 19 2016 01: +0,0.355,78
Nov 20 2016 01: +0,0.353,90
Nov 21 2016 01: +0,0.35,101
Nov 22 2016 01: +0,0.343,70
Nov 23 2016 01: +0,0.348,64
Nov 24 2016 01: +0,0.349,48
Nov 25 2016 01: +0,0.342,75
Nov 26 2016 01: +0,0.348,70
Nov 27 2016 01: +0,0.346,71
Nov 28 2016 01: +0,0.344,54
Nov 29 2016 01: +0,0.329,62
Nov 30 2016 01: +0,0.352,79
Dec 01 2016 01: +0,0.36,72
Dec 02 2016 01: +0,0.362,94
Dec 03 2016 01: +0,0.362,161
Dec 04 2016 01: +0,0.363,149
Dec 05 2016 01: +0,0.362,109
Dec 06 2016 01: +0,0.367,93
Dec 07 2016 01: +0,0.389,75
Dec 08 2016 01: +0,0.39,90
Dec 09 2016 01: +0,0.414,53
Dec 10 2016 01: +0,0.432,71
Dec 11 2016 01: +0,0.42,41
Dec 12 2016 01: +0,0.417,43
Dec 13 2016 01: +0,0.425,44
Dec 14 2016 01: +0,0.405,48
Dec 15 2016 01: +0,0.387,41
Dec 16 2016 01: +0,0.381,79
Dec 17 2016 01: +0,0.362,161
Dec 18 2016 01: +0,0.353,152
Dec 19 2016 01: +0,0.355,112
Dec 20 2016 01: +0,0.353,73
Dec 21 2016 01: +0,0.354,61
Dec 22 2016 01: +0,0.362,74
Dec 23 2016 01: +0,0.364,70
Dec 24 2016 01: +0,0.364,97
Dec 25 2016 01: +0,0.34,359
Dec 26 2016 01: +0,0.343,300
Dec 27 2016 01: +0,0.383,68
Dec 28 2016 01: +0,0.393,53
Dec 29 2016 01: +0,0.399,63
Dec 30 2016 01: +0,0.4,60
Dec 31 2016 01: +0,0.386,109
Jan 01 2017 01: +0,0.388,59
Jan 02 2017 01: +0,0.403,63
Jan 03 2017 01: +0,0.415,54
Jan 04 2017 01: +0,0.426,48
Jan 05 2017 01: +0,0.427,54
Jan 06 2017 01: +0,0.41,75
Jan 07 2017 01: +0,0.408,76
Jan 08 2017 01: +0,0.409,61
Jan 09 2017 01: +0,0.393,94
Jan 10 2017 01: +0,0.375,96
Jan 11 2017 01: +0,0.366,157
Jan 12 2017 01: +0,0.375,84
Jan 13 2017 01: +0,0.397,75
Jan 14 2017 01: +0,0.385,54
Jan 15 2017 01: +0,0.393,60
Jan 16 2017 01: +0,0.405,66
Jan 17 2017 01: +0,0.385,65
Jan 18 2017 01: +0,0.417,53
Jan 19 2017 01: +0,0.422,38
Jan 20 2017 01: +0,0.424,44
Jan 21 2017 01: +0,0.406,45
Jan 22 2017 01: +0,0.41,64
Jan 23 2017 01: +0,0.434,30
Jan 24 2017 01: +0,0.428,34
Jan 25 2017 01: +0,0.419,45
Jan 26 2017 01: +0,0.417,44
Jan 27 2017 01: +0,0.391,43
Jan 28 2017 01: +0,0.387,51
Jan 29 2017 01: +0,0.34,74
Jan 30 2017 01: +0,0.346,44
Jan 31 2017 01: +0,0.359,32
Feb 01 2017 01: +0,0.375,34
Feb 02 2017 01: +0,0.4,22
Feb 03 2017 01: +0,0.388,75
Feb 04 2017 01: +0,0.395,51
Feb 05 2017 01: +0,0.394,34
Feb 06 2017 01: +0,0.381,55
Feb 07 2017 01: +0,0.386,45
Feb 08 2017 01: +0,0.412,63
Feb 09 2017 01: +0,0.402,30
Feb 10 2017 01: +0,0.399,31
Feb 11 2017 01: +0,0.414,33
Feb 12 2017 01: +0,0.393,45
Feb 13 2017 01: +0,0.409,41
Feb 14 2017 01: +0,0.397,36
Feb 15 2017 01: +0,0.416,36
Feb 16 2017 01: +0,0.406,32
Feb 17 2017 01: +0,0.412,34
Feb 18 2017 01: +0,0.397,52
Feb 19 2017 01: +0,0.405,36
Feb 20 2017 01: +0,0.394,31
Feb 21 2017 01: +0,0.402,27
Feb 22 2017 01: +0,0.387,36
Feb 23 2017 01: +0,0.388,50
Feb 24 2017 01: +0,0.4,47
Feb 25 2017 01: +0,0.407,53
Feb 26 2017 01: +0,0.401,46
Feb 27 2017 01: +0,0.394,25
Feb 28 2017 01: +0,0.405,38
Mar 01 2017 01: +0,0.401,37
Mar 02 2017 01: +0,0.404,39
Mar 03 2017 01: +0,0.398,45
Mar 04 2017 01: +0,0.405,35
Mar 05 2017 01: +0,0.396,35
Mar 06 2017 01: +0,0.398,36
Mar 07 2017 01: +0,0.392,41
Mar 08 2017 01: +0,0.377,43
Mar 09 2017 01: +0,0.38,32
Mar 10 2017 01: +0,0.396,50
Mar 11 2017 01: +0,0.386,80
Mar 12 2017 01: +0,0.398,44
Mar 13 2017 01: +0,0.391,27
Mar 14 2017 01: +0,0.372,43
Mar 15 2017 01: +0,0.366,42
Mar 16 2017 01: +0,0.397,38
Mar 17 2017 01: +0,0.415,44
Mar 18 2017 01: +0,0.412,67
Mar 19 2017 01: +0,0.416,46
Mar 20 2017 01: +0,0.414,54
Mar 21 2017 01: +0,0.412,38
Mar 22 2017 01: +0,0.416,46
Mar 23 2017 01: +0,0.372,74
Mar 24 2017 01: +0,0.401,66
Mar 25 2017 01: +0,0.409,44
Mar 26 2017 01: +0,0.416,48
Mar 27 2017 01: +0,0.461,208
Mar 28 2017 01: +0,0.461,24
Mar 29 2017 01: +0,0.492,69
Mar 30 2017 01: +0,0.505,30
Mar 31 2017 01: +0,0.473,38
Apr 01 2017 01: +0,0.486,36
Apr 02 2017 01: +0,0.465,35
Apr 03 2017 01: +0,0.533,89
Apr 04 2017 01: +0,0.51,23
Apr 05 2017 01: +0,0.503,32
Apr 06 2017 01: +0,0.552,52
Apr 07 2017 01: +0,0.571,36
Apr 08 2017 01: +0,0.586,34
Apr 09 2017 01: +0,0.602,23
Apr 10 2017 01: +0,0.572,26
Apr 11 2017 01: +0,0.541,22
Apr 12 2017 01: +0,0.521,26
Apr 13 2017 01: +0,0.527,17
Apr 14 2017 01: +0,0.533,32
Apr 15 2017 01: +0,0.536,28
Apr 16 2017 01: +0,0.537,34
Apr 17 2017 01: +0,0.525,35
Apr 18 2017 01: +0,0.502,55
Apr 19 2017 01: +0,0.525,39
Apr 20 2017 01: +0,0.53,35
Apr 21 2017 01: +0,0.51,45
Apr 22 2017 01: +0,0.513,29
Apr 23 2017 01: +0,0.532,31
Apr 24 2017 01: +0,0.526,31
Apr 25 2017 01: +0,0.513,23
Apr 26 2017 01: +0,0.53,40
Apr 27 2017 01: +0,0.58,50
Apr 28 2017 01: +0,0.583,29
Apr 29 2017 01: +0,0.587,32
Apr 30 2017 01: +0,0.575,35
May 01 2017 01: +0,0.574,26
May 02 2017 01: +0,0.575,34
May 03 2017 01: +0,0.578,27
May 04 2017 01: +0,0.564,20
May 05 2017 01: +0,0.546,33
May 06 2017 01: +0,0.566,31
May 07 2017 01: +0,0.581,40
May 08 2017 01: +0,0.59,18
May 09 2017 01: +0,0.574,20
May 10 2017 01: +0,0.574,19
May 11 2017 01: +0,0.556,14
May 12 2017 01: +0,0.573,25
May 13 2017 01: +0,0.566,33
May 14 2017 01: +0,0.571,31
May 15 2017 01: +0,0.569,35
May 16 2017 01: +0,0.594,19
May 17 2017 01: +0,0.59,20
May 18 2017 01: +0,0.548,23
May 19 2017 01: +0,0.584,33
May 20 2017 01: +0,0.592,32
May 21 2017 01: +0,0.586,28
May 22 2017 01: +0,0.595,21
May 23 2017 01: +0,0.594,29
May 24 2017 01: +0,0.493,36
May 25 2017 01: +0,0.526,32
May 26 2017 01: +0,0.562,28
May 27 2017 01: +0,0.553,34
May 28 2017 01: +0,0.542,24
May 29 2017 01: +0,0.552,43
May 30 2017 01: +0,0.559,34
May 31 2017 01: +0,0.561,29
Jun 01 2017 01: +0,0.566,30
Jun 02 2017 01: +0,0.564,32
Jun 03 2017 01: +0,0.567,50
Jun 04 2017 01: +0,0.568,49
Jun 05 2017 01: +0,0.555,64
Jun 06 2017 01: +0,0.565,63
Jun 07 2017 01: +0,0.568,51
Jun 08 2017 01: +0,0.54,61
Jun 09 2017 01: +0,0.543,59
Jun 10 2017 01: +0,0.552,61
Jun 11 2017 01: +0,0.567,59
Jun 12 2017 01: +0,0.564,38
Jun 13 2017 01: +0,0.567,49
Jun 14 2017 01: +0,0.569,35
Jun 15 2017 01: +0,0.558,35
Jun 16 2017 01: +0,0.565,50
Jun 17 2017 01: +0,0.574,39
Jun 18 2017 01: +0,0.562,40
Jun 19 2017 01: +0,0.542,27
Jun 20 2017 01: +0,0.545,36
Jun 21 2017 01: +0,0.537,27
Jun 22 2017 01: +0,0.524,53
Jun 23 2017 01: +0,0.537,45
Jun 24 2017 01: +0,0.516,39
Jun 25 2017 01: +0,0.541,46
Jun 26 2017 01: +0,0.544,47
Jun 27 2017 01: +0,0.555,30
Jun 28 2017 01: +0,0.54,42
Jun 29 2017 01: +0,0.574,34
Jun 30 2017 01: +0,0.589,41
Jul 01 2017 01: +0,0.569,58
Jul 02 2017 01: +0,0.562,32
Jul 03 2017 01: +0,0.578,56
Jul 04 2017 01: +0,0.585,36
Jul 05 2017 01: +0,0.605,53
Jul 06 2017 01: +0,0.616,47
Jul 07 2017 01: +0,0.619,49
Jul 08 2017 01: +0,0.567,44
Jul 09 2017 01: +0,0.566,30
Jul 10 2017 01: +0,0.552,36
Jul 11 2017 01: +0,0.547,31
Jul 12 2017 01: +0,0.566,27
Jul 13 2017 01: +0,0.565,35
Jul 14 2017 01: +0,0.558,41
Jul 15 2017 01: +0,0.521,25
Jul 16 2017 01: +0,0.515,26
Jul 17 2017 01: +0,0.497,45
Jul 18 2017 01: +0,0.516,48
Jul 19 2017 01: +0,0.542,35
Jul 20 2017 01: +0,0.484,34
Jul 21 2017 01: +0,0.481,22
Jul 22 2017 01: +0,0.483,51
Jul 23 2017 01: +0,0.447,73
Jul 24 2017 01: +0,0.409,28
Jul 25 2017 01: +0,0.427,39
Jul 26 2017 01: +0,0.46,26
Jul 27 2017 01: +0,0.487,17
Jul 28 2017 01: +0,0.487,33
Jul 29 2017 01: +0,0.526,36
Jul 30 2017 01: +0,0.505,26
Jul 31 2017 01: +0,0.496,20
Aug 01 2017 01: +0,0.538,21
Aug 02 2017 01: +0,0.562,24
Aug 03 2017 01: +0,0.564,33
Aug 04 2017 01: +0,0.569,23
Aug 05 2017 01: +0,0.558,25
Aug 06 2017 01: +0,0.543,24
Aug 07 2017 01: +0,0.555,23
Aug 08 2017 01: +0,0.561,27
Aug 09 2017 01: +0,0.535,22
Aug 10 2017 01: +0,0.54,19
Aug 11 2017 01: +0,0.567,21
Aug 12 2017 01: +0,0.562,19
Aug 13 2017 01: +0,0.563,28
Aug 14 2017 01: +0,0.539,23
Aug 15 2017 01: +0,0.522,20
Aug 16 2017 01: +0,0.552,32
Aug 17 2017 01: +0,0.548,11
Aug 18 2017 01: +0,0.523,15
Aug 19 2017 01: +0,0.523,19
Aug 20 2017 01: +0,0.512,26
Aug 21 2017 01: +0,0.536,24
Aug 22 2017 01: +0,0.558,14
Aug 23 2017 01: +0,0.561,18
Aug 24 2017 01: +0,0.569,18
Aug 25 2017 01: +0,0.554,72
Aug 26 2017 01: +0,0.559,26
Aug 27 2017 01: +0,0.547,22
Aug 28 2017 01: +0,0.556,28
Aug 29 2017 01: +0,0.567,29
Aug 30 2017 01: +0,0.563,24
Aug 31 2017 01: +0,0.549,21
Sep 01 2017 01: +0,0.554,37
Sep 02 2017 01: +0,0.562,35
Sep 03 2017 01: +0,0.516,25
Sep 04 2017 01: +0,0.536,43
Sep 05 2017 01: +0,0.575,28
Sep 06 2017 01: +0,0.591,39
Sep 07 2017 01: +0,0.613,26
Sep 08 2017 01: +0,0.615,16
Sep 09 2017 01: +0,0.615,24
Sep 10 2017 01: +0,0.614,17
Sep 11 2017 01: +0,0.582,17
Sep 12 2017 01: +0,0.604,19
Sep 13 2017 01: +0,0.592,20
Sep 14 2017 01: +0,0.593,26
Sep 15 2017 01: +0,0.612,16
Sep 16 2017 01: +0,0.607,23
Sep 17 2017 01: +0,0.613,35
Sep 18 2017 01: +0,0.594,21
Sep 19 2017 01: +0,0.588,19
Sep 20 2017 01: +0,0.604,23
Sep 21 2017 01: +0,0.601,21
Sep 22 2017 01: +0,0.58,44
Sep 23 2017 01: +0,0.6,35
Sep 24 2017 01: +0,0.608,26
Sep 25 2017 01: +0,0.621,29
Sep 26 2017 01: +0,0.594,18
Sep 27 2017 01: +0,0.612,34
Sep 28 2017 01: +0,0.561,21
Sep 29 2017 01: +0,0.576,24
Sep 30 2017 01: +0,0.606,36
Oct 01 2017 01: +0,0.602,26
Oct 02 2017 01: +0,0.605,24
Oct 03 2017 01: +0,0.563,17
Oct 04 2017 01: +0,0.56,16
Oct 05 2017 01: +0,0.584,26
Oct 06 2017 01: +0,0.572,26
Oct 07 2017 01: +0,0.581,19
Oct 08 2017 01: +0,0.577,23
Oct 09 2017 01: +0,0.525,22
Oct 10 2017 01: +0,0.536,24
Oct 11 2017 01: +0,0.57,15
Oct 12 2017 01: +0,0.595,18
Oct 13 2017 01: +0,0.595,24
Oct 14 2017 01: +0,0.594,14
Oct 15 2017 01: +0,0.563,20
Oct 16 2017 01: +0,0.59,24
Oct 17 2017 01: +0,0.583,12
Oct 18 2017 01: +0,0.59,16
Oct 19 2017 01: +0,0.592,15
Oct 20 2017 01: +0,0.593,17
Oct 21 2017 01: +0,0.592,28
Oct 22 2017 01: +0,0.541,25
Oct 23 2017 01: +0,0.534,17
Oct 24 2017 01: +0,0.574,12
Oct 25 2017 01: +0,0.582,17
Oct 26 2017 01: +0,0.568,12
Oct 27 2017 01: +0,0.558,23
Oct 28 2017 01: +0,0.575,26
Oct 29 2017 01: +0,0.552,24
Oct 30 2017 01: +0,0.554,17
Oct 31 2017 01: +0,0.534,19
Nov 01 2017 01: +0,0.544,18
Nov 02 2017 01: +0,0.561,17
Nov 03 2017 01: +0,0.55,20
Nov 04 2017 01: +0,0.53,24
Nov 05 2017 01: +0,0.479,26
Nov 06 2017 01: +0,0.483,26
Nov 07 2017 01: +0,0.516,26
Nov 08 2017 01: +0,0.525,22
Nov 09 2017 01: +0,0.562,15
Nov 10 2017 01: +0,0.566,10
Nov 11 2017 01: +0,0.553,16
Nov 12 2017 01: +0,0.51,23
Nov 13 2017 01: +0,0.516,8
Nov 14 2017 01: +0,0.522,25
Nov 15 2017 01: +0,0.531,11
Nov 16 2017 01: +0,0.538,26
Nov 17 2017 01: +0,0.543,21
Nov 18 2017 01: +0,0.562,15
Nov 19 2017 01: +0,0.577,15
Nov 20 2017 01: +0,0.546,34
Nov 21 2017 01: +0,0.578,21
Nov 22 2017 01: +0,0.578,10
Nov 23 2017 01: +0,0.545,11
Nov 24 2017 01: +0,0.493,18
Nov 25 2017 01: +0,0.528,22
Nov 26 2017 01: +0,0.563,16
Nov 27 2017 01: +0,0.535,16
Nov 28 2017 01: +0,0.488,10
Nov 29 2017 01: +0,0.515,22
Nov 30 2017 01: +0,0.564,11
Dec 01 2017 01: +0,0.583,13
Dec 02 2017 01: +0,0.556,17
Dec 03 2017 01: +0,0.558,19
Dec 04 2017 01: +0,0.582,14
Dec 05 2017 01: +0,0.577,8
Dec 06 2017 01: +0,0.575,19
Dec 07 2017 01: +0,0.577,24
Dec 08 2017 01: +0,0.581,13
Dec 09 2017 01: +0,0.59,9
Dec 10 2017 01: +0,0.569,19
Dec 11 2017 01: +0,0.59,14
Dec 12 2017 01: +0,0.595,11
Dec 13 2017 01: +0,0.563,22
Dec 14 2017 01: +0,0.581,15
Dec 15 2017 01: +0,0.556,11
Dec 16 2017 01: +0,0.585,15
Dec 17 2017 01: +0,0.572,18
Dec 18 2017 01: +0,0.489,12
Dec 19 2017 01: +0,0.501,17
Dec 20 2017 01: +0,0.501,15
Dec 21 2017 01: +0,0.531,16
Dec 22 2017 01: +0,0.534,21
Dec 23 2017 01: +0,0.576,11
Dec 24 2017 01: +0,0.561,31
Dec 25 2017 01: +0,0.57,28
Dec 26 2017 01: +0,0.558,14
Dec 27 2017 01: +0,0.562,18
Dec 28 2017 01: +0,0.518,18
Dec 29 2017 01: +0,0.505,15
Dec 30 2017 01: +0,0.553,24
Dec 31 2017 01: +0,0.526,8
Jan 01 2018 01: +0,0.554,16
Jan 02 2018 01: +0,0.559,18
Jan 03 2018 01: +0,0.507,20
Jan 04 2018 01: +0,0.48,13
Jan 05 2018 01: +0,0.501,20
Jan 06 2018 01: +0,0.57,15
Jan 07 2018 01: +0,0.567,15
Jan 08 2018 01: +0,0.575,18
Jan 09 2018 01: +0,0.564,12
Jan 10 2018 01: +0,0.551,15
Jan 11 2018 01: +0,0.521,16
Jan 12 2018 01: +0,0.488,28
Jan 13 2018 01: +0,0.525,27
Jan 14 2018 01: +0,0.567,24
Jan 15 2018 01: +0,0.55,20
Jan 16 2018 01: +0,0.569,25
Jan 17 2018 01: +0,0.548,18
Jan 18 2018 01: +0,0.554,20
Jan 19 2018 01: +0,0.535,16
Jan 20 2018 01: +0,0.521,20
Jan 21 2018 01: +0,0.54,28
Jan 22 2018 01: +0,0.538,29
Jan 23 2018 01: +0,0.511,22
Jan 24 2018 01: +0,0.552,24
Jan 25 2018 01: +0,0.56,10
Jan 26 2018 01: +0,0.523,15
Jan 27 2018 01: +0,0.519,22
Jan 28 2018 01: +0,0.507,92
Jan 29 2018 01: +0,0.427,27
Jan 30 2018 01: +0,0.455,18
Jan 31 2018 01: +0,0.467,20
Feb 01 2018 01: +0,0.485,17
Feb 02 2018 01: +0,0.494,15
Feb 03 2018 01: +0,0.51,26
Feb 04 2018 01: +0,0.539,12
Feb 05 2018 01: +0,0.535,7
Feb 06 2018 01: +0,0.533,11
Feb 07 2018 01: +0,0.528,11
Feb 08 2018 01: +0,0.542,18
Feb 09 2018 01: +0,0.544,11
Feb 10 2018 01: +0,0.552,10
Feb 11 2018 01: +0,0.552,13
Feb 12 2018 01: +0,0.568,12
Feb 13 2018 01: +0,0.533,10
Feb 14 2018 01: +0,0.551,11
Feb 15 2018 01: +0,0.547,12
Feb 16 2018 01: +0,0.557,23
Feb 17 2018 01: +0,0.534,19
Feb 18 2018 01: +0,0.55,19
Feb 19 2018 01: +0,0.543,14
Feb 20 2018 01: +0,0.499,45
Feb 21 2018 01: +0,0.493,33
Feb 22 2018 01: +0,0.492,13
Feb 23 2018 01: +0,0.512,14
Feb 24 2018 01: +0,0.504,20
Feb 25 2018 01: +0,0.525,16
Feb 26 2018 01: +0,0.509,19
Feb 27 2018 01: +0,0.536,24
Feb 28 2018 01: +0,0.555,25
Mar 01 2018 01: +0,0.529,15
Mar 02 2018 01: +0,0.538,27
Mar 03 2018 01: +0,0.518,22
Mar 04 2018 01: +0,0.546,19
Mar 05 2018 01: +0,0.532,10
Mar 06 2018 01: +0,0.541,11
Mar 07 2018 01: +0,0.544,21
Mar 08 2018 01: +0,0.532,13
Mar 09 2018 01: +0,0.549,12
Mar 10 2018 01: +0,0.523,22
Mar 11 2018 01: +0,0.483,26
Mar 12 2018 01: +0,0.555,6
Mar 13 2018 01: +0,0.538,14
Mar 14 2018 01: +0,0.553,12
Mar 15 2018 01: +0,0.556,12
Mar 16 2018 01: +0,0.564,14
Mar 17 2018 01: +0,0.54,8
Mar 18 2018 01: +0,0.549,14
Mar 19 2018 01: +0,0.561,12
Mar 20 2018 01: +0,0.533,8
Mar 21 2018 01: +0,0.555,12
Mar 22 2018 01: +0,0.57,9
Mar 23 2018 01: +0,0.577,12
Mar 24 2018 01: +0,0.572,11
Mar 25 2018 01: +0,0.563,16
Mar 26 2018 01: +0,0.566,11
Mar 27 2018 01: +0,0.556,9
Mar 28 2018 01: +0,0.563,16
Mar 29 2018 01: +0,0.559,12
Mar 30 2018 01: +0,0.468,10
Mar 31 2018 01: +0,0.553,15
Apr 01 2018 01: +0,0.534,9
Apr 02 2018 01: +0,0.527,16
Apr 03 2018 01: +0,0.554,14
Apr 04 2018 01: +0,0.558,11
Apr 05 2018 01: +0,0.526,12
Apr 06 2018 01: +0,0.536,16
Apr 07 2018 01: +0,0.527,24
Apr 08 2018 01: +0,0.518,15
Apr 09 2018 01: +0,0.52,14
Apr 10 2018 01: +0,0.512,15
Apr 11 2018 01: +0,0.501,10
Apr 12 2018 01: +0,0.507,3
Apr 13 2018 01: +0,0.517,8
Apr 14 2018 01: +0,0.523,13
Apr 15 2018 01: +0,0.502,13
Apr 16 2018 01: +0,0.524,22
Apr 17 2018 01: +0,0.497,5
Apr 18 2018 01: +0,0.524,8
Apr 19 2018 01: +0,0.536,12
Apr 20 2018 01: +0,0.544,7
Apr 21 2018 01: +0,0.542,9
Apr 22 2018 01: +0,0.562,10
Apr 23 2018 01: +0,0.553,9
Apr 24 2018 01: +0,0.556,11
Apr 25 2018 01: +0,0.525,8
Apr 26 2018 01: +0,0.531,13
Apr 27 2018 01: +0,0.543,9
Apr 28 2018 01: +0,0.518,12
Apr 29 2018 01: +0,0.545,31
Apr 30 2018 01: +0,0.54,15
May 01 2018 01: +0,0.544,18
May 02 2018 01: +0,0.537,11
May 03 2018 01: +0,0.534,22
May 04 2018 01: +0,0.576,9
May 05 2018 01: +0,0.545,12
May 06 2018 01: +0,0.531,14
May 07 2018 01: +0,0.551,14
May 08 2018 01: +0,0.52,22
May 09 2018 01: +0,0.509,5
May 10 2018 01: +0,0.519,12
May 11 2018 01: +0,0.537,17
May 12 2018 01: +0,0.522,10
May 13 2018 01: +0,0.534,13
May 14 2018 01: +0,0.482,6
May 15 2018 01: +0,0.522,9
May 16 2018 01: +0,0.506,8
May 17 2018 01: +0,0.537,11
May 18 2018 01: +0,0.529,9
May 19 2018 01: +0,0.506,8
May 20 2018 01: +0,0.503,9
May 21 2018 01: +0,0.492,6
May 22 2018 01: +0,0.493,6
May 23 2018 01: +0,0.537,10
May 24 2018 01: +0,0.524,7
May 25 2018 01: +0,0.537,15
May 26 2018 01: +0,0.528,12
May 27 2018 01: +0,0.518,10
May 28 2018 01: +0,0.5,8
May 29 2018 01: +0,0.512,8
May 30 2018 01: +0,0.513,9
May 31 2018 01: +0,0.513,7
Jun 01 2018 01: +0,0.495,7
Jun 02 2018 01: +0,0.509,20
Jun 03 2018 01: +0,0.468,18
Jun 04 2018 01: +0,0.482,12
Jun 05 2018 01: +0,0.527,7
Jun 06 2018 01: +0,0.501,8
Jun 07 2018 01: +0,0.512,6
Jun 08 2018 01: +0,0.53,8
Jun 09 2018 01: +0,0.531,8
Jun 10 2018 01: +0,0.533,16
Jun 11 2018 01: +0,0.503,8
Jun 12 2018 01: +0,0.534,8
Jun 13 2018 01: +0,0.471,5
Jun 14 2018 01: +0,0.489,11
Jun 15 2018 01: +0,0.487,17
Jun 16 2018 01: +0,0.528,7
Jun 17 2018 01: +0,0.501,9
Jun 18 2018 01: +0,0.473,6
Jun 19 2018 01: +0,0.499,5
Jun 20 2018 01: +0,0.494,12
Jun 21 2018 01: +0,0.497,5
Jun 22 2018 01: +0,0.465,12
Jun 23 2018 01: +0,0.493,9
Jun 24 2018 01: +0,0.479,12
Jun 25 2018 01: +0,0.469,11
Jun 26 2018 01: +0,0.489,4
Jun 27 2018 01: +0,0.462,5
Jun 28 2018 01: +0,0.458,9
Jun 29 2018 01: +0,0.436,10
Jun 30 2018 01: +0,0.437,5
Jul 01 2018 01: +0,0.48,4
Jul 02 2018 01: +0,0.456,5
Jul 03 2018 01: +0,0.454,8
Jul 04 2018 01: +0,0.49,10
Jul 05 2018 01: +0,0.473,15
Jul 06 2018 01: +0,0.527,10
Jul 07 2018 01: +0,0.533,8
Jul 08 2018 01: +0,0.512,5
Jul 09 2018 01: +0,0.534,8
Jul 10 2018 01: +0,0.524,10
Jul 11 2018 01: +0,0.526,9
Jul 12 2018 01: +0,0.438,132
Jul 13 2018 01: +0,0.53,15
Jul 14 2018 01: +0,0.483,173
Jul 15 2018 01: +0,0.483,8
Jul 16 2018 01: +0,0.523,11
Jul 17 2018 01: +0,0.537,11
Jul 18 2018 01: +0,0.534,7
Jul 19 2018 01: +0,0.533,11
Jul 20 2018 01: +0,0.517,15
Jul 21 2018 01: +0,0.482,11
Jul 22 2018 01: +0,0.478,13
Jul 23 2018 01: +0,0.458,6
Jul 24 2018 01: +0,0.433,8
Jul 25 2018 01: +0,0.457,13
Jul 26 2018 01: +0,0.413,26
Jul 27 2018 01: +0,0.38,25
Jul 28 2018 01: +0,0.377,25
Jul 29 2018 01: +0,0.377,21
Jul 30 2018 01: +0,0.378,25
Jul 31 2018 01: +0,0.375,41
Aug 01 2018 01: +0,0.413,57
Aug 02 2018 01: +0,0.373,66
Aug 03 2018 01: +0,0.376,24
Aug 04 2018 01: +0,0.395,18
Aug 05 2018 01: +0,0.46,10
Aug 06 2018 01: +0,0.387,24
Aug 07 2018 01: +0,0.375,16
Aug 08 2018 01: +0,0.373,14
Aug 09 2018 01: +0,0.373,16
Aug 10 2018 01: +0,0.364,54
Aug 11 2018 01: +0,0.383,19
Aug 12 2018 01: +0,0.376,45
Aug 13 2018 01: +0,0.382,21
Aug 14 2018 01: +0,0.382,31
Aug 15 2018 01: +0,0.383,25
Aug 16 2018 01: +0,0.411,25
Aug 17 2018 01: +0,0.446,6
Aug 18 2018 01: +0,0.413,24
Aug 19 2018 01: +0,0.404,30
Aug 20 2018 01: +0,0.379,21
Aug 21 2018 01: +0,0.378,35
Aug 22 2018 01: +0,0.363,26
Aug 23 2018 01: +0,0.407,19
Aug 24 2018 01: +0,0.457,14
Aug 25 2018 01: +0,0.448,10
Aug 26 2018 01: +0,0.461,13
Aug 27 2018 01: +0,0.468,10
Aug 28 2018 01: +0,0.464,16
Aug 29 2018 01: +0,0.409,30
Aug 30 2018 01: +0,0.37,25
Aug 31 2018 01: +0,0.362,26
Sep 01 2018 01: +0,0.375,32
Sep 02 2018 01: +0,0.378,12
Sep 03 2018 01: +0,0.391,16
Sep 04 2018 01: +0,0.417,18
Sep 05 2018 01: +0,0.363,19
Sep 06 2018 01: +0,0.374,11
Sep 07 2018 01: +0,0.377,22
Sep 08 2018 01: +0,0.378,25
Sep 09 2018 01: +0,0.37,38
Sep 10 2018 01: +0,0.366,15
Sep 11 2018 01: +0,0.377,27
Sep 12 2018 01: +0,0.383,26
Sep 13 2018 01: +0,0.421,10
Sep 14 2018 01: +0,0.444,21
Sep 15 2018 01: +0,0.458,22
Sep 16 2018 01: +0,0.464,35
Sep 17 2018 01: +0,0.469,29
Sep 18 2018 01: +0,0.439,2
Sep 19 2018 01: +0,0.465,14
Sep 20 2018 01: +0,0.47,8
Sep 21 2018 01: +0,0.474,17
Sep 22 2018 01: +0,0.474,18
Sep 23 2018 01: +0,0.448,6
Sep 24 2018 01: +0,0.443,10
Sep 25 2018 01: +0,0.433,6
Sep 26 2018 01: +0,0.447,8
Sep 27 2018 01: +0,0.464,6
Sep 28 2018 01: +0,0.455,12
Sep 29 2018 01: +0,0.472,18
Sep 30 2018 01: +0,0.469,13
Oct 01 2018 01: +0,0.454,7
Oct 02 2018 01: +0,0.469,7
Oct 03 2018 05: +0,0.477,1
Oct 03 2018 06: +0,0.48,1
Oct 03 2018 08: +0,0.476,2
Oct 03 2018 09: +0,0.488,4
Oct 03 2018 10: +0,0.49,1
Oct 03 2018 15: +0,0.487,1
Oct 03 2018 17: +0,0.383,6
Oct 03 2018 19: +0,0.369,2
Oct 03 2018 21: +0,0.369,4
Oct 03 2018 22: +0,0.367,1
Oct 03 2018 23: +0,0.357,1
Oct 04 2018 00: +0,0.36,1
Oct 04 2018 03: +0,0.36,1
Oct 04 2018 05: +0,0.368,3
Oct 04 2018 14: +0,0.359,2
Oct 04 2018 15: +0,0.364,2
Oct 04 2018 18: +0,0.376,3
Oct 04 2018 19: +0,0.376,2
Oct 04 2018 22: +0,0.369,1
Oct 05 2018 00: +0,0.38,1
Oct 05 2018 05: +0,0.381,1
Oct 05 2018 08: +0,0.369,5
Oct 05 2018 09: +0,0.38,1
Oct 05 2018 10: +0,0.383,2
Oct 05 2018 13: +0,0.383,2
Oct 05 2018 14: +0,0.383,2
Oct 05 2018 16: +0,0.383,1
Oct 05 2018 17: +0,0.383,1
Oct 05 2018 18: +0,0.383,1
Oct 05 2018 19: +0,0.377,4
Oct 05 2018 20: +0,0.306,2
Oct 06 2018 00: +0,0.32,3
Oct 06 2018 02: +0,0.32,1
Oct 06 2018 03: +0,0.369,3
Oct 06 2018 04: +0,0.378,1
Oct 06 2018 05: +0,0.366,1
Oct 06 2018 09: +0,0.369,1
Oct 06 2018 10: +0,0.37,1
Oct 06 2018 11: +0,0.375,3
Oct 06 2018 12: +0,0.376,2
Oct 06 2018 14: +0,0.374,2
Oct 06 2018 16: +0,0.369,4
Oct 06 2018 21: +0,0.38,1
Oct 06 2018 22: +0,0.382,2
Oct 07 2018 09: +0,0.35,1
Oct 07 2018 11: +0,0.369,2
Oct 07 2018 12: +0,0.369,1
Oct 07 2018 16: +0,0.38,1
Oct 07 2018 18: +0,0.382,1
Oct 07 2018 22: +0,0.383,1
Oct 08 2018 07: +0,0.379,1
Oct 08 2018 09: +0,0.381,4
Oct 08 2018 10: +0,0.383,1
Oct 08 2018 11: +0,0.369,1
Oct 08 2018 12: +0,0.383,3
Oct 08 2018 13: +0,0.383,1
Oct 08 2018 14: +0,0.383,2
Oct 08 2018 16: +0,0.383,2
Oct 08 2018 17: +0,0.381,8
Oct 08 2018 18: +0,0.38,2
Oct 08 2018 19: +0,0.369,1
Oct 08 2018 20: +0,0.383,1
Oct 08 2018 21: +0,0.369,1
Oct 08 2018 22: +0,0.381,1
Oct 08 2018 23: +0,0.381,2
Oct 09 2018 15: +0,0.369,7
Oct 09 2018 17: +0,0.369,1
Oct 09 2018 18: +0,0.38,1
Oct 09 2018 19: +0,0.384,1
Oct 09 2018 20: +0,0.392,1
Oct 10 2018 01: +0,0.35,1
Oct 10 2018 05: +0,0.382,2
Oct 10 2018 06: +0,0.387,1
Oct 10 2018 14: +0,0.387,1
Oct 10 2018 15: +0,0.38,1
Oct 10 2018 18: +0,0.387,6
Oct 10 2018 20: +0,0.4,1
Oct 10 2018 21: +0,0.422,1
Oct 11 2018 01: +0,0.446,1
Oct 11 2018 07: +0,0.46,4
Oct 11 2018 09: +0,0.486,1
Oct 11 2018 11: +0,0.486,1
Oct 11 2018 18: +0,0.478,3
Oct 11 2018 20: +0,0.472,1
Oct 12 2018 05: +0,0.481,1
Oct 12 2018 08: +0,0.482,1
Oct 12 2018 12: +0,0.485,1
Oct 12 2018 13: +0,0.487,1
Oct 12 2018 16: +0,0.462,3
Oct 12 2018 17: +0,0.474,1
Oct 12 2018 18: +0,0.355,2
Oct 12 2018 20: +0,0.425,1
Oct 12 2018 22: +0,0.473,1
Oct 13 2018 06: +0,0.457,1
Oct 13 2018 09: +0,0.359,1
Oct 13 2018 10: +0,0.38,1
Oct 13 2018 12: +0,0.471,1
Oct 13 2018 16: +0,0.471,1
Oct 13 2018 17: +0,0.473,2
Oct 13 2018 18: +0,0.473,1
Oct 13 2018 22: +0,0.475,2
Oct 14 2018 05: +0,0.475,1
Oct 14 2018 10: +0,0.461,3
Oct 14 2018 11: +0,0.475,2
Oct 14 2018 12: +0,0.36,1
Oct 14 2018 13: +0,0.33,2
Oct 14 2018 15: +0,0.427,1
Oct 14 2018 20: +0,0.422,1
Oct 15 2018 10: +0,0.448,1
Oct 15 2018 13: +0,0.478,1
Oct 15 2018 16: +0,0.486,4
Oct 15 2018 18: +0,0.473,4
Oct 15 2018 21: +0,0.486,4
Oct 16 2018 10: +0,0.463,1
Oct 16 2018 15: +0,0.479,1
Oct 16 2018 16: +0,0.383,49
Oct 16 2018 17: +0,0.383,1
Oct 16 2018 21: +0,0.36,1
Oct 17 2018 01: +0,0.382,1
Oct 17 2018 03: +0,0.38,1
Oct 17 2018 08: +0,0.382,1
Oct 17 2018 12: +0,0.383,1
Oct 17 2018 14: +0,0.382,2
Oct 17 2018 15: +0,0.376,4
Oct 17 2018 17: +0,0.382,1
Oct 17 2018 18: +0,0.371,1
Oct 17 2018 19: +0,0.382,4
Oct 17 2018 21: +0,0.36,2
Oct 18 2018 04: +0,0.38,1
Oct 18 2018 08: +0,0.382,10
Oct 18 2018 09: +0,0.352,1
Oct 18 2018 10: +0,0.382,4
Oct 18 2018 12: +0,0.383,3
Oct 18 2018 16: +0,0.384,2
Oct 18 2018 17: +0,0.383,2
Oct 18 2018 18: +0,0.369,1
Oct 18 2018 19: +0,0.383,1
Oct 18 2018 20: +0,0.369,2
Oct 18 2018 21: +0,0.376,2
Oct 18 2018 23: +0,0.368,1
Oct 19 2018 02: +0,0.345,1
Oct 19 2018 03: +0,0.368,1
Oct 19 2018 10: +0,0.382,1
Oct 19 2018 13: +0,0.382,3
Oct 19 2018 16: +0,0.378,1
Oct 19 2018 18: +0,0.373,2
Oct 19 2018 19: +0,0.368,3
Oct 19 2018 21: +0,0.374,1
Oct 20 2018 00: +0,0.367,1
Oct 20 2018 01: +0,0.37,1
Oct 20 2018 05: +0,0.37,1
Oct 20 2018 09: +0,0.375,2
Oct 20 2018 10: +0,0.376,5
Oct 20 2018 11: +0,0.333,2
Oct 20 2018 12: +0,0.377,2
Oct 20 2018 13: +0,0.376,1
Oct 20 2018 14: +0,0.376,2
Oct 20 2018 15: +0,0.372,2
Oct 20 2018 16: +0,0.367,1
Oct 20 2018 17: +0,0.378,1
Oct 20 2018 19: +0,0.372,4
Oct 20 2018 21: +0,0.37,1
Oct 21 2018 01: +0,0.369,1
Oct 21 2018 05: +0,0.378,4
Oct 21 2018 11: +0,0.371,1
Oct 21 2018 12: +0,0.38,1
Oct 21 2018 13: +0,0.345,1
Oct 21 2018 15: +0,0.361,4
Oct 21 2018 19: +0,0.367,2
Oct 21 2018 22: +0,0.378,1
Oct 22 2018 02: +0,0.3,1
Oct 22 2018 04: +0,0.38,4
Oct 22 2018 08: +0,0.381,4
Oct 22 2018 10: +0,0.378,1
Oct 22 2018 12: +0,0.379,1
Oct 22 2018 15: +0,0.367,1
Oct 22 2018 16: +0,0.367,1
Oct 22 2018 17: +0,0.379,1
Oct 22 2018 18: +0,0.38,1
Oct 22 2018 19: +0,0.367,1
Oct 22 2018 21: +0,0.38,1
Oct 22 2018 22: +0,0.376,1
Oct 22 2018 23: +0,0.343,1
Oct 23 2018 03: +0,0.377,1
Oct 23 2018 07: +0,0.37,3
Oct 23 2018 08: +0,0.374,2
Oct 23 2018 12: +0,0.378,1
Oct 23 2018 13: +0,0.367,2
Oct 23 2018 14: +0,0.378,2
Oct 23 2018 17: +0,0.38,2
Oct 23 2018 18: +0,0.382,4
Oct 23 2018 20: +0,0.382,3
Oct 23 2018 21: +0,0.31,1
Oct 24 2018 08: +0,0.381,1
Oct 24 2018 09: +0,0.382,3
Oct 24 2018 14: +0,0.381,1
Oct 24 2018 15: +0,0.377,2
Oct 24 2018 17: +0,0.382,1
Oct 24 2018 20: +0,0.334,2
Oct 24 2018 22: +0,0.29,1
Oct 25 2018 00: +0,0.32,1
Oct 25 2018 01: +0,0.378,1
Oct 25 2018 02: +0,0.38,1
Oct 25 2018 03: +0,0.38,4
Oct 25 2018 05: +0,0.38,1
Oct 25 2018 07: +0,0.38,1
Oct 25 2018 09: +0,0.365,1
Oct 25 2018 11: +0,0.38,1
Oct 25 2018 12: +0,0.335,2
Oct 25 2018 14: +0,0.367,1
Oct 25 2018 17: +0,0.387,2
Oct 25 2018 18: +0,0.387,2
Oct 25 2018 20: +0,0.383,2
Oct 26 2018 10: +0,0.379,1
Oct 26 2018 14: +0,0.341,1
Oct 26 2018 15: +0,0.381,1
Oct 26 2018 16: +0,0.381,1
Oct 26 2018 18: +0,0.381,1
Oct 26 2018 19: +0,0.381,1
Oct 26 2018 23: +0,0.381,1
Oct 27 2018 09: +0,0.386,1
Oct 27 2018 14: +0,0.383,1
Oct 27 2018 19: +0,0.384,2
Oct 27 2018 21: +0,0.383,1
Oct 28 2018 00: +0,0.382,1
Oct 28 2018 02: +0,0.382,4
Oct 28 2018 06: +0,0.382,1
Oct 28 2018 15: +0,0.386,4
Oct 28 2018 16: +0,0.382,1
Oct 28 2018 18: +0,0.38,1
Oct 28 2018 20: +0,0.386,4
Oct 28 2018 22: +0,0.382,1
Oct 29 2018 01: +0,0.386,2
Oct 29 2018 05: +0,0.382,1
Oct 29 2018 07: +0,0.382,1
Oct 29 2018 08: +0,0.382,3
Oct 29 2018 10: +0,0.383,3
Oct 29 2018 12: +0,0.382,1
Oct 29 2018 14: +0,0.383,1
Oct 29 2018 18: +0,0.386,6
Oct 29 2018 19: +0,0.386,1
Oct 30 2018 08: +0,0.38,1
Oct 30 2018 13: +0,0.375,1
Oct 30 2018 16: +0,0.382,1
Oct 30 2018 18: +0,0.382,2
Oct 30 2018 20: +0,0.32,1
Oct 31 2018 03: +0,0.381,2
Oct 31 2018 08: +0,0.379,2
Oct 31 2018 10: +0,0.381,1
Oct 31 2018 11: +0,0.386,1
Oct 31 2018 12: +0,0.382,1
Oct 31 2018 13: +0,0.382,1
Oct 31 2018 14: +0,0.38,1
Oct 31 2018 15: +0,0.382,1
Oct 31 2018 22: +0,0.356,2
Nov 01 2018 01: +0,0.374,2
Nov 01 2018 09: +0,0.375,2
Nov 01 2018 10: +0,0.382,1
Nov 01 2018 11: +0,0.382,1
Nov 01 2018 15: +0,0.379,2
Nov 01 2018 17: +0,0.382,1
Nov 01 2018 18: +0,0.38,1
Nov 02 2018 01: +0,0.383,1
Nov 02 2018 06: +0,0.383,1
Nov 02 2018 09: +0,0.382,1
Nov 02 2018 10: +0,0.38,1
Nov 02 2018 12: +0,0.383,3
Nov 02 2018 15: +0,0.363,1
Nov 02 2018 16: +0,0.364,1
Nov 02 2018 17: +0,0.383,1
Nov 02 2018 18: +0,0.385,2
Nov 02 2018 21: +0,0.388,1
