Oct 21 2015 01: +0,1.162,297
Oct 22 2015 01: +0,1.128,161
Oct 23 2015 01: +0,1.131,163
Oct 24 2015 01: +0,1.105,155
Oct 25 2015 01: +0,1.125,117
Oct 26 2015 01: +0,1.108,110
Oct 27 2015 01: +0,1.119,112
Oct 28 2015 01: +0,1.127,255
Oct 29 2015 01: +0,1.003,300
Oct 30 2015 01: +0,0.807,621
Oct 31 2015 01: +0,0.374,2716
Nov 01 2015 01: +0,0.283,9267
Nov 02 2015 01: +0,0.281,2506
Nov 03 2015 01: +0,0.27,2083
Nov 04 2015 01: +0,0.253,1939
Nov 05 2015 01: +0,0.241,1594
Nov 06 2015 01: +0,0.236,1680
Nov 07 2015 01: +0,0.233,2267
Nov 08 2015 01: +0,0.227,2351
Nov 09 2015 01: +0,0.217,1399
Nov 10 2015 01: +0,0.224,1251
Nov 11 2015 01: +0,0.225,1264
Nov 12 2015 01: +0,0.237,1004
Nov 13 2015 01: +0,0.24,1283
Nov 14 2015 01: +0,0.245,1218
Nov 15 2015 01: +0,0.255,1121
Nov 16 2015 01: +0,0.251,841
Nov 17 2015 01: +0,0.242,817
Nov 18 2015 01: +0,0.253,906
Nov 19 2015 01: +0,0.247,880
Nov 20 2015 01: +0,0.253,917
Nov 21 2015 01: +0,0.259,957
Nov 22 2015 01: +0,0.251,796
Nov 23 2015 01: +0,0.248,623
Nov 24 2015 01: +0,0.256,916
Nov 25 2015 01: +0,0.245,976
Nov 26 2015 01: +0,0.234,697
Nov 27 2015 01: +0,0.223,1024
Nov 28 2015 01: +0,0.244,794
Nov 29 2015 01: +0,0.244,818
Nov 30 2015 01: +0,0.226,736
Dec 01 2015 01: +0,0.23,585
Dec 02 2015 01: +0,0.238,588
Dec 03 2015 01: +0,0.252,589
Dec 04 2015 01: +0,0.258,764
Dec 05 2015 01: +0,0.266,893
Dec 06 2015 01: +0,0.267,813
Dec 07 2015 01: +0,0.262,857
Dec 08 2015 01: +0,0.263,736
Dec 09 2015 01: +0,0.27,834
Dec 10 2015 01: +0,0.297,745
Dec 11 2015 01: +0,0.318,585
Dec 12 2015 01: +0,0.333,900
Dec 13 2015 01: +0,0.345,840
Dec 14 2015 01: +0,0.337,685
Dec 15 2015 01: +0,0.331,972
Dec 16 2015 01: +0,0.354,842
Dec 17 2015 01: +0,0.365,518
Dec 18 2015 01: +0,0.383,456
Dec 19 2015 01: +0,0.404,525
Dec 20 2015 01: +0,0.407,403
Dec 21 2015 01: +0,0.388,404
Dec 22 2015 01: +0,0.392,477
Dec 23 2015 01: +0,0.346,420
Dec 24 2015 01: +0,0.369,360
Dec 25 2015 01: +0,0.391,417
Dec 26 2015 01: +0,0.387,500
Dec 27 2015 01: +0,0.385,550
Dec 28 2015 01: +0,0.396,540
Dec 29 2015 01: +0,0.398,658
Dec 30 2015 01: +0,0.418,634
Dec 31 2015 01: +0,0.436,375
Jan 01 2016 01: +0,0.446,621
Jan 02 2016 01: +0,0.444,719
Jan 03 2016 01: +0,0.45,609
Jan 04 2016 01: +0,0.464,618
Jan 05 2016 01: +0,0.463,627
Jan 06 2016 01: +0,0.489,1517
Jan 07 2016 01: +0,0.901,4315
Jan 08 2016 01: +0,0.993,691
Jan 09 2016 01: +0,0.961,583
Jan 10 2016 01: +0,0.948,459
Jan 11 2016 01: +0,0.944,288
Jan 12 2016 01: +0,0.905,354
Jan 13 2016 01: +0,1.258,5350
Jan 14 2016 01: +0,4.275,9151
Jan 15 2016 01: +0,5.002,2250
Jan 16 2016 01: +0,3.456,1109
Jan 17 2016 01: +0,3.457,654
Jan 18 2016 01: +0,2.672,638
Jan 19 2016 01: +0,2.358,608
Jan 20 2016 01: +0,2.5,398
Jan 21 2016 01: +0,2.283,398
Jan 22 2016 01: +0,2.133,398
Jan 23 2016 01: +0,2.089,406
Jan 24 2016 01: +0,1.804,414
Jan 25 2016 01: +0,1.919,339
Jan 26 2016 01: +0,2.015,209
Jan 27 2016 01: +0,1.917,220
Jan 28 2016 01: +0,1.715,273
Jan 29 2016 01: +0,1.559,271
Jan 30 2016 01: +0,1.389,341
Jan 31 2016 01: +0,1.291,278
Feb 01 2016 01: +0,1.521,380
Feb 02 2016 01: +0,1.78,154
Feb 03 2016 01: +0,1.831,199
Feb 04 2016 01: +0,1.625,227
Feb 05 2016 01: +0,1.746,290
Feb 06 2016 01: +0,1.608,333
Feb 07 2016 01: +0,1.424,282
Feb 08 2016 01: +0,1.354,259
Feb 09 2016 01: +0,1.291,247
Feb 10 2016 01: +0,1.249,229
Feb 11 2016 01: +0,1.277,230
Feb 12 2016 01: +0,1.262,285
Feb 13 2016 01: +0,1.367,172
Feb 14 2016 01: +0,1.383,199
Feb 15 2016 01: +0,1.393,206
Feb 16 2016 01: +0,1.405,175
Feb 17 2016 01: +0,1.37,168
Feb 18 2016 01: +0,1.173,864
Feb 19 2016 01: +0,1.171,426
Feb 20 2016 01: +0,1.179,367
Feb 21 2016 01: +0,1.223,268
Feb 22 2016 01: +0,1.177,343
Feb 23 2016 01: +0,1.142,202
Feb 24 2016 01: +0,1.121,168
Feb 25 2016 01: +0,1.106,255
Feb 26 2016 01: +0,1.056,287
Feb 27 2016 01: +0,1.113,353
Feb 28 2016 01: +0,1.178,263
Feb 29 2016 01: +0,1.471,321
Mar 01 2016 01: +0,1.504,220
Mar 02 2016 01: +0,1.238,167
Mar 03 2016 01: +0,1.11,203
Mar 04 2016 01: +0,1.088,247
Mar 05 2016 01: +0,1.245,311
Mar 06 2016 01: +0,1.209,199
Mar 07 2016 01: +0,1.215,297
Mar 08 2016 01: +0,1.221,197
Mar 09 2016 01: +0,1.2,182
Mar 10 2016 01: +0,1.203,213
Mar 11 2016 01: +0,1.147,165
Mar 12 2016 01: +0,1.158,126
Mar 13 2016 01: +0,1.08,173
Mar 14 2016 01: +0,1.206,235
Mar 15 2016 01: +0,1.488,244
Mar 16 2016 01: +0,1.614,120
Mar 17 2016 01: +0,1.519,135
Mar 18 2016 01: +0,1.213,248
Mar 19 2016 01: +0,1.078,136
Mar 20 2016 01: +0,1.063,162
Mar 21 2016 01: +0,1.086,165
Mar 22 2016 01: +0,1.075,105
Mar 23 2016 01: +0,1.141,108
Mar 24 2016 01: +0,1.116,113
Mar 25 2016 01: +0,1.062,183
Mar 26 2016 01: +0,1.142,179
Mar 27 2016 01: +0,1.107,203
Mar 28 2016 01: +0,1.051,134
Mar 29 2016 01: +0,0.998,122
Mar 30 2016 01: +0,0.97,156
Mar 31 2016 01: +0,0.973,159
Apr 01 2016 01: +0,0.954,132
Apr 02 2016 01: +0,0.88,156
Apr 03 2016 01: +0,0.806,508
Apr 04 2016 01: +0,0.875,137
Apr 05 2016 01: +0,0.849,164
Apr 06 2016 01: +0,0.89,198
Apr 07 2016 01: +0,0.859,128
Apr 08 2016 01: +0,0.89,156
Apr 09 2016 01: +0,0.93,137
Apr 10 2016 01: +0,0.907,114
Apr 11 2016 01: +0,0.876,110
Apr 12 2016 01: +0,0.84,144
Apr 13 2016 01: +0,0.819,84
Apr 14 2016 01: +0,0.836,144
Apr 15 2016 01: +0,0.739,151
Apr 16 2016 01: +0,0.748,124
Apr 17 2016 01: +0,0.755,121
Apr 18 2016 01: +0,0.766,95
Apr 19 2016 01: +0,0.761,106
Apr 20 2016 01: +0,0.783,86
Apr 21 2016 01: +0,0.776,88
Apr 22 2016 01: +0,0.786,84
Apr 23 2016 01: +0,0.778,97
Apr 24 2016 01: +0,0.713,149
Apr 25 2016 01: +0,0.674,114
Apr 26 2016 01: +0,0.676,99
Apr 27 2016 01: +0,0.688,81
Apr 28 2016 01: +0,0.702,105
Apr 29 2016 01: +0,0.718,100
Apr 30 2016 01: +0,0.695,117
May 01 2016 01: +0,0.699,116
May 02 2016 01: +0,0.742,122
May 03 2016 01: +0,0.746,127
May 04 2016 01: +0,0.804,96
May 05 2016 01: +0,0.734,89
May 06 2016 01: +0,0.719,100
May 07 2016 01: +0,0.736,118
May 08 2016 01: +0,0.72,103
May 09 2016 01: +0,0.702,104
May 10 2016 01: +0,0.722,95
May 11 2016 01: +0,0.699,102
May 12 2016 01: +0,0.672,104
May 13 2016 01: +0,0.66,121
May 14 2016 01: +0,0.649,162
May 15 2016 01: +0,0.654,131
May 16 2016 01: +0,0.634,162
May 17 2016 01: +0,0.627,116
May 18 2016 01: +0,0.621,121
May 19 2016 01: +0,0.621,88
May 20 2016 01: +0,0.667,139
May 21 2016 01: +0,0.696,157
May 22 2016 01: +0,0.696,105
May 23 2016 01: +0,0.699,110
May 24 2016 01: +0,0.713,99
May 25 2016 01: +0,0.733,102
May 26 2016 01: +0,0.775,154
May 27 2016 01: +0,0.927,105
May 28 2016 01: +0,0.927,145
May 29 2016 01: +0,0.877,103
May 30 2016 01: +0,0.91,82
May 31 2016 01: +0,0.865,79
Jun 01 2016 01: +0,0.987,125
Jun 02 2016 01: +0,0.983,81
Jun 03 2016 01: +0,0.959,131
Jun 04 2016 01: +0,0.903,77
Jun 05 2016 01: +0,0.797,101
Jun 06 2016 01: +0,0.803,122
Jun 07 2016 01: +0,0.776,104
Jun 08 2016 01: +0,0.756,102
Jun 09 2016 01: +0,0.798,81
Jun 10 2016 01: +0,0.849,80
Jun 11 2016 01: +0,0.913,73
Jun 12 2016 01: +0,0.848,77
Jun 13 2016 01: +0,0.797,92
Jun 14 2016 01: +0,0.826,86
Jun 15 2016 01: +0,0.804,53
Jun 16 2016 01: +0,0.765,83
Jun 17 2016 01: +0,0.812,91
Jun 18 2016 01: +0,0.8,112
Jun 19 2016 01: +0,0.78,154
Jun 20 2016 01: +0,0.68,115
Jun 21 2016 01: +0,0.722,88
Jun 22 2016 01: +0,0.784,95
Jun 23 2016 01: +0,0.706,92
Jun 24 2016 01: +0,0.67,85
Jun 25 2016 01: +0,0.63,133
Jun 26 2016 01: +0,0.599,126
Jun 27 2016 01: +0,0.619,77
Jun 28 2016 01: +0,0.608,92
Jun 29 2016 01: +0,0.614,82
Jun 30 2016 01: +0,0.606,103
Jul 01 2016 01: +0,0.632,92
Jul 02 2016 01: +0,0.597,87
Jul 03 2016 01: +0,0.609,108
Jul 04 2016 01: +0,0.601,93
Jul 05 2016 01: +0,0.665,62
Jul 06 2016 01: +0,0.681,95
Jul 07 2016 01: +0,0.684,81
Jul 08 2016 01: +0,0.713,80
Jul 09 2016 01: +0,0.671,77
Jul 10 2016 01: +0,0.616,171
Jul 11 2016 01: +0,0.59,72
Jul 12 2016 01: +0,0.636,72
Jul 13 2016 01: +0,0.603,46
Jul 14 2016 01: +0,0.593,90
Jul 15 2016 01: +0,0.732,127
Jul 16 2016 01: +0,0.775,30
Jul 17 2016 01: +0,0.732,56
Jul 18 2016 01: +0,0.7,73
Jul 19 2016 01: +0,0.675,51
Jul 20 2016 01: +0,0.672,53
Jul 21 2016 01: +0,0.74,58
Jul 22 2016 01: +0,0.759,44
Jul 23 2016 01: +0,0.731,36
Jul 24 2016 01: +0,0.672,50
Jul 25 2016 01: +0,0.723,70
Jul 26 2016 01: +0,0.764,131
Jul 27 2016 01: +0,0.738,40
Jul 28 2016 01: +0,0.806,52
Jul 29 2016 01: +0,0.7,43
Jul 30 2016 01: +0,0.715,71
Jul 31 2016 01: +0,0.746,50
Aug 01 2016 01: +0,0.724,87
Aug 02 2016 01: +0,0.959,64
Aug 03 2016 01: +0,0.758,56
Aug 04 2016 01: +0,0.795,56
Aug 05 2016 01: +0,0.753,66
Aug 06 2016 01: +0,0.825,43
Aug 07 2016 01: +0,0.787,38
Aug 08 2016 01: +0,0.74,45
Aug 09 2016 01: +0,0.793,70
Aug 10 2016 01: +0,0.84,117
Aug 11 2016 01: +0,0.742,44
Aug 12 2016 01: +0,0.733,59
Aug 13 2016 01: +0,0.744,44
Aug 14 2016 01: +0,0.74,31
Aug 15 2016 01: +0,0.732,65
Aug 16 2016 01: +0,0.729,58
Aug 17 2016 01: +0,0.75,30
Aug 18 2016 01: +0,0.8,41
Aug 19 2016 01: +0,0.801,38
Aug 20 2016 01: +0,0.782,44
Aug 21 2016 01: +0,0.726,49
Aug 22 2016 01: +0,0.696,61
Aug 23 2016 01: +0,0.619,99
Aug 24 2016 01: +0,0.636,31
Aug 25 2016 01: +0,0.648,53
Aug 26 2016 01: +0,0.631,63
Aug 27 2016 01: +0,0.707,48
Aug 28 2016 01: +0,0.689,46
Aug 29 2016 01: +0,0.688,47
Aug 30 2016 01: +0,0.707,66
Aug 31 2016 01: +0,0.675,70
Sep 01 2016 01: +0,0.709,42
Sep 02 2016 01: +0,0.701,53
Sep 03 2016 01: +0,0.688,53
Sep 04 2016 01: +0,0.694,54
Sep 05 2016 01: +0,0.682,49
Sep 06 2016 01: +0,0.681,60
Sep 07 2016 01: +0,0.67,91
Sep 08 2016 01: +0,0.701,51
Sep 09 2016 01: +0,0.686,74
Sep 10 2016 01: +0,0.686,53
Sep 11 2016 01: +0,0.692,65
Sep 12 2016 01: +0,0.71,55
Sep 13 2016 01: +0,0.716,50
Sep 14 2016 01: +0,0.723,33
Sep 15 2016 01: +0,0.7,138
Sep 16 2016 01: +0,0.709,56
Sep 17 2016 01: +0,0.749,76
Sep 18 2016 01: +0,0.738,55
Sep 19 2016 01: +0,0.7,52
Sep 20 2016 01: +0,0.716,32
Sep 21 2016 01: +0,0.735,37
Sep 22 2016 01: +0,0.704,51
Sep 23 2016 01: +0,0.664,55
Sep 24 2016 01: +0,0.701,59
Sep 25 2016 01: +0,0.711,37
Sep 26 2016 01: +0,0.667,43
Sep 27 2016 01: +0,0.778,63
Sep 28 2016 01: +0,0.792,34
Sep 29 2016 01: +0,0.796,40
Sep 30 2016 01: +0,0.724,28
Oct 01 2016 01: +0,0.698,63
Oct 02 2016 01: +0,0.66,73
Oct 03 2016 01: +0,0.642,45
Oct 04 2016 01: +0,0.65,43
Oct 05 2016 01: +0,0.65,36
Oct 06 2016 01: +0,0.611,42
Oct 07 2016 01: +0,0.585,83
Oct 08 2016 01: +0,0.596,78
Oct 09 2016 01: +0,0.609,68
Oct 10 2016 01: +0,0.625,37
Oct 11 2016 01: +0,0.595,27
Oct 12 2016 01: +0,0.537,48
Oct 13 2016 01: +0,0.571,48
Oct 14 2016 01: +0,0.568,52
Oct 15 2016 01: +0,0.548,58
Oct 16 2016 01: +0,0.574,41
Oct 17 2016 01: +0,0.598,32
Oct 18 2016 01: +0,0.548,69
Oct 19 2016 01: +0,0.559,40
Oct 20 2016 01: +0,0.559,61
Oct 21 2016 01: +0,0.554,55
Oct 22 2016 01: +0,0.563,62
Oct 23 2016 01: +0,0.56,107
Oct 24 2016 01: +0,0.553,74
Oct 25 2016 01: +0,0.532,42
Oct 26 2016 01: +0,0.522,51
Oct 27 2016 01: +0,0.528,48
Oct 28 2016 01: +0,0.548,57
Oct 29 2016 01: +0,0.526,43
Oct 30 2016 01: +0,0.54,42
Oct 31 2016 01: +0,0.503,30
Nov 01 2016 01: +0,0.47,48
Nov 02 2016 01: +0,0.5,48
Nov 03 2016 01: +0,0.513,30
Nov 04 2016 01: +0,0.531,64
Nov 05 2016 01: +0,0.486,62
Nov 06 2016 01: +0,0.512,72
Nov 07 2016 01: +0,0.514,46
Nov 08 2016 01: +0,0.505,41
Nov 09 2016 01: +0,0.508,41
Nov 10 2016 01: +0,0.545,44
Nov 11 2016 01: +0,0.541,56
Nov 12 2016 01: +0,0.54,70
Nov 13 2016 01: +0,0.533,58
Nov 14 2016 01: +0,0.533,39
Nov 15 2016 01: +0,0.529,40
Nov 16 2016 01: +0,0.53,47
Nov 17 2016 01: +0,0.521,42
Nov 18 2016 01: +0,0.501,41
Nov 19 2016 01: +0,0.51,49
Nov 20 2016 01: +0,0.501,65
Nov 21 2016 01: +0,0.491,29
Nov 22 2016 01: +0,0.513,58
Nov 23 2016 01: +0,0.51,48
Nov 24 2016 01: +0,0.48,50
Nov 25 2016 01: +0,0.479,62
Nov 26 2016 01: +0,0.484,55
Nov 27 2016 01: +0,0.481,69
Nov 28 2016 01: +0,0.477,57
Nov 29 2016 01: +0,0.484,46
Nov 30 2016 01: +0,0.485,33
Dec 01 2016 01: +0,0.513,43
Dec 02 2016 01: +0,0.518,37
Dec 03 2016 01: +0,0.522,67
Dec 04 2016 01: +0,0.514,80
Dec 05 2016 01: +0,0.529,42
Dec 06 2016 01: +0,0.514,34
Dec 07 2016 01: +0,0.516,45
Dec 08 2016 01: +0,0.499,61
Dec 09 2016 01: +0,0.526,52
Dec 10 2016 01: +0,0.53,75
Dec 11 2016 01: +0,0.564,68
Dec 12 2016 01: +0,0.58,53
Dec 13 2016 01: +0,0.566,56
Dec 14 2016 01: +0,0.555,36
Dec 15 2016 01: +0,0.512,64
Dec 16 2016 01: +0,0.532,53
Dec 17 2016 01: +0,0.543,43
Dec 18 2016 01: +0,0.566,55
Dec 19 2016 01: +0,0.531,28
Dec 20 2016 01: +0,0.531,54
Dec 21 2016 01: +0,0.532,50
Dec 22 2016 01: +0,0.505,46
Dec 23 2016 01: +0,0.515,40
Dec 24 2016 01: +0,0.518,68
Dec 25 2016 01: +0,0.488,165
Dec 26 2016 01: +0,0.433,196
Dec 27 2016 01: +0,0.419,249
Dec 28 2016 01: +0,0.444,116
Dec 29 2016 01: +0,0.446,149
Dec 30 2016 01: +0,0.435,92
Dec 31 2016 01: +0,0.436,125
Jan 01 2017 01: +0,0.424,136
Jan 02 2017 01: +0,0.423,124
Jan 03 2017 01: +0,0.427,201
Jan 04 2017 01: +0,0.446,92
Jan 05 2017 01: +0,0.453,60
Jan 06 2017 01: +0,0.438,92
Jan 07 2017 01: +0,0.439,146
Jan 08 2017 01: +0,0.442,184
Jan 09 2017 01: +0,0.452,127
Jan 10 2017 01: +0,0.441,115
Jan 11 2017 01: +0,0.424,102
Jan 12 2017 01: +0,0.423,137
Jan 13 2017 01: +0,0.425,92
Jan 14 2017 01: +0,0.445,66
Jan 15 2017 01: +0,0.45,91
Jan 16 2017 01: +0,0.479,51
Jan 17 2017 01: +0,0.451,111
Jan 18 2017 01: +0,0.45,56
Jan 19 2017 01: +0,0.439,57
Jan 20 2017 01: +0,0.453,74
Jan 21 2017 01: +0,0.44,82
Jan 22 2017 01: +0,0.437,53
Jan 23 2017 01: +0,0.461,64
Jan 24 2017 01: +0,0.466,62
Jan 25 2017 01: +0,0.473,63
Jan 26 2017 01: +0,0.494,63
Jan 27 2017 01: +0,0.467,45
Jan 28 2017 01: +0,0.456,67
Jan 29 2017 01: +0,0.445,127
Jan 30 2017 01: +0,0.456,48
Jan 31 2017 01: +0,0.475,150
Feb 01 2017 01: +0,0.488,65
Feb 02 2017 01: +0,0.545,39
Feb 03 2017 01: +0,0.549,41
Feb 04 2017 01: +0,0.584,58
Feb 05 2017 01: +0,0.591,74
Feb 06 2017 01: +0,0.578,62
Feb 07 2017 01: +0,0.579,38
Feb 08 2017 01: +0,0.586,37
Feb 09 2017 01: +0,0.543,63
Feb 10 2017 01: +0,0.569,104
Feb 11 2017 01: +0,0.556,61
Feb 12 2017 01: +0,0.528,77
Feb 13 2017 01: +0,0.545,49
Feb 14 2017 01: +0,0.549,57
Feb 15 2017 01: +0,0.541,33
Feb 16 2017 01: +0,0.532,50
Feb 17 2017 01: +0,0.539,64
Feb 18 2017 01: +0,0.519,56
Feb 19 2017 01: +0,0.55,55
Feb 20 2017 01: +0,0.531,48
Feb 21 2017 01: +0,0.523,48
Feb 22 2017 01: +0,0.506,44
Feb 23 2017 01: +0,0.554,84
Feb 24 2017 01: +0,0.584,47
Feb 25 2017 01: +0,0.57,70
Feb 26 2017 01: +0,0.534,57
Feb 27 2017 01: +0,0.587,81
Feb 28 2017 01: +0,0.596,39
Mar 01 2017 01: +0,0.611,51
Mar 02 2017 01: +0,0.607,57
Mar 03 2017 01: +0,0.606,63
Mar 04 2017 01: +0,0.623,69
Mar 05 2017 01: +0,0.616,62
Mar 06 2017 01: +0,0.69,109
Mar 07 2017 01: +0,0.692,85
Mar 08 2017 01: +0,0.716,47
Mar 09 2017 01: +0,0.656,32
Mar 10 2017 01: +0,0.709,34
Mar 11 2017 01: +0,0.668,76
Mar 12 2017 01: +0,0.674,74
Mar 13 2017 01: +0,0.712,68
Mar 14 2017 01: +0,0.709,28
Mar 15 2017 01: +0,0.716,28
Mar 16 2017 01: +0,0.69,35
Mar 17 2017 01: +0,0.673,55
Mar 18 2017 01: +0,0.643,65
Mar 19 2017 01: +0,0.67,52
Mar 20 2017 01: +0,0.714,27
Mar 21 2017 01: +0,0.686,33
Mar 22 2017 01: +0,0.708,40
Mar 23 2017 01: +0,0.672,34
Mar 24 2017 01: +0,0.696,59
Mar 25 2017 01: +0,0.69,48
Mar 26 2017 01: +0,0.701,41
Mar 27 2017 01: +0,0.69,42
Mar 28 2017 01: +0,0.737,33
Mar 29 2017 01: +0,0.733,35
Mar 30 2017 01: +0,0.707,28
Mar 31 2017 01: +0,0.725,53
Apr 01 2017 01: +0,0.728,55
Apr 02 2017 01: +0,0.71,47
Apr 03 2017 01: +0,0.712,32
Apr 04 2017 01: +0,0.718,33
Apr 05 2017 01: +0,0.714,47
Apr 06 2017 01: +0,0.705,44
Apr 07 2017 01: +0,0.703,38
Apr 08 2017 01: +0,0.658,41
Apr 09 2017 01: +0,0.648,57
Apr 10 2017 01: +0,0.67,110
Apr 11 2017 01: +0,0.753,55
Apr 12 2017 01: +0,0.804,36
Apr 13 2017 01: +0,0.745,25
Apr 14 2017 01: +0,0.692,43
Apr 15 2017 01: +0,0.705,42
Apr 16 2017 01: +0,0.728,52
Apr 17 2017 01: +0,0.76,37
Apr 18 2017 01: +0,0.787,31
Apr 19 2017 01: +0,0.784,36
Apr 20 2017 01: +0,0.776,30
Apr 21 2017 01: +0,0.688,60
Apr 22 2017 01: +0,0.713,42
Apr 23 2017 01: +0,0.765,34
Apr 24 2017 01: +0,0.802,25
Apr 25 2017 01: +0,0.773,25
Apr 26 2017 01: +0,0.736,47
Apr 27 2017 01: +0,0.751,34
Apr 28 2017 01: +0,0.801,42
Apr 29 2017 01: +0,0.82,75
Apr 30 2017 01: +0,0.785,55
May 01 2017 01: +0,0.751,39
May 02 2017 01: +0,0.756,32
May 03 2017 01: +0,0.769,33
May 04 2017 01: +0,0.758,32
May 05 2017 01: +0,0.744,44
May 06 2017 01: +0,0.746,39
May 07 2017 01: +0,0.753,45
May 08 2017 01: +0,0.752,31
May 09 2017 01: +0,0.754,20
May 10 2017 01: +0,0.739,26
May 11 2017 01: +0,0.748,47
May 12 2017 01: +0,0.733,54
May 13 2017 01: +0,0.741,26
May 14 2017 01: +0,0.737,34
May 15 2017 01: +0,0.712,39
May 16 2017 01: +0,0.723,23
May 17 2017 01: +0,0.744,26
May 18 2017 01: +0,0.737,29
May 19 2017 01: +0,0.752,40
May 20 2017 01: +0,0.709,49
May 21 2017 01: +0,0.7,50
May 22 2017 01: +0,0.748,30
May 23 2017 01: +0,0.725,32
May 24 2017 01: +0,0.627,71
May 25 2017 01: +0,0.67,71
May 26 2017 01: +0,0.703,48
May 27 2017 01: +0,0.698,75
May 28 2017 01: +0,0.692,52
May 29 2017 01: +0,0.676,45
May 30 2017 01: +0,0.683,42
May 31 2017 01: +0,0.686,46
Jun 01 2017 01: +0,0.667,51
Jun 02 2017 01: +0,0.665,38
Jun 03 2017 01: +0,0.653,43
Jun 04 2017 01: +0,0.688,37
Jun 05 2017 01: +0,0.668,33
Jun 06 2017 01: +0,0.678,37
Jun 07 2017 01: +0,0.676,33
Jun 08 2017 01: +0,0.678,46
Jun 09 2017 01: +0,0.685,33
Jun 10 2017 01: +0,0.654,36
Jun 11 2017 01: +0,0.651,32
Jun 12 2017 01: +0,0.648,64
Jun 13 2017 01: +0,0.65,31
Jun 14 2017 01: +0,0.651,29
Jun 15 2017 01: +0,0.653,37
Jun 16 2017 01: +0,0.633,71
Jun 17 2017 01: +0,0.646,64
Jun 18 2017 01: +0,0.636,39
Jun 19 2017 01: +0,0.649,40
Jun 20 2017 01: +0,0.643,32
Jun 21 2017 01: +0,0.641,35
Jun 22 2017 01: +0,0.648,47
Jun 23 2017 01: +0,0.568,49
Jun 24 2017 01: +0,0.605,40
Jun 25 2017 01: +0,0.641,31
Jun 26 2017 01: +0,0.619,49
Jun 27 2017 01: +0,0.635,34
Jun 28 2017 01: +0,0.627,41
Jun 29 2017 01: +0,0.638,46
Jun 30 2017 01: +0,0.644,44
Jul 01 2017 01: +0,0.645,31
Jul 02 2017 01: +0,0.627,50
Jul 03 2017 01: +0,0.626,47
Jul 04 2017 01: +0,0.631,55
Jul 05 2017 01: +0,0.62,35
Jul 06 2017 01: +0,0.623,35
Jul 07 2017 01: +0,0.63,41
Jul 08 2017 01: +0,0.623,47
Jul 09 2017 01: +0,0.618,39
Jul 10 2017 01: +0,0.601,41
Jul 11 2017 01: +0,0.604,18
Jul 12 2017 01: +0,0.587,31
Jul 13 2017 01: +0,0.646,85
Jul 14 2017 01: +0,0.636,35
Jul 15 2017 01: +0,0.647,29
Jul 16 2017 01: +0,0.631,31
Jul 17 2017 01: +0,0.615,19
Jul 18 2017 01: +0,0.615,27
Jul 19 2017 01: +0,0.627,30
Jul 20 2017 01: +0,0.598,50
Jul 21 2017 01: +0,0.621,25
Jul 22 2017 01: +0,0.69,40
Jul 23 2017 01: +0,0.589,88
Jul 24 2017 01: +0,0.633,46
Jul 25 2017 01: +0,0.655,47
Jul 26 2017 01: +0,0.669,9
Jul 27 2017 01: +0,0.664,22
Jul 28 2017 01: +0,0.655,29
Jul 29 2017 01: +0,0.657,31
Jul 30 2017 01: +0,0.697,21
Jul 31 2017 01: +0,0.668,24
Aug 01 2017 01: +0,0.679,33
Aug 02 2017 01: +0,0.706,30
Aug 03 2017 01: +0,0.697,19
Aug 04 2017 01: +0,0.683,42
Aug 05 2017 01: +0,0.679,48
Aug 06 2017 01: +0,0.688,37
Aug 07 2017 01: +0,0.648,33
Aug 08 2017 01: +0,0.658,40
Aug 09 2017 01: +0,0.655,52
Aug 10 2017 01: +0,0.661,31
Aug 11 2017 01: +0,0.708,45
Aug 12 2017 01: +0,0.689,28
Aug 13 2017 01: +0,0.703,38
Aug 14 2017 01: +0,0.706,32
Aug 15 2017 01: +0,0.702,28
Aug 16 2017 01: +0,0.72,33
Aug 17 2017 01: +0,0.727,30
Aug 18 2017 01: +0,0.763,28
Aug 19 2017 01: +0,0.762,26
Aug 20 2017 01: +0,0.768,29
Aug 21 2017 01: +0,0.747,26
Aug 22 2017 01: +0,0.768,30
Aug 23 2017 01: +0,0.73,16
Aug 24 2017 01: +0,0.741,26
Aug 25 2017 01: +0,0.723,40
Aug 26 2017 01: +0,0.735,24
Aug 27 2017 01: +0,0.755,27
Aug 28 2017 01: +0,0.767,25
Aug 29 2017 01: +0,0.726,20
Aug 30 2017 01: +0,0.725,14
Aug 31 2017 01: +0,0.726,16
Sep 01 2017 01: +0,0.743,19
Sep 02 2017 01: +0,0.759,20
Sep 03 2017 01: +0,0.75,23
Sep 04 2017 01: +0,0.778,18
Sep 05 2017 01: +0,0.805,17
Sep 06 2017 01: +0,0.81,27
Sep 07 2017 01: +0,0.824,29
Sep 08 2017 01: +0,0.822,15
Sep 09 2017 01: +0,0.85,13
Sep 10 2017 01: +0,0.852,25
Sep 11 2017 01: +0,0.823,15
Sep 12 2017 01: +0,0.819,27
Sep 13 2017 01: +0,0.814,23
Sep 14 2017 01: +0,0.812,20
Sep 15 2017 01: +0,0.822,15
Sep 16 2017 01: +0,0.807,45
Sep 17 2017 01: +0,0.786,31
Sep 18 2017 01: +0,0.755,23
Sep 19 2017 01: +0,0.808,28
Sep 20 2017 01: +0,0.819,16
Sep 21 2017 01: +0,0.825,21
Sep 22 2017 01: +0,0.758,20
Sep 23 2017 01: +0,0.821,19
Sep 24 2017 01: +0,0.825,32
Sep 25 2017 01: +0,0.826,26
Sep 26 2017 01: +0,0.783,18
Sep 27 2017 01: +0,0.794,30
Sep 28 2017 01: +0,0.806,21
Sep 29 2017 01: +0,0.771,20
Sep 30 2017 01: +0,0.781,31
Oct 01 2017 01: +0,0.778,24
Oct 02 2017 01: +0,0.78,18
Oct 03 2017 01: +0,0.793,18
Oct 04 2017 01: +0,0.758,10
Oct 05 2017 01: +0,0.76,15
Oct 06 2017 01: +0,0.831,49
Oct 07 2017 01: +0,0.831,28
Oct 08 2017 01: +0,0.819,20
Oct 09 2017 01: +0,0.8,17
Oct 10 2017 01: +0,0.758,22
Oct 11 2017 01: +0,0.784,13
Oct 12 2017 01: +0,0.862,30
Oct 13 2017 01: +0,0.83,8
Oct 14 2017 01: +0,0.861,9
Oct 15 2017 01: +0,0.852,20
Oct 16 2017 01: +0,0.861,24
Oct 17 2017 01: +0,0.779,13
Oct 18 2017 01: +0,0.822,13
Oct 19 2017 01: +0,0.825,20
Oct 20 2017 01: +0,0.804,26
Oct 21 2017 01: +0,0.795,24
Oct 22 2017 01: +0,0.769,29
Oct 23 2017 01: +0,0.739,14
Oct 24 2017 01: +0,0.705,19
Oct 25 2017 01: +0,0.692,13
Oct 26 2017 01: +0,0.772,21
Oct 27 2017 01: +0,0.789,41
Oct 28 2017 01: +0,0.797,14
Oct 29 2017 01: +0,0.799,19
Oct 30 2017 01: +0,0.772,19
Oct 31 2017 01: +0,0.84,19
Nov 01 2017 01: +0,0.819,17
Nov 02 2017 01: +0,0.838,17
Nov 03 2017 01: +0,0.806,18
Nov 04 2017 01: +0,0.789,13
Nov 05 2017 01: +0,0.816,15
Nov 06 2017 01: +0,0.817,9
Nov 07 2017 01: +0,0.777,14
Nov 08 2017 01: +0,0.804,17
Nov 09 2017 01: +0,0.733,4
Nov 10 2017 01: +0,0.709,112
Nov 11 2017 01: +0,0.724,12
Nov 12 2017 01: +0,0.723,21
Nov 13 2017 01: +0,0.775,7
Nov 14 2017 01: +0,0.737,20
Nov 15 2017 01: +0,0.755,22
Nov 16 2017 01: +0,0.746,15
Nov 17 2017 01: +0,0.737,21
Nov 18 2017 01: +0,0.717,47
Nov 19 2017 01: +0,0.644,16
Nov 20 2017 01: +0,0.741,22
Nov 21 2017 01: +0,0.748,32
Nov 22 2017 01: +0,0.742,23
Nov 23 2017 01: +0,0.728,15
Nov 24 2017 01: +0,0.738,14
Nov 25 2017 01: +0,0.726,27
Nov 26 2017 01: +0,0.7,29
Nov 27 2017 01: +0,0.7,12
Nov 28 2017 01: +0,0.705,24
Nov 29 2017 01: +0,0.715,13
Nov 30 2017 01: +0,0.68,65
Dec 01 2017 01: +0,0.676,29
Dec 02 2017 01: +0,0.694,16
Dec 03 2017 01: +0,0.681,27
Dec 04 2017 01: +0,0.697,34
Dec 05 2017 01: +0,0.695,17
Dec 06 2017 01: +0,0.716,27
Dec 07 2017 01: +0,0.697,7
Dec 08 2017 01: +0,0.725,40
Dec 09 2017 01: +0,0.755,31
Dec 10 2017 01: +0,0.754,24
Dec 11 2017 01: +0,0.742,11
Dec 12 2017 01: +0,0.635,118
Dec 13 2017 01: +0,0.619,40
Dec 14 2017 01: +0,0.595,42
Dec 15 2017 01: +0,0.712,16
Dec 16 2017 01: +0,0.699,73
Dec 17 2017 01: +0,0.681,101
Dec 18 2017 01: +0,0.595,100
Dec 19 2017 01: +0,0.63,22
Dec 20 2017 01: +0,0.652,76
Dec 21 2017 01: +0,0.689,15
Dec 22 2017 01: +0,0.677,19
Dec 23 2017 01: +0,0.673,22
Dec 24 2017 01: +0,0.626,25
Dec 25 2017 01: +0,0.627,65
Dec 26 2017 01: +0,0.661,33
Dec 27 2017 01: +0,0.607,39
Dec 28 2017 01: +0,0.638,41
Dec 29 2017 01: +0,0.669,16
Dec 30 2017 01: +0,0.625,29
Dec 31 2017 01: +0,0.627,20
Jan 01 2018 01: +0,0.593,26
Jan 02 2018 01: +0,0.573,109
Jan 03 2018 01: +0,0.637,39
Jan 04 2018 01: +0,0.638,27
Jan 05 2018 01: +0,0.602,42
Jan 06 2018 01: +0,0.619,23
Jan 07 2018 01: +0,0.632,27
Jan 08 2018 01: +0,0.635,17
Jan 09 2018 01: +0,0.659,28
Jan 10 2018 01: +0,0.681,22
Jan 11 2018 01: +0,0.651,42
Jan 12 2018 01: +0,0.657,31
Jan 13 2018 01: +0,0.691,29
Jan 14 2018 01: +0,0.697,32
Jan 15 2018 01: +0,0.695,24
Jan 16 2018 01: +0,0.636,28
Jan 17 2018 01: +0,0.674,17
Jan 18 2018 01: +0,0.681,21
Jan 19 2018 01: +0,0.641,21
Jan 20 2018 01: +0,0.683,32
Jan 21 2018 01: +0,0.682,22
Jan 22 2018 01: +0,0.635,24
Jan 23 2018 01: +0,0.67,17
Jan 24 2018 01: +0,0.679,34
Jan 25 2018 01: +0,0.682,35
Jan 26 2018 01: +0,0.692,35
Jan 27 2018 01: +0,0.683,32
Jan 28 2018 01: +0,0.68,26
Jan 29 2018 01: +0,0.677,27
Jan 30 2018 01: +0,0.697,30
Jan 31 2018 01: +0,0.732,18
Feb 01 2018 01: +0,0.743,14
Feb 02 2018 01: +0,0.745,22
Feb 03 2018 01: +0,0.767,20
Feb 04 2018 01: +0,0.734,13
Feb 05 2018 01: +0,0.706,11
Feb 06 2018 01: +0,0.724,33
Feb 07 2018 01: +0,0.684,16
Feb 08 2018 01: +0,0.717,20
Feb 09 2018 01: +0,0.703,22
Feb 10 2018 01: +0,0.709,12
Feb 11 2018 01: +0,0.698,27
Feb 12 2018 01: +0,0.695,28
Feb 13 2018 01: +0,0.749,14
Feb 14 2018 01: +0,0.734,23
Feb 15 2018 01: +0,0.747,18
Feb 16 2018 01: +0,0.733,20
Feb 17 2018 01: +0,0.731,29
Feb 18 2018 01: +0,0.724,25
Feb 19 2018 01: +0,0.715,18
Feb 20 2018 01: +0,0.717,18
Feb 21 2018 01: +0,0.704,23
Feb 22 2018 01: +0,0.719,20
Feb 23 2018 01: +0,0.706,27
Feb 24 2018 01: +0,0.704,26
Feb 25 2018 01: +0,0.738,21
Feb 26 2018 01: +0,0.727,48
Feb 27 2018 01: +0,0.748,15
Feb 28 2018 01: +0,0.727,11
Mar 01 2018 01: +0,0.736,27
Mar 02 2018 01: +0,0.729,14
Mar 03 2018 01: +0,0.718,29
Mar 04 2018 01: +0,0.72,29
Mar 05 2018 01: +0,0.753,19
Mar 06 2018 01: +0,0.75,27
Mar 07 2018 01: +0,0.768,23
Mar 08 2018 01: +0,0.769,22
Mar 09 2018 01: +0,0.769,24
Mar 10 2018 01: +0,0.765,21
Mar 11 2018 01: +0,0.764,22
Mar 12 2018 01: +0,0.785,30
Mar 13 2018 01: +0,0.775,15
Mar 14 2018 01: +0,0.795,19
Mar 15 2018 01: +0,0.786,13
Mar 16 2018 01: +0,0.804,29
Mar 17 2018 01: +0,0.833,37
Mar 18 2018 01: +0,0.826,9
Mar 19 2018 01: +0,0.834,23
Mar 20 2018 01: +0,0.802,8
Mar 21 2018 01: +0,0.699,7
Mar 22 2018 01: +0,0.802,18
Mar 23 2018 01: +0,0.83,20
Mar 24 2018 01: +0,0.816,22
Mar 25 2018 01: +0,0.79,20
Mar 26 2018 01: +0,0.75,12
Mar 27 2018 01: +0,0.808,16
Mar 28 2018 01: +0,0.78,13
Mar 29 2018 01: +0,0.757,56
Mar 30 2018 01: +0,0.717,14
Mar 31 2018 01: +0,0.786,21
Apr 01 2018 01: +0,0.826,20
Apr 02 2018 01: +0,0.706,33
Apr 03 2018 01: +0,0.784,17
Apr 04 2018 01: +0,0.845,18
Apr 05 2018 01: +0,0.835,16
Apr 06 2018 01: +0,0.845,17
Apr 07 2018 01: +0,0.897,58
Apr 08 2018 01: +0,0.892,7
Apr 09 2018 01: +0,0.869,21
Apr 10 2018 01: +0,0.86,29
Apr 11 2018 01: +0,0.956,43
Apr 12 2018 01: +0,1.052,8
Apr 13 2018 01: +0,0.978,9
Apr 14 2018 01: +0,1.02,10
Apr 15 2018 01: +0,1.025,12
Apr 16 2018 01: +0,1.001,11
Apr 17 2018 01: +0,1.073,8
Apr 18 2018 01: +0,1.046,15
Apr 19 2018 01: +0,1.082,12
Apr 20 2018 01: +0,1.068,7
Apr 21 2018 01: +0,1.077,10
Apr 22 2018 01: +0,0.961,9
Apr 23 2018 01: +0,1.005,14
Apr 24 2018 01: +0,1.074,8
Apr 25 2018 01: +0,0.997,11
Apr 26 2018 01: +0,0.924,41
Apr 27 2018 01: +0,0.963,21
Apr 28 2018 01: +0,0.982,12
Apr 29 2018 01: +0,1.017,19
Apr 30 2018 01: +0,1.026,4
May 01 2018 01: +0,0.973,21
May 02 2018 01: +0,0.989,22
May 03 2018 01: +0,0.991,7
May 04 2018 01: +0,0.977,16
May 05 2018 01: +0,1.024,79
May 06 2018 01: +0,1.028,13
May 07 2018 01: +0,1.08,16
May 08 2018 01: +0,1.054,6
May 09 2018 01: +0,1.032,13
May 10 2018 01: +0,0.94,5
May 11 2018 01: +0,1.017,41
May 12 2018 01: +0,1.034,6
May 13 2018 01: +0,1.04,10
May 14 2018 01: +0,1.09,4
May 15 2018 01: +0,1.066,7
May 16 2018 01: +0,0.994,8
May 17 2018 01: +0,1.102,5
May 18 2018 01: +0,1.068,10
May 19 2018 01: +0,1.023,10
May 20 2018 01: +0,1.037,7
May 21 2018 01: +0,0.964,10
May 22 2018 01: +0,1.048,12
May 23 2018 01: +0,1.11,9
May 24 2018 01: +0,1.102,8
May 25 2018 01: +0,1.017,11
May 26 2018 01: +0,0.902,16
May 27 2018 01: +0,0.99,7
May 28 2018 01: +0,0.89,12
May 29 2018 01: +0,0.967,7
May 30 2018 01: +0,1.068,3
May 31 2018 01: +0,0.975,13
Jun 01 2018 01: +0,1.006,27
Jun 02 2018 01: +0,1.019,41
Jun 03 2018 01: +0,1.075,15
Jun 04 2018 01: +0,0.977,12
Jun 05 2018 01: +0,0.986,12
Jun 06 2018 01: +0,1.058,9
Jun 07 2018 01: +0,1.073,13
Jun 08 2018 01: +0,0.849,136
Jun 09 2018 01: +0,0.909,14
Jun 10 2018 01: +0,1.044,11
Jun 11 2018 01: +0,1.04,12
Jun 12 2018 01: +0,1.061,22
Jun 13 2018 01: +0,1.016,11
Jun 14 2018 01: +0,0.982,6
Jun 15 2018 01: +0,0.954,10
Jun 16 2018 01: +0,0.957,11
Jun 17 2018 01: +0,0.952,12
Jun 18 2018 01: +0,0.948,19
Jun 19 2018 01: +0,0.89,12
Jun 20 2018 01: +0,0.952,16
Jun 21 2018 01: +0,0.897,8
Jun 22 2018 01: +0,0.888,9
Jun 23 2018 01: +0,0.75,16
Jun 24 2018 01: +0,0.791,11
Jun 25 2018 01: +0,0.802,18
Jun 26 2018 01: +0,0.843,12
Jun 27 2018 01: +0,0.897,16
Jun 28 2018 01: +0,0.788,18
Jun 29 2018 01: +0,0.804,11
Jun 30 2018 01: +0,0.784,18
Jul 01 2018 01: +0,0.854,17
Jul 02 2018 01: +0,0.853,14
Jul 03 2018 01: +0,0.91,16
Jul 04 2018 01: +0,0.849,6
Jul 05 2018 01: +0,0.796,15
Jul 06 2018 01: +0,0.924,9
Jul 07 2018 01: +0,0.909,13
Jul 08 2018 01: +0,0.918,9
Jul 09 2018 01: +0,0.915,9
Jul 10 2018 01: +0,0.873,13
Jul 11 2018 01: +0,0.903,4
Jul 12 2018 01: +0,0.887,22
Jul 13 2018 01: +0,0.99,244
Jul 14 2018 01: +0,0.911,10
Jul 15 2018 01: +0,0.881,21
Jul 16 2018 01: +0,0.916,19
Jul 17 2018 01: +0,0.935,7
Jul 18 2018 01: +0,0.914,14
Jul 19 2018 01: +0,0.912,17
Jul 20 2018 01: +0,0.882,17
Jul 21 2018 01: +0,0.901,20
Jul 22 2018 01: +0,0.95,28
Jul 23 2018 01: +0,1.019,5
Jul 24 2018 01: +0,1.035,16
Jul 25 2018 01: +0,1.033,10
Jul 26 2018 01: +0,0.977,9
Jul 27 2018 01: +0,1.077,7
Jul 28 2018 01: +0,0.991,6
Jul 29 2018 01: +0,0.991,3
Jul 30 2018 01: +0,1.096,20
Jul 31 2018 01: +0,1.136,12
Aug 01 2018 01: +0,1.159,5
Aug 02 2018 01: +0,1.022,5
Aug 03 2018 01: +0,1.114,4
Aug 04 2018 01: +0,1.046,4
Aug 05 2018 01: +0,1.11,18
Aug 06 2018 01: +0,1.131,10
Aug 07 2018 01: +0,1.122,15
Aug 08 2018 01: +0,1.121,25
Aug 09 2018 01: +0,1.115,15
Aug 10 2018 01: +0,1.1,9
Aug 11 2018 01: +0,1.082,8
Aug 12 2018 01: +0,1.049,14
Aug 13 2018 01: +0,1.092,12
Aug 14 2018 01: +0,1.111,12
Aug 15 2018 01: +0,1.09,4
Aug 16 2018 01: +0,1.107,13
Aug 17 2018 01: +0,1.103,2
Aug 18 2018 01: +0,1.026,5
Aug 19 2018 01: +0,1.079,8
Aug 20 2018 01: +0,1.098,4
Aug 21 2018 01: +0,1.031,10
Aug 22 2018 01: +0,1.081,4
Aug 23 2018 01: +0,1.113,9
Aug 24 2018 01: +0,1.04,9
Aug 25 2018 01: +0,1.096,13
Aug 26 2018 01: +0,1.048,17
Aug 27 2018 01: +0,1.051,17
Aug 28 2018 01: +0,1.09,17
Aug 29 2018 01: +0,1.092,11
Aug 30 2018 01: +0,1.05,9
Aug 31 2018 01: +0,1.042,15
Sep 01 2018 01: +0,1.105,8
Sep 02 2018 01: +0,1.083,5
Sep 03 2018 01: +0,1.11,24
Sep 04 2018 01: +0,1.146,18
Sep 05 2018 01: +0,1.146,12
Sep 06 2018 01: +0,1.218,18
Sep 07 2018 01: +0,1.37,19
Sep 08 2018 01: +0,1.484,9
Sep 09 2018 01: +0,1.321,8
Sep 10 2018 01: +0,1.142,3
Sep 11 2018 01: +0,1.233,11
Sep 12 2018 01: +0,1.325,13
Sep 13 2018 01: +0,1.333,5
Sep 14 2018 01: +0,1.222,3
Sep 15 2018 01: +0,1.206,14
Sep 16 2018 01: +0,1.285,11
Sep 17 2018 01: +0,1.255,6
Sep 18 2018 01: +0,1.24,3
Sep 19 2018 01: +0,1.234,8
Sep 20 2018 01: +0,1.261,6
Sep 21 2018 01: +0,1.325,13
Sep 22 2018 01: +0,1.252,13
Sep 23 2018 01: +0,1.227,13
Sep 24 2018 01: +0,1.22,14
Sep 25 2018 01: +0,1.311,11
Sep 26 2018 01: +0,1.144,12
Sep 27 2018 01: +0,1.266,3
Sep 28 2018 01: +0,1.231,13
Sep 29 2018 01: +0,1.288,7
Sep 30 2018 01: +0,1.338,7
Oct 01 2018 01: +0,1.323,14
Oct 02 2018 01: +0,1.344,4
Oct 02 2018 23: +0,1.37,3
Oct 03 2018 08: +0,1.371,3
Oct 03 2018 16: +0,1.368,1
Oct 03 2018 20: +0,1.348,1
Oct 03 2018 22: +0,1.286,1
Oct 04 2018 11: +0,1.312,1
Oct 04 2018 15: +0,1.29,1
Oct 05 2018 09: +0,1.353,1
Oct 05 2018 11: +0,1.347,1
Oct 05 2018 14: +0,1.347,1
Oct 05 2018 19: +0,1.358,1
Oct 06 2018 04: +0,1.29,1
Oct 06 2018 15: +0,1.31,2
Oct 06 2018 18: +0,1.269,1
Oct 06 2018 20: +0,1.29,3
Oct 06 2018 23: +0,1.29,1
Oct 07 2018 04: +0,1.361,1
Oct 07 2018 16: +0,1.267,1
Oct 07 2018 17: +0,1.354,1
Oct 07 2018 22: +0,1.359,1
Oct 08 2018 00: +0,1.361,1
Oct 08 2018 02: +0,1.364,4
Oct 08 2018 07: +0,1.35,1
Oct 08 2018 12: +0,1.165,1
Oct 08 2018 13: +0,1.371,1
Oct 08 2018 15: +0,1.37,1
Oct 08 2018 16: +0,1.374,2
Oct 08 2018 21: +0,1.322,1
Oct 08 2018 23: +0,1.238,1
Oct 09 2018 01: +0,1.365,1
Oct 09 2018 11: +0,1.375,2
Oct 09 2018 12: +0,1.39,1
Oct 09 2018 14: +0,1.285,1
Oct 09 2018 19: +0,1.258,1
Oct 10 2018 01: +0,1.354,3
Oct 10 2018 06: +0,1.38,1
Oct 10 2018 09: +0,1.373,1
Oct 10 2018 11: +0,1.391,4
Oct 10 2018 16: +0,1.396,1
Oct 11 2018 06: +0,1.132,50
Oct 11 2018 07: +0,1.4,1
Oct 11 2018 10: +0,1.4,1
Oct 11 2018 12: +0,1.245,1
Oct 11 2018 15: +0,1.404,4
Oct 11 2018 22: +0,1.433,1
Oct 12 2018 00: +0,1.456,1
Oct 12 2018 16: +0,1.33,1
Oct 12 2018 20: +0,1.399,3
Oct 13 2018 01: +0,1.394,1
Oct 13 2018 03: +0,1.386,1
Oct 13 2018 09: +0,1.27,1
Oct 13 2018 11: +0,1.289,1
Oct 13 2018 16: +0,1.375,6
Oct 13 2018 17: +0,1.394,1
Oct 13 2018 23: +0,1.274,1
Oct 14 2018 09: +0,1.207,6
Oct 14 2018 13: +0,1.1,5
Oct 15 2018 00: +0,1.293,1
Oct 15 2018 05: +0,1.32,7
Oct 15 2018 15: +0,1.474,1
Oct 15 2018 20: +0,1.22,1
Oct 16 2018 00: +0,1.38,1
Oct 16 2018 05: +0,1.434,1
Oct 16 2018 08: +0,1.438,1
Oct 16 2018 13: +0,1.435,1
Oct 16 2018 16: +0,1.447,1
Oct 16 2018 19: +0,1.44,1
Oct 16 2018 20: +0,1.47,1
Oct 17 2018 17: +0,1.427,1
Oct 17 2018 20: +0,1.401,1
Oct 18 2018 06: +0,1.34,2
Oct 18 2018 18: +0,1.392,3
Oct 18 2018 22: +0,1.372,3
Oct 19 2018 08: +0,1.225,1
Oct 19 2018 09: +0,1.367,2
Oct 19 2018 12: +0,1.473,6
Oct 19 2018 15: +0,1.241,3
Oct 19 2018 19: +0,1.492,2
Oct 20 2018 09: +0,1.449,1
Oct 20 2018 11: +0,1.486,3
Oct 20 2018 12: +0,1.478,3
Oct 20 2018 19: +0,1.489,1
Oct 20 2018 21: +0,1.318,1
Oct 22 2018 02: +0,1.39,4
Oct 22 2018 10: +0,1.331,7
Oct 22 2018 12: +0,1.359,1
Oct 22 2018 13: +0,1.363,1
Oct 22 2018 16: +0,1.297,1
Oct 22 2018 17: +0,1.297,1
Oct 22 2018 19: +0,0.657,1
Oct 22 2018 20: +0,1.382,1
Oct 22 2018 21: +0,1.387,2
Oct 22 2018 22: +0,1.383,2
Oct 22 2018 23: +0,1.306,5
Oct 23 2018 02: +0,1.385,1
Oct 23 2018 08: +0,1.377,1
Oct 23 2018 10: +0,1.385,2
Oct 23 2018 12: +0,1.491,5
Oct 23 2018 20: +0,1.503,4
Oct 24 2018 14: +0,1.31,1
Oct 24 2018 18: +0,1.51,2
Oct 25 2018 00: +0,1.375,1
Oct 25 2018 09: +0,1.495,1
Oct 25 2018 12: +0,1.444,2
Oct 25 2018 14: +0,1.53,1
Oct 25 2018 19: +0,1.541,1
Oct 26 2018 01: +0,1.32,1
Oct 26 2018 08: +0,1.564,4
Oct 26 2018 09: +0,1.585,1
Oct 27 2018 00: +0,1.365,1
Oct 27 2018 03: +0,1.591,1
Oct 27 2018 06: +0,1.599,5
Oct 27 2018 13: +0,1.577,1
Oct 27 2018 14: +0,1.584,4
Oct 28 2018 01: +0,1.602,1
Oct 28 2018 06: +0,0.74,2
Oct 28 2018 08: +0,1.58,1
Oct 28 2018 14: +0,1.599,1
Oct 29 2018 12: +0,1.35,1
Oct 29 2018 14: +0,1.469,2
Oct 29 2018 17: +0,1.305,1
Oct 29 2018 18: +0,1.591,1
Oct 29 2018 21: +0,1.584,1
Oct 30 2018 12: +0,1.314,2
Oct 30 2018 18: +0,1.414,1
Oct 30 2018 20: +0,1.28,1
Oct 31 2018 09: +0,1.12,2
Oct 31 2018 13: +0,1.272,4
Oct 31 2018 21: +0,1.423,1
Nov 01 2018 00: +0,1.453,2
Nov 01 2018 09: +0,1.483,1
Nov 01 2018 15: +0,1.29,1
Nov 01 2018 16: +0,1.197,1
Nov 01 2018 18: +0,1.47,1
Nov 01 2018 20: +0,1.481,1
Nov 01 2018 21: +0,1.227,1
Nov 02 2018 00: +0,1.172,1
Nov 02 2018 07: +0,1.286,3
Nov 02 2018 14: +0,1.473,1
Nov 02 2018 17: +0,1.492,1
