Nov 21 2014 01: +0,1.021,628
Nov 22 2014 01: +0,1.031,465
Nov 23 2014 01: +0,1.018,284
Nov 24 2014 01: +0,1.024,226
Nov 25 2014 01: +0,1.037,225
Nov 26 2014 01: +0,1.03,308
Nov 27 2014 01: +0,1.035,410
Nov 28 2014 01: +0,0.864,1121
Nov 29 2014 01: +0,0.512,7077
Nov 30 2014 01: +0,0.24,10759
Dec 01 2014 01: +0,0.237,4556
Dec 02 2014 01: +0,0.303,3372
Dec 03 2014 01: +0,0.33,2562
Dec 04 2014 01: +0,0.288,2236
Dec 05 2014 01: +0,0.297,2387
Dec 06 2014 01: +0,0.33,2576
Dec 07 2014 01: +0,0.319,2248
Dec 08 2014 01: +0,0.309,1635
Dec 09 2014 01: +0,0.309,1561
Dec 10 2014 01: +0,0.29,1891
Dec 11 2014 01: +0,0.296,1692
Dec 12 2014 01: +0,0.29,1602
Dec 13 2014 01: +0,0.289,2001
Dec 14 2014 01: +0,0.291,1688
Dec 15 2014 01: +0,0.29,1472
Dec 16 2014 01: +0,0.292,1366
Dec 17 2014 01: +0,0.277,1375
Dec 18 2014 01: +0,0.291,1242
Dec 19 2014 01: +0,0.292,1511
Dec 20 2014 01: +0,0.298,1356
Dec 21 2014 01: +0,0.3,1340
Dec 22 2014 01: +0,0.313,1408
Dec 23 2014 01: +0,0.32,1205
Dec 24 2014 01: +0,0.342,1206
Dec 25 2014 01: +0,0.382,1339
Dec 26 2014 01: +0,0.406,1284
Dec 27 2014 01: +0,0.448,1095
Dec 28 2014 01: +0,0.448,1013
Dec 29 2014 01: +0,0.436,1040
Dec 30 2014 01: +0,0.445,1002
Dec 31 2014 01: +0,0.467,830
Jan 01 2015 01: +0,0.467,962
Jan 02 2015 01: +0,0.478,1040
Jan 03 2015 01: +0,0.501,839
Jan 04 2015 01: +0,0.526,832
Jan 05 2015 01: +0,0.55,835
Jan 06 2015 01: +0,0.581,677
Jan 07 2015 01: +0,0.585,573
Jan 08 2015 01: +0,0.603,591
Jan 09 2015 01: +0,0.572,851
Jan 10 2015 01: +0,0.575,889
Jan 11 2015 01: +0,0.57,898
Jan 12 2015 01: +0,0.582,739
Jan 13 2015 01: +0,0.583,733
Jan 14 2015 01: +0,0.6,677
Jan 15 2015 01: +0,0.587,826
Jan 16 2015 01: +0,0.615,806
Jan 17 2015 01: +0,0.622,859
Jan 18 2015 01: +0,0.608,881
Jan 19 2015 01: +0,0.599,718
Jan 20 2015 01: +0,0.626,610
Jan 21 2015 01: +0,0.647,536
Jan 22 2015 01: +0,0.64,608
Jan 23 2015 01: +0,0.656,708
Jan 24 2015 01: +0,0.682,834
Jan 25 2015 01: +0,0.774,886
Jan 26 2015 01: +0,0.771,671
Jan 27 2015 01: +0,0.835,540
Jan 28 2015 01: +0,0.783,483
Jan 29 2015 01: +0,0.787,508
Jan 30 2015 01: +0,0.781,612
Jan 31 2015 01: +0,0.807,727
Feb 01 2015 01: +0,0.841,729
Feb 02 2015 01: +0,0.872,559
Feb 03 2015 01: +0,0.933,445
Feb 04 2015 01: +0,0.974,450
Feb 05 2015 01: +0,1.053,336
Feb 06 2015 01: +0,1.036,360
Feb 07 2015 01: +0,1.03,557
Feb 08 2015 01: +0,0.931,513
Feb 09 2015 01: +0,0.961,403
Feb 10 2015 01: +0,0.92,332
Feb 11 2015 01: +0,0.895,416
Feb 12 2015 01: +0,0.872,383
Feb 13 2015 01: +0,0.871,479
Feb 14 2015 01: +0,0.877,521
Feb 15 2015 01: +0,0.874,485
Feb 16 2015 01: +0,0.84,448
Feb 17 2015 01: +0,0.842,615
Feb 18 2015 01: +0,0.856,470
Feb 19 2015 01: +0,0.846,540
Feb 20 2015 01: +0,0.854,621
Feb 21 2015 01: +0,0.886,474
Feb 22 2015 01: +0,0.933,417
Feb 23 2015 01: +0,0.953,377
Feb 24 2015 01: +0,0.945,357
Feb 25 2015 01: +0,0.959,430
Feb 26 2015 01: +0,0.964,343
Feb 27 2015 01: +0,0.685,844
Feb 28 2015 01: +0,0.735,457
Mar 01 2015 01: +0,0.716,438
Mar 02 2015 01: +0,0.746,320
Mar 03 2015 01: +0,0.715,399
Mar 04 2015 01: +0,0.717,333
Mar 05 2015 01: +0,0.728,351
Mar 06 2015 01: +0,0.747,326
Mar 07 2015 01: +0,0.742,394
Mar 08 2015 01: +0,0.73,395
Mar 09 2015 01: +0,0.717,291
Mar 10 2015 01: +0,0.674,312
Mar 11 2015 01: +0,0.69,284
Mar 12 2015 01: +0,0.662,352
Mar 13 2015 01: +0,0.688,393
Mar 14 2015 01: +0,0.696,527
Mar 15 2015 01: +0,0.607,745
Mar 16 2015 01: +0,0.566,480
Mar 17 2015 01: +0,0.658,274
Mar 18 2015 01: +0,0.697,228
Mar 19 2015 01: +0,0.705,183
Mar 20 2015 01: +0,0.704,263
Mar 21 2015 01: +0,0.72,249
Mar 22 2015 01: +0,0.707,244
Mar 23 2015 01: +0,0.73,189
Mar 24 2015 01: +0,0.72,178
Mar 25 2015 01: +0,0.726,209
Mar 26 2015 01: +0,0.711,209
Mar 27 2015 01: +0,0.71,226
Mar 28 2015 01: +0,0.744,241
Mar 29 2015 01: +0,0.723,230
Mar 30 2015 01: +0,0.693,212
Mar 31 2015 01: +0,0.703,237
Apr 01 2015 01: +0,0.697,282
Apr 02 2015 01: +0,0.7,227
Apr 03 2015 01: +0,0.708,241
Apr 04 2015 01: +0,0.701,240
Apr 05 2015 01: +0,0.719,275
Apr 06 2015 01: +0,0.753,280
Apr 07 2015 01: +0,0.747,233
Apr 08 2015 01: +0,0.794,211
Apr 09 2015 01: +0,0.743,189
Apr 10 2015 01: +0,0.752,185
Apr 11 2015 01: +0,0.781,225
Apr 12 2015 01: +0,0.758,216
Apr 13 2015 01: +0,0.685,213
Apr 14 2015 01: +0,0.679,170
Apr 15 2015 01: +0,0.659,188
Apr 16 2015 01: +0,0.668,226
Apr 17 2015 01: +0,0.661,278
Apr 18 2015 01: +0,0.699,305
Apr 19 2015 01: +0,0.691,223
Apr 20 2015 01: +0,0.712,247
Apr 21 2015 01: +0,0.707,220
Apr 22 2015 01: +0,0.758,166
Apr 23 2015 01: +0,0.796,192
Apr 24 2015 01: +0,0.762,210
Apr 25 2015 01: +0,0.804,280
Apr 26 2015 01: +0,0.803,219
Apr 27 2015 01: +0,0.807,204
Apr 28 2015 01: +0,0.813,201
Apr 29 2015 01: +0,0.84,207
Apr 30 2015 01: +0,0.854,211
May 01 2015 01: +0,0.827,190
May 02 2015 01: +0,0.892,243
May 03 2015 01: +0,0.89,201
May 04 2015 01: +0,0.91,178
May 05 2015 01: +0,0.892,179
May 06 2015 01: +0,0.912,140
May 07 2015 01: +0,0.91,156
May 08 2015 01: +0,0.887,212
May 09 2015 01: +0,0.948,247
May 10 2015 01: +0,0.916,200
May 11 2015 01: +0,0.919,160
May 12 2015 01: +0,0.918,152
May 13 2015 01: +0,0.966,156
May 14 2015 01: +0,0.962,174
May 15 2015 01: +0,0.973,135
May 16 2015 01: +0,1.008,190
May 17 2015 01: +0,1.069,174
May 18 2015 01: +0,1.052,115
May 19 2015 01: +0,0.989,120
May 20 2015 01: +0,0.981,113
May 21 2015 01: +0,1.019,130
May 22 2015 01: +0,1.002,146
May 23 2015 01: +0,1.046,179
May 24 2015 01: +0,1.027,213
May 25 2015 01: +0,1.077,152
May 26 2015 01: +0,1.03,142
May 27 2015 01: +0,0.73,355
May 28 2015 01: +0,0.845,198
May 29 2015 01: +0,0.898,196
May 30 2015 01: +0,0.972,206
May 31 2015 01: +0,0.995,206
Jun 01 2015 01: +0,0.968,133
Jun 02 2015 01: +0,0.969,150
Jun 03 2015 01: +0,0.98,157
Jun 04 2015 01: +0,0.912,171
Jun 05 2015 01: +0,0.901,196
Jun 06 2015 01: +0,0.895,183
Jun 07 2015 01: +0,0.875,174
Jun 08 2015 01: +0,0.89,152
Jun 09 2015 01: +0,0.856,171
Jun 10 2015 01: +0,0.856,190
Jun 11 2015 01: +0,0.932,166
Jun 12 2015 01: +0,0.895,162
Jun 13 2015 01: +0,0.901,196
Jun 14 2015 01: +0,0.86,208
Jun 15 2015 01: +0,0.88,191
Jun 16 2015 01: +0,0.863,142
Jun 17 2015 01: +0,0.923,161
Jun 18 2015 01: +0,0.926,156
Jun 19 2015 01: +0,0.918,162
Jun 20 2015 01: +0,0.92,159
Jun 21 2015 01: +0,0.839,232
Jun 22 2015 01: +0,0.858,170
Jun 23 2015 01: +0,0.928,168
Jun 24 2015 01: +0,0.976,128
Jun 25 2015 01: +0,0.994,123
Jun 26 2015 01: +0,0.996,140
Jun 27 2015 01: +0,1.039,153
Jun 28 2015 01: +0,1.066,163
Jun 29 2015 01: +0,1.065,134
Jun 30 2015 01: +0,1.116,119
Jul 01 2015 01: +0,1.091,131
Jul 02 2015 01: +0,1.104,121
Jul 03 2015 01: +0,1.122,132
Jul 04 2015 01: +0,1.132,137
Jul 05 2015 01: +0,1.145,98
Jul 06 2015 01: +0,1.115,130
Jul 07 2015 01: +0,1.154,118
Jul 08 2015 01: +0,1.158,99
Jul 09 2015 01: +0,1.13,117
Jul 10 2015 01: +0,1.143,110
Jul 11 2015 01: +0,1.196,96
Jul 12 2015 01: +0,1.175,112
Jul 13 2015 01: +0,1.191,110
Jul 14 2015 01: +0,1.198,95
Jul 15 2015 01: +0,1.148,103
Jul 16 2015 01: +0,1.116,130
Jul 17 2015 01: +0,1.195,137
Jul 18 2015 01: +0,1.23,123
Jul 19 2015 01: +0,1.195,90
Jul 20 2015 01: +0,1.249,105
Jul 21 2015 01: +0,1.239,100
Jul 22 2015 01: +0,1.159,115
Jul 23 2015 01: +0,1.182,124
Jul 24 2015 01: +0,1.23,92
Jul 25 2015 01: +0,1.183,95
Jul 26 2015 01: +0,1.229,71
Jul 27 2015 01: +0,1.204,113
Jul 28 2015 01: +0,1.198,101
Jul 29 2015 01: +0,1.184,103
Jul 30 2015 01: +0,1.192,80
Jul 31 2015 01: +0,1.186,101
Aug 01 2015 01: +0,1.152,84
Aug 02 2015 01: +0,1.182,99
Aug 03 2015 01: +0,1.203,79
Aug 04 2015 01: +0,1.149,93
Aug 05 2015 01: +0,1.134,93
Aug 06 2015 01: +0,1.146,107
Aug 07 2015 01: +0,1.17,93
Aug 08 2015 01: +0,1.214,103
Aug 09 2015 01: +0,1.147,78
Aug 10 2015 01: +0,1.173,91
Aug 11 2015 01: +0,1.115,103
Aug 12 2015 01: +0,1.075,163
Aug 13 2015 01: +0,1.091,87
Aug 14 2015 01: +0,1.233,81
Aug 15 2015 01: +0,0.924,146
Aug 16 2015 01: +0,0.945,90
Aug 17 2015 01: +0,1.009,79
Aug 18 2015 01: +0,0.99,73
Aug 19 2015 01: +0,0.969,50
Aug 20 2015 01: +0,0.906,95
Aug 21 2015 01: +0,0.847,108
Aug 22 2015 01: +0,0.894,105
Aug 23 2015 01: +0,0.754,160
Aug 24 2015 01: +0,0.783,86
Aug 25 2015 01: +0,0.897,81
Aug 26 2015 01: +0,0.977,64
Aug 27 2015 01: +0,0.918,60
Aug 28 2015 01: +0,0.998,59
Aug 29 2015 01: +0,1.025,59
Aug 30 2015 01: +0,0.957,44
Aug 31 2015 01: +0,1.033,55
Sep 01 2015 01: +0,1.048,47
Sep 02 2015 01: +0,0.934,59
Sep 03 2015 01: +0,0.928,51
Sep 04 2015 01: +0,0.931,44
Sep 05 2015 01: +0,0.992,48
Sep 06 2015 01: +0,0.925,57
Sep 07 2015 01: +0,0.897,50
Sep 08 2015 01: +0,0.901,53
Sep 09 2015 01: +0,0.95,43
Sep 10 2015 01: +0,0.916,69
Sep 11 2015 01: +0,1.012,82
Sep 12 2015 01: +0,1.043,51
Sep 13 2015 01: +0,0.984,53
Sep 14 2015 01: +0,0.974,71
Sep 15 2015 01: +0,0.959,58
Sep 16 2015 01: +0,1.064,138
Sep 17 2015 01: +0,1.112,65
Sep 18 2015 01: +0,1.135,67
Sep 19 2015 01: +0,1.088,83
Sep 20 2015 01: +0,1.067,52
Sep 21 2015 01: +0,1.042,58
Sep 22 2015 01: +0,1.056,43
Sep 23 2015 01: +0,1.007,38
Sep 24 2015 01: +0,1.026,51
Sep 25 2015 01: +0,1.025,71
Sep 26 2015 01: +0,1.089,69
Sep 27 2015 01: +0,1.001,59
Sep 28 2015 01: +0,1.003,50
Sep 29 2015 01: +0,1.017,54
Sep 30 2015 01: +0,1.09,50
Oct 01 2015 01: +0,1.082,58
Oct 02 2015 01: +0,1.071,60
Oct 03 2015 01: +0,1.049,48
Oct 04 2015 01: +0,1.037,59
Oct 05 2015 01: +0,1.051,61
Oct 06 2015 01: +0,1.06,52
Oct 07 2015 01: +0,0.998,70
Oct 08 2015 01: +0,0.99,45
Oct 09 2015 01: +0,0.993,39
Oct 10 2015 01: +0,1.001,58
Oct 11 2015 01: +0,1.063,60
Oct 12 2015 01: +0,1.043,49
Oct 13 2015 01: +0,1.084,43
Oct 14 2015 01: +0,1.056,37
Oct 15 2015 01: +0,1.05,55
Oct 16 2015 01: +0,1.11,46
Oct 17 2015 01: +0,1.128,54
Oct 18 2015 01: +0,1.058,47
Oct 19 2015 01: +0,1.056,39
Oct 20 2015 01: +0,1.039,46
Oct 21 2015 01: +0,0.877,62
Oct 22 2015 01: +0,0.812,45
Oct 23 2015 01: +0,0.949,48
Oct 24 2015 01: +0,1,43
Oct 25 2015 01: +0,1.014,53
Oct 26 2015 01: +0,0.957,38
Oct 27 2015 01: +0,0.961,47
Oct 28 2015 01: +0,0.899,36
Oct 29 2015 01: +0,0.892,56
Oct 30 2015 01: +0,0.916,58
Oct 31 2015 01: +0,0.953,100
Nov 01 2015 01: +0,0.949,99
Nov 02 2015 01: +0,0.998,66
Nov 03 2015 01: +0,1.064,35
Nov 04 2015 01: +0,1.073,37
Nov 05 2015 01: +0,0.975,47
Nov 06 2015 01: +0,0.98,42
Nov 07 2015 01: +0,0.958,47
Nov 08 2015 01: +0,0.947,37
Nov 09 2015 01: +0,0.92,25
Nov 10 2015 01: +0,0.92,31
Nov 11 2015 01: +0,0.943,46
Nov 12 2015 01: +0,0.935,37
Nov 13 2015 01: +0,1.003,48
Nov 14 2015 01: +0,1.063,49
Nov 15 2015 01: +0,1.102,40
Nov 16 2015 01: +0,1.112,25
Nov 17 2015 01: +0,1.081,29
Nov 18 2015 01: +0,1.125,23
Nov 19 2015 01: +0,0.989,28
Nov 20 2015 01: +0,1.096,53
Nov 21 2015 01: +0,0.952,36
Nov 22 2015 01: +0,0.87,37
Nov 23 2015 01: +0,1.009,42
Nov 24 2015 01: +0,1.127,42
Nov 25 2015 01: +0,1.075,28
Nov 26 2015 01: +0,0.903,39
Nov 27 2015 01: +0,0.935,68
Nov 28 2015 01: +0,1.02,53
Nov 29 2015 01: +0,1.03,48
Nov 30 2015 01: +0,1.022,61
Dec 01 2015 01: +0,0.965,41
Dec 02 2015 01: +0,0.999,41
Dec 03 2015 01: +0,1.02,55
Dec 04 2015 01: +0,1.072,44
Dec 05 2015 01: +0,1.134,61
Dec 06 2015 01: +0,1.185,50
Dec 07 2015 01: +0,1.17,43
Dec 08 2015 01: +0,1.237,37
Dec 09 2015 01: +0,1.149,43
Dec 10 2015 01: +0,1.181,42
Dec 11 2015 01: +0,1.111,53
Dec 12 2015 01: +0,1.292,50
Dec 13 2015 01: +0,1.264,41
Dec 14 2015 01: +0,1.174,25
Dec 15 2015 01: +0,1.344,40
Dec 16 2015 01: +0,1.24,42
Dec 17 2015 01: +0,1.208,32
Dec 18 2015 01: +0,1.354,32
Dec 19 2015 01: +0,1.46,43
Dec 20 2015 01: +0,1.527,28
Dec 21 2015 01: +0,1.493,32
Dec 22 2015 01: +0,1.439,27
Dec 23 2015 01: +0,1.22,39
Dec 24 2015 01: +0,1.23,36
Dec 25 2015 01: +0,1.26,46
Dec 26 2015 01: +0,1.465,47
Dec 27 2015 01: +0,1.532,47
Dec 28 2015 01: +0,1.557,44
Dec 29 2015 01: +0,1.498,45
Dec 30 2015 01: +0,1.585,51
Dec 31 2015 01: +0,1.621,37
Jan 01 2016 01: +0,1.797,41
Jan 02 2016 01: +0,1.681,41
Jan 03 2016 01: +0,1.629,25
Jan 04 2016 01: +0,1.604,35
Jan 05 2016 01: +0,1.645,42
Jan 06 2016 01: +0,1.9,38
Jan 07 2016 01: +0,1.917,50
Jan 08 2016 01: +0,2.235,38
Jan 09 2016 01: +0,2.186,33
Jan 10 2016 01: +0,2.245,23
Jan 11 2016 01: +0,2.248,25
Jan 12 2016 01: +0,2.171,33
Jan 13 2016 01: +0,2.374,27
Jan 14 2016 01: +0,2.515,47
Jan 15 2016 01: +0,2.759,23
Jan 16 2016 01: +0,2.729,28
Jan 17 2016 01: +0,2.472,18
Jan 18 2016 01: +0,2.309,18
Jan 19 2016 01: +0,2.265,19
Jan 20 2016 01: +0,2.166,21
Jan 21 2016 01: +0,2.136,20
Jan 22 2016 01: +0,2.092,24
Jan 23 2016 01: +0,2.14,28
Jan 24 2016 01: +0,2.138,18
Jan 25 2016 01: +0,2.076,28
Jan 26 2016 01: +0,2.14,21
Jan 27 2016 01: +0,2.032,30
Jan 28 2016 01: +0,1.885,30
Jan 29 2016 01: +0,2.028,26
Jan 30 2016 01: +0,1.956,37
Jan 31 2016 01: +0,2.039,21
Feb 01 2016 01: +0,2.153,19
Feb 02 2016 01: +0,2.137,29
Feb 03 2016 01: +0,2.071,28
Feb 04 2016 01: +0,2.057,23
Feb 05 2016 01: +0,1.965,29
Feb 06 2016 01: +0,1.713,35
Feb 07 2016 01: +0,1.624,49
Feb 08 2016 01: +0,1.816,24
Feb 09 2016 01: +0,2.164,36
Feb 10 2016 01: +0,1.943,17
Feb 11 2016 01: +0,1.779,36
Feb 12 2016 01: +0,1.82,19
Feb 13 2016 01: +0,1.905,30
Feb 14 2016 01: +0,2.039,21
Feb 15 2016 01: +0,1.909,22
Feb 16 2016 01: +0,1.904,25
Feb 17 2016 01: +0,1.917,26
Feb 18 2016 01: +0,1.482,65
Feb 19 2016 01: +0,1.602,44
Feb 20 2016 01: +0,1.965,43
Feb 21 2016 01: +0,1.974,25
Feb 22 2016 01: +0,1.754,30
Feb 23 2016 01: +0,1.889,28
Feb 24 2016 01: +0,1.963,31
Feb 25 2016 01: +0,2.061,33
Feb 26 2016 01: +0,2.065,38
Feb 27 2016 01: +0,2.013,19
Feb 28 2016 01: +0,1.876,25
Feb 29 2016 01: +0,1.956,30
Mar 01 2016 01: +0,1.841,41
Mar 02 2016 01: +0,2.129,27
Mar 03 2016 01: +0,2.075,28
Mar 04 2016 01: +0,1.982,26
Mar 05 2016 01: +0,1.956,31
Mar 06 2016 01: +0,1.899,32
Mar 07 2016 01: +0,1.929,21
Mar 08 2016 01: +0,1.652,37
Mar 09 2016 01: +0,1.71,32
Mar 10 2016 01: +0,1.741,19
Mar 11 2016 01: +0,1.633,34
Mar 12 2016 01: +0,1.679,34
Mar 13 2016 01: +0,1.739,33
Mar 14 2016 01: +0,1.84,20
Mar 15 2016 01: +0,1.902,17
Mar 16 2016 01: +0,2.126,33
Mar 17 2016 01: +0,2.255,22
Mar 18 2016 01: +0,2.071,20
Mar 19 2016 01: +0,2.165,22
Mar 20 2016 01: +0,2.091,17
Mar 21 2016 01: +0,2.038,9
Mar 22 2016 01: +0,1.938,29
Mar 23 2016 01: +0,2.015,14
Mar 24 2016 01: +0,1.919,16
Mar 25 2016 01: +0,1.934,16
Mar 26 2016 01: +0,1.905,23
Mar 27 2016 01: +0,1.953,12
Mar 28 2016 01: +0,1.842,18
Mar 29 2016 01: +0,1.783,28
Mar 30 2016 01: +0,1.825,22
Mar 31 2016 01: +0,1.78,34
Apr 01 2016 01: +0,1.907,37
Apr 02 2016 01: +0,1.981,32
Apr 03 2016 01: +0,1.876,29
Apr 04 2016 01: +0,1.61,22
Apr 05 2016 01: +0,1.552,21
Apr 06 2016 01: +0,1.709,22
Apr 07 2016 01: +0,1.737,15
Apr 08 2016 01: +0,1.743,23
Apr 09 2016 01: +0,1.797,22
Apr 10 2016 01: +0,1.716,23
Apr 11 2016 01: +0,1.614,18
Apr 12 2016 01: +0,1.725,14
Apr 13 2016 01: +0,1.799,18
Apr 14 2016 01: +0,1.803,14
Apr 15 2016 01: +0,1.782,14
Apr 16 2016 01: +0,1.631,24
Apr 17 2016 01: +0,1.886,41
Apr 18 2016 01: +0,2.077,27
Apr 19 2016 01: +0,2.388,29
Apr 20 2016 01: +0,2.239,11
Apr 21 2016 01: +0,2.297,15
Apr 22 2016 01: +0,2.104,21
Apr 23 2016 01: +0,1.839,16
Apr 24 2016 01: +0,1.956,20
Apr 25 2016 01: +0,1.981,18
Apr 26 2016 01: +0,2.043,22
Apr 27 2016 01: +0,2.061,17
Apr 28 2016 01: +0,2.04,28
Apr 29 2016 01: +0,2.147,19
Apr 30 2016 01: +0,2.162,25
May 01 2016 01: +0,2.194,30
May 02 2016 01: +0,1.931,11
May 03 2016 01: +0,2.021,16
May 04 2016 01: +0,1.927,16
May 05 2016 01: +0,1.945,16
May 06 2016 01: +0,1.971,22
May 07 2016 01: +0,1.966,19
May 08 2016 01: +0,2.168,11
May 09 2016 01: +0,1.889,12
May 10 2016 01: +0,1.989,18
May 11 2016 01: +0,1.907,12
May 12 2016 01: +0,1.746,13
May 13 2016 01: +0,1.925,17
May 14 2016 01: +0,1.911,21
May 15 2016 01: +0,2.2,25
May 16 2016 01: +0,1.995,12
May 17 2016 01: +0,1.895,22
May 18 2016 01: +0,1.854,20
May 19 2016 01: +0,1.694,17
May 20 2016 01: +0,1.678,13
May 21 2016 01: +0,1.79,24
May 22 2016 01: +0,1.959,14
May 23 2016 01: +0,1.739,15
May 24 2016 01: +0,1.811,15
May 25 2016 01: +0,1.952,11
May 26 2016 01: +0,1.643,35
May 27 2016 01: +0,1.741,14
May 28 2016 01: +0,2.038,8
May 29 2016 01: +0,1.926,16
May 30 2016 01: +0,1.877,21
May 31 2016 01: +0,1.933,18
Jun 01 2016 01: +0,1.892,15
Jun 02 2016 01: +0,1.9,14
Jun 03 2016 01: +0,2.002,19
Jun 04 2016 01: +0,1.975,23
Jun 05 2016 01: +0,1.945,12
Jun 06 2016 01: +0,1.747,28
Jun 07 2016 01: +0,1.796,7
Jun 08 2016 01: +0,1.628,14
Jun 09 2016 01: +0,1.74,13
Jun 10 2016 01: +0,1.701,23
Jun 11 2016 01: +0,1.704,23
Jun 12 2016 01: +0,1.541,16
Jun 13 2016 01: +0,1.586,19
Jun 14 2016 01: +0,1.682,20
Jun 15 2016 01: +0,1.951,17
Jun 16 2016 01: +0,2.1,11
Jun 17 2016 01: +0,1.98,11
Jun 18 2016 01: +0,1.97,17
Jun 19 2016 01: +0,1.802,15
Jun 20 2016 01: +0,2.027,14
Jun 21 2016 01: +0,1.812,16
Jun 22 2016 01: +0,1.778,8
Jun 23 2016 01: +0,1.646,17
Jun 24 2016 01: +0,1.634,15
Jun 25 2016 01: +0,1.451,21
Jun 26 2016 01: +0,1.291,20
Jun 27 2016 01: +0,1.268,22
Jun 28 2016 01: +0,1.261,28
Jun 29 2016 01: +0,1.453,17
Jun 30 2016 01: +0,1.273,19
Jul 01 2016 01: +0,1.281,18
Jul 02 2016 01: +0,1.352,15
Jul 03 2016 01: +0,1.505,12
Jul 04 2016 01: +0,1.399,16
Jul 05 2016 01: +0,1.467,9
Jul 06 2016 01: +0,1.363,19
Jul 07 2016 01: +0,1.692,20
Jul 08 2016 01: +0,1.737,10
Jul 09 2016 01: +0,1.707,17
Jul 10 2016 01: +0,1.564,17
Jul 11 2016 01: +0,1.539,13
Jul 12 2016 01: +0,1.71,13
Jul 13 2016 01: +0,1.611,9
Jul 14 2016 01: +0,1.503,17
Jul 15 2016 01: +0,1.539,12
Jul 16 2016 01: +0,1.636,9
Jul 17 2016 01: +0,1.747,15
Jul 18 2016 01: +0,1.78,13
Jul 19 2016 01: +0,1.563,19
Jul 20 2016 01: +0,1.37,15
Jul 21 2016 01: +0,1.349,16
Jul 22 2016 01: +0,1.307,13
Jul 23 2016 01: +0,1.322,11
Jul 24 2016 01: +0,1.354,21
Jul 25 2016 01: +0,1.3,7
Jul 26 2016 01: +0,1.422,12
Jul 27 2016 01: +0,1.547,9
Jul 28 2016 01: +0,1.659,3
Jul 29 2016 01: +0,1.593,7
Jul 30 2016 01: +0,1.52,7
Jul 31 2016 01: +0,1.506,8
Aug 01 2016 01: +0,1.568,11
Aug 02 2016 01: +0,1.497,8
Aug 03 2016 01: +0,1.369,11
Aug 04 2016 01: +0,1.55,17
Aug 05 2016 01: +0,1.599,9
Aug 06 2016 01: +0,1.642,13
Aug 07 2016 01: +0,1.789,19
Aug 08 2016 01: +0,1.843,9
Aug 09 2016 01: +0,1.702,10
Aug 10 2016 01: +0,1.743,7
Aug 11 2016 01: +0,1.6,14
Aug 12 2016 01: +0,1.598,15
Aug 13 2016 01: +0,1.438,10
Aug 14 2016 01: +0,1.445,16
Aug 15 2016 01: +0,1.385,8
Aug 16 2016 01: +0,1.243,10
Aug 17 2016 01: +0,1.206,18
Aug 18 2016 01: +0,1.23,9
Aug 19 2016 01: +0,1.308,30
Aug 20 2016 01: +0,1.548,13
Aug 21 2016 01: +0,1.566,9
Aug 22 2016 01: +0,1.615,13
Aug 23 2016 01: +0,1.518,7
Aug 24 2016 01: +0,1.604,18
Aug 25 2016 01: +0,1.591,22
Aug 26 2016 01: +0,1.528,9
Aug 27 2016 01: +0,1.561,13
Aug 28 2016 01: +0,1.608,19
Aug 29 2016 01: +0,1.619,8
Aug 30 2016 01: +0,1.651,13
Aug 31 2016 01: +0,1.606,17
Sep 01 2016 01: +0,1.62,8
Sep 02 2016 01: +0,1.635,13
Sep 03 2016 01: +0,1.711,14
Sep 04 2016 01: +0,1.733,9
Sep 05 2016 01: +0,1.62,5
Sep 06 2016 01: +0,1.528,5
Sep 07 2016 01: +0,1.637,17
Sep 08 2016 01: +0,1.752,10
Sep 09 2016 01: +0,1.616,14
Sep 10 2016 01: +0,1.707,13
Sep 11 2016 01: +0,1.744,28
Sep 12 2016 01: +0,1.681,13
Sep 13 2016 01: +0,1.683,12
Sep 14 2016 01: +0,1.712,13
Sep 15 2016 01: +0,1.791,13
Sep 16 2016 01: +0,1.768,14
Sep 17 2016 01: +0,1.784,21
Sep 18 2016 01: +0,1.797,12
Sep 19 2016 01: +0,1.826,12
Sep 20 2016 01: +0,1.551,17
Sep 21 2016 01: +0,1.713,10
Sep 22 2016 01: +0,1.736,14
Sep 23 2016 01: +0,1.732,13
Sep 24 2016 01: +0,1.837,13
Sep 25 2016 01: +0,1.768,7
Sep 26 2016 01: +0,1.822,13
Sep 27 2016 01: +0,1.722,3
Sep 28 2016 01: +0,1.711,9
Sep 29 2016 01: +0,1.724,11
Sep 30 2016 01: +0,1.716,13
Oct 01 2016 01: +0,1.867,13
Oct 02 2016 01: +0,1.897,11
Oct 03 2016 01: +0,1.829,11
Oct 04 2016 01: +0,1.924,5
Oct 05 2016 01: +0,1.936,11
Oct 06 2016 01: +0,1.808,8
Oct 07 2016 01: +0,1.73,9
Oct 08 2016 01: +0,1.752,11
Oct 09 2016 01: +0,1.817,13
Oct 10 2016 01: +0,1.767,9
Oct 11 2016 01: +0,1.798,11
Oct 12 2016 01: +0,1.653,5
Oct 13 2016 01: +0,1.62,5
Oct 14 2016 01: +0,1.617,9
Oct 15 2016 01: +0,1.468,14
Oct 16 2016 01: +0,1.626,14
Oct 17 2016 01: +0,1.673,7
Oct 18 2016 01: +0,1.631,13
Oct 19 2016 01: +0,1.638,6
Oct 20 2016 01: +0,1.507,6
Oct 21 2016 01: +0,1.572,11
Oct 22 2016 01: +0,1.521,12
Oct 23 2016 01: +0,1.435,11
Oct 24 2016 01: +0,1.507,9
Oct 25 2016 01: +0,1.396,2
Oct 26 2016 01: +0,1.393,13
Oct 27 2016 01: +0,1.331,11
Oct 28 2016 01: +0,1.424,25
Oct 29 2016 01: +0,1.532,12
Oct 30 2016 01: +0,1.542,22
Oct 31 2016 01: +0,1.537,18
Nov 01 2016 01: +0,1.599,11
Nov 02 2016 01: +0,1.582,11
Nov 03 2016 01: +0,1.431,14
Nov 04 2016 01: +0,1.62,17
Nov 05 2016 01: +0,1.724,16
Nov 06 2016 01: +0,1.77,10
Nov 07 2016 01: +0,1.757,7
Nov 08 2016 01: +0,1.805,12
Nov 09 2016 01: +0,1.732,6
Nov 10 2016 01: +0,1.709,7
Nov 11 2016 01: +0,1.713,9
Nov 12 2016 01: +0,1.717,13
Nov 13 2016 01: +0,1.596,8
Nov 14 2016 01: +0,1.51,7
Nov 15 2016 01: +0,1.532,9
Nov 16 2016 01: +0,1.593,12
Nov 17 2016 01: +0,1.522,13
Nov 18 2016 01: +0,1.73,9
Nov 19 2016 01: +0,1.728,18
Nov 20 2016 01: +0,1.775,16
Nov 21 2016 01: +0,1.776,17
Nov 22 2016 01: +0,1.754,16
Nov 23 2016 01: +0,1.745,15
Nov 24 2016 01: +0,1.676,9
Nov 25 2016 01: +0,1.624,12
Nov 26 2016 01: +0,1.705,23
Nov 27 2016 01: +0,1.732,14
Nov 28 2016 01: +0,1.584,13
Nov 29 2016 01: +0,1.511,13
Nov 30 2016 01: +0,1.547,8
Dec 01 2016 01: +0,1.606,9
Dec 02 2016 01: +0,1.706,13
Dec 03 2016 01: +0,1.85,14
Dec 04 2016 01: +0,1.802,8
Dec 05 2016 01: +0,1.711,5
Dec 06 2016 01: +0,1.732,5
Dec 07 2016 01: +0,1.825,7
Dec 08 2016 01: +0,1.837,9
Dec 09 2016 01: +0,1.696,8
Dec 10 2016 01: +0,1.684,11
Dec 11 2016 01: +0,1.514,11
Dec 12 2016 01: +0,1.553,10
Dec 13 2016 01: +0,1.55,12
Dec 14 2016 01: +0,1.756,3
Dec 15 2016 01: +0,1.613,5
Dec 16 2016 01: +0,1.659,12
Dec 17 2016 01: +0,1.687,10
Dec 18 2016 01: +0,1.763,9
Dec 19 2016 01: +0,1.7,14
Dec 20 2016 01: +0,1.563,8
Dec 21 2016 01: +0,1.533,9
Dec 22 2016 01: +0,1.436,10
Dec 23 2016 01: +0,1.511,19
Dec 24 2016 01: +0,1.442,13
Dec 25 2016 01: +0,1.407,10
Dec 26 2016 01: +0,1.358,19
Dec 27 2016 01: +0,1.257,11
Dec 28 2016 01: +0,1.344,11
Dec 29 2016 01: +0,1.438,17
Dec 30 2016 01: +0,1.568,13
Dec 31 2016 01: +0,1.536,10
Jan 01 2017 01: +0,1.338,19
Jan 02 2017 01: +0,1.374,20
Jan 03 2017 01: +0,1.662,12
Jan 04 2017 01: +0,1.82,14
Jan 05 2017 01: +0,1.857,12
Jan 06 2017 01: +0,1.888,4
Jan 07 2017 01: +0,1.82,15
Jan 08 2017 01: +0,1.803,14
Jan 09 2017 01: +0,1.769,8
Jan 10 2017 01: +0,1.735,8
Jan 11 2017 01: +0,1.705,9
Jan 12 2017 01: +0,1.772,13
Jan 13 2017 01: +0,1.776,8
Jan 14 2017 01: +0,1.606,13
Jan 15 2017 01: +0,1.676,8
Jan 16 2017 01: +0,1.774,14
Jan 17 2017 01: +0,1.78,8
Jan 18 2017 01: +0,1.906,9
Jan 19 2017 01: +0,1.712,5
Jan 20 2017 01: +0,1.849,11
Jan 21 2017 01: +0,1.856,10
Jan 22 2017 01: +0,1.562,8
Jan 23 2017 01: +0,1.904,10
Jan 24 2017 01: +0,1.881,3
Jan 25 2017 01: +0,1.841,4
Jan 26 2017 01: +0,1.528,18
Jan 27 2017 01: +0,1.455,10
Jan 28 2017 01: +0,1.753,17
Jan 29 2017 01: +0,1.858,17
Jan 30 2017 01: +0,1.785,9
Jan 31 2017 01: +0,1.6,6
Feb 01 2017 01: +0,1.685,15
Feb 02 2017 01: +0,1.819,17
Feb 03 2017 01: +0,1.816,10
Feb 04 2017 01: +0,1.906,8
Feb 05 2017 01: +0,1.792,5
Feb 06 2017 01: +0,1.774,7
Feb 07 2017 01: +0,1.856,15
Feb 08 2017 01: +0,1.887,8
Feb 09 2017 01: +0,1.901,8
Feb 10 2017 01: +0,1.92,18
Feb 11 2017 01: +0,1.935,10
Feb 12 2017 01: +0,2.014,15
Feb 13 2017 01: +0,1.972,8
Feb 14 2017 01: +0,2.051,6
Feb 15 2017 01: +0,1.962,8
Feb 16 2017 01: +0,2.107,7
Feb 17 2017 01: +0,2.033,6
Feb 18 2017 01: +0,1.723,10
Feb 19 2017 01: +0,1.676,9
Feb 20 2017 01: +0,1.792,5
Feb 21 2017 01: +0,1.719,16
Feb 22 2017 01: +0,1.688,9
Feb 23 2017 01: +0,1.651,14
Feb 24 2017 01: +0,1.849,11
Feb 25 2017 01: +0,1.774,8
Feb 26 2017 01: +0,1.759,6
Feb 27 2017 01: +0,1.65,10
Feb 28 2017 01: +0,1.692,8
Mar 01 2017 01: +0,1.718,9
Mar 02 2017 01: +0,1.853,7
Mar 03 2017 01: +0,1.935,9
Mar 04 2017 01: +0,1.966,15
Mar 05 2017 01: +0,2.028,8
Mar 06 2017 01: +0,1.765,4
Mar 07 2017 01: +0,1.796,5
Mar 08 2017 01: +0,1.688,5
Mar 09 2017 01: +0,1.682,11
Mar 10 2017 01: +0,1.564,9
Mar 11 2017 01: +0,1.61,6
Mar 12 2017 01: +0,1.772,6
Mar 13 2017 01: +0,1.702,10
Mar 14 2017 01: +0,1.751,7
Mar 15 2017 01: +0,1.722,9
Mar 16 2017 01: +0,1.79,9
Mar 17 2017 01: +0,1.631,7
Mar 18 2017 01: +0,1.738,10
Mar 19 2017 01: +0,1.848,20
Mar 20 2017 01: +0,2.043,6
Mar 21 2017 01: +0,1.852,4
Mar 22 2017 01: +0,1.729,8
Mar 23 2017 01: +0,1.701,5
Mar 24 2017 01: +0,1.714,11
Mar 25 2017 01: +0,1.705,8
Mar 26 2017 01: +0,1.698,9
Mar 27 2017 01: +0,1.591,10
Mar 28 2017 01: +0,1.605,10
Mar 29 2017 01: +0,1.602,4
Mar 30 2017 01: +0,1.584,14
Mar 31 2017 01: +0,1.588,8
Apr 01 2017 01: +0,1.717,15
Apr 02 2017 01: +0,1.769,7
Apr 03 2017 01: +0,1.814,8
Apr 04 2017 01: +0,1.745,8
Apr 05 2017 01: +0,1.716,11
Apr 06 2017 01: +0,1.79,5
Apr 07 2017 01: +0,1.707,6
Apr 08 2017 01: +0,1.689,12
Apr 09 2017 01: +0,1.587,10
Apr 10 2017 01: +0,1.445,8
Apr 11 2017 01: +0,1.631,3
Apr 12 2017 01: +0,1.742,3
Apr 13 2017 01: +0,1.768,6
Apr 14 2017 01: +0,1.689,10
Apr 15 2017 01: +0,1.675,7
Apr 16 2017 01: +0,1.586,9
Apr 17 2017 01: +0,1.683,9
Apr 18 2017 01: +0,1.717,11
Apr 19 2017 01: +0,1.718,6
Apr 20 2017 01: +0,1.472,5
Apr 21 2017 01: +0,1.537,9
Apr 22 2017 01: +0,1.561,11
Apr 23 2017 01: +0,1.556,5
Apr 24 2017 01: +0,1.64,10
Apr 25 2017 01: +0,1.726,13
Apr 26 2017 01: +0,1.699,6
Apr 27 2017 01: +0,1.745,13
Apr 28 2017 01: +0,1.769,17
Apr 29 2017 01: +0,1.858,12
Apr 30 2017 01: +0,1.844,13
May 01 2017 01: +0,1.716,4
May 02 2017 01: +0,1.803,5
May 03 2017 01: +0,1.852,11
May 04 2017 01: +0,1.799,8
May 05 2017 01: +0,1.755,15
May 06 2017 01: +0,1.716,5
May 07 2017 01: +0,1.624,7
May 08 2017 01: +0,1.568,14
May 09 2017 01: +0,1.703,5
May 10 2017 01: +0,1.71,3
May 11 2017 01: +0,1.629,10
May 12 2017 01: +0,1.587,5
May 13 2017 01: +0,1.829,24
May 14 2017 01: +0,1.967,4
May 15 2017 01: +0,1.877,15
May 16 2017 01: +0,1.801,8
May 17 2017 01: +0,1.817,3
May 18 2017 01: +0,1.695,21
May 19 2017 01: +0,1.895,6
May 20 2017 01: +0,1.846,15
May 21 2017 01: +0,1.837,11
May 22 2017 01: +0,1.821,4
May 23 2017 01: +0,1.846,11
May 24 2017 01: +0,1.57,9
May 25 2017 01: +0,1.534,8
May 26 2017 01: +0,1.539,5
May 27 2017 01: +0,1.553,11
May 28 2017 01: +0,1.589,3
May 29 2017 01: +0,1.615,7
May 30 2017 01: +0,1.478,3
May 31 2017 01: +0,1.547,13
Jun 01 2017 01: +0,1.688,8
Jun 02 2017 01: +0,1.618,5
Jun 03 2017 01: +0,1.647,5
Jun 04 2017 01: +0,1.629,12
Jun 05 2017 01: +0,1.681,9
Jun 06 2017 01: +0,1.65,4
Jun 07 2017 01: +0,1.726,9
Jun 08 2017 01: +0,1.623,3
Jun 09 2017 01: +0,1.728,7
Jun 10 2017 01: +0,1.78,20
Jun 11 2017 01: +0,1.945,72
Jun 12 2017 01: +0,2.081,16
Jun 13 2017 01: +0,2.296,22
Jun 14 2017 01: +0,2.522,39
Jun 15 2017 01: +0,2.779,15
Jun 16 2017 01: +0,2.529,8
Jun 17 2017 01: +0,2.425,13
Jun 18 2017 01: +0,2.542,4
Jun 19 2017 01: +0,2.316,9
Jun 20 2017 01: +0,2.091,7
Jun 21 2017 01: +0,1.984,3
Jun 22 2017 01: +0,1.953,7
Jun 23 2017 01: +0,1.836,11
Jun 24 2017 01: +0,1.775,14
Jun 25 2017 01: +0,1.952,5
Jun 26 2017 01: +0,1.601,8
Jun 27 2017 01: +0,1.706,8
Jun 28 2017 01: +0,1.591,13
Jun 29 2017 01: +0,1.608,5
Jun 30 2017 01: +0,1.685,8
Jul 01 2017 01: +0,1.662,6
Jul 02 2017 01: +0,1.386,8
Jul 03 2017 01: +0,1.437,16
Jul 04 2017 01: +0,1.626,7
Jul 05 2017 01: +0,1.563,13
Jul 06 2017 01: +0,1.603,10
Jul 07 2017 01: +0,1.745,9
Jul 08 2017 01: +0,1.621,5
Jul 09 2017 01: +0,1.56,2
Jul 10 2017 01: +0,1.6,8
Jul 11 2017 01: +0,1.575,11
Jul 12 2017 01: +0,1.573,6
Jul 13 2017 01: +0,1.615,10
Jul 14 2017 01: +0,1.699,11
Jul 15 2017 01: +0,1.7,6
Jul 16 2017 01: +0,1.679,5
Jul 17 2017 01: +0,1.65,57
Jul 18 2017 01: +0,1.716,9
Jul 19 2017 01: +0,1.775,4
Jul 20 2017 01: +0,1.927,17
Jul 21 2017 01: +0,2.181,3
Jul 22 2017 01: +0,2.367,22
Jul 23 2017 01: +0,2.449,21
Jul 24 2017 01: +0,2.52,10
Jul 25 2017 01: +0,2.466,8
Jul 26 2017 01: +0,2.58,4
Jul 27 2017 01: +0,2.725,10
Jul 28 2017 01: +0,2.913,18
Jul 29 2017 01: +0,2.949,4
Jul 30 2017 01: +0,3.058,8
Jul 31 2017 01: +0,2.731,7
Aug 01 2017 01: +0,2.538,4
Aug 02 2017 01: +0,2.827,12
Aug 03 2017 01: +0,3.205,13
Aug 05 2017 01: +0,3.438,6
Aug 06 2017 01: +0,2.808,10
Aug 07 2017 01: +0,3.253,3
Aug 08 2017 01: +0,3.134,5
Aug 09 2017 01: +0,2.901,17
Aug 10 2017 01: +0,3.105,2
Aug 11 2017 01: +0,3.413,27
Aug 12 2017 01: +0,3.159,17
Aug 13 2017 01: +0,2.971,6
Aug 14 2017 01: +0,3.138,30
Aug 15 2017 01: +0,3.125,11
Aug 16 2017 01: +0,3.554,52
Aug 17 2017 01: +0,3.593,29
Aug 18 2017 01: +0,2.856,4
Aug 19 2017 01: +0,2.338,3
Aug 20 2017 01: +0,2.185,7
Aug 21 2017 01: +0,2.024,10
Aug 22 2017 01: +0,2.07,2
Aug 23 2017 01: +0,1.938,11
Aug 24 2017 01: +0,1.905,4
Aug 25 2017 01: +0,1.922,7
Aug 26 2017 01: +0,1.84,4
Aug 27 2017 01: +0,1.649,5
Aug 28 2017 01: +0,1.75,15
Aug 29 2017 01: +0,1.613,8
Aug 30 2017 01: +0,1.755,1
Aug 31 2017 01: +0,1.581,5
Sep 01 2017 01: +0,1.635,8
Sep 02 2017 01: +0,1.71,12
Sep 03 2017 01: +0,1.598,9
Sep 04 2017 01: +0,1.603,8
Sep 05 2017 01: +0,1.612,4
Sep 06 2017 01: +0,1.58,4
Sep 07 2017 01: +0,1.508,7
Sep 08 2017 01: +0,1.515,8
Sep 09 2017 01: +0,1.579,5
Sep 10 2017 01: +0,1.439,7
Sep 11 2017 01: +0,1.42,10
Sep 12 2017 01: +0,1.399,4
Sep 13 2017 01: +0,1.499,14
Sep 14 2017 01: +0,1.686,10
Sep 15 2017 01: +0,1.527,9
Sep 16 2017 01: +0,1.569,11
Sep 17 2017 01: +0,1.547,7
Sep 18 2017 01: +0,1.524,8
Sep 19 2017 01: +0,1.472,12
Sep 20 2017 01: +0,1.541,4
Sep 21 2017 01: +0,1.588,11
Sep 22 2017 01: +0,1.633,7
Sep 23 2017 01: +0,1.65,6
Sep 24 2017 01: +0,1.526,11
Sep 25 2017 01: +0,1.357,10
Sep 26 2017 01: +0,1.486,5
Sep 27 2017 01: +0,1.516,7
Sep 28 2017 01: +0,1.498,56
Sep 29 2017 01: +0,1.645,43
Sep 30 2017 01: +0,1.705,11
Oct 01 2017 01: +0,1.802,7
Oct 02 2017 01: +0,1.747,7
Oct 03 2017 01: +0,1.77,4
Oct 04 2017 01: +0,1.801,16
Oct 05 2017 01: +0,1.791,7
Oct 06 2017 01: +0,1.903,3
Oct 07 2017 01: +0,1.675,11
Oct 08 2017 01: +0,1.733,14
Oct 09 2017 01: +0,1.834,4
Oct 10 2017 01: +0,1.829,5
Oct 11 2017 01: +0,1.787,3
Oct 12 2017 01: +0,1.792,8
Oct 13 2017 01: +0,1.85,7
Oct 14 2017 01: +0,1.803,8
Oct 15 2017 01: +0,1.983,9
Oct 16 2017 01: +0,1.789,7
Oct 17 2017 01: +0,1.835,2
Oct 18 2017 01: +0,1.96,3
Oct 19 2017 01: +0,1.9,1
Oct 20 2017 01: +0,1.84,10
Oct 21 2017 01: +0,1.948,8
Oct 22 2017 01: +0,1.962,8
Oct 23 2017 01: +0,1.88,2
Oct 24 2017 01: +0,1.997,2
Oct 25 2017 01: +0,1.974,3
Oct 26 2017 01: +0,1.945,4
Oct 27 2017 01: +0,1.958,4
Oct 28 2017 01: +0,1.978,5
Oct 29 2017 01: +0,1.951,6
Oct 30 2017 01: +0,1.888,6
Oct 31 2017 01: +0,1.977,2
Nov 01 2017 01: +0,1.76,1
Nov 02 2017 01: +0,1.898,4
Nov 03 2017 01: +0,1.985,1
Nov 04 2017 01: +0,1.896,3
Nov 05 2017 01: +0,1.74,10
Nov 06 2017 01: +0,1.802,4
Nov 07 2017 01: +0,1.783,7
Nov 08 2017 01: +0,1.825,6
Nov 09 2017 01: +0,1.862,5
Nov 10 2017 01: +0,1.693,3
Nov 11 2017 01: +0,1.71,7
Nov 12 2017 01: +0,1.758,4
Nov 13 2017 01: +0,1.679,1
Nov 14 2017 01: +0,1.376,4
Nov 15 2017 01: +0,1.678,3
Nov 16 2017 01: +0,1.687,10
Nov 17 2017 01: +0,1.632,9
Nov 18 2017 01: +0,1.717,5
Nov 19 2017 01: +0,1.744,58
Nov 20 2017 01: +0,1.963,11
Nov 21 2017 01: +0,1.929,5
Nov 22 2017 01: +0,1.924,6
Nov 23 2017 01: +0,1.795,5
Nov 24 2017 01: +0,1.952,14
Nov 25 2017 01: +0,2.026,4
Nov 26 2017 01: +0,1.908,8
Nov 27 2017 01: +0,1.891,8
Nov 28 2017 01: +0,1.86,3
Nov 29 2017 01: +0,1.854,3
Nov 30 2017 01: +0,1.965,4
Dec 01 2017 01: +0,1.963,2
Dec 02 2017 01: +0,1.974,8
Dec 03 2017 01: +0,1.956,3
Dec 04 2017 01: +0,1.887,7
Dec 05 2017 01: +0,1.993,8
Dec 06 2017 01: +0,1.953,3
Dec 07 2017 01: +0,1.88,6
Dec 08 2017 01: +0,2.002,8
Dec 09 2017 01: +0,1.935,5
Dec 10 2017 01: +0,1.951,4
Dec 11 2017 01: +0,1.977,8
Dec 12 2017 01: +0,1.93,2
Dec 13 2017 01: +0,1.969,4
Dec 14 2017 01: +0,2,3
Dec 15 2017 01: +0,1.926,4
Dec 16 2017 01: +0,2.007,3
Dec 17 2017 01: +0,2.022,2
Dec 18 2017 01: +0,1.994,8
Dec 19 2017 01: +0,2.041,8
Dec 20 2017 01: +0,2.073,16
Dec 21 2017 01: +0,2.027,10
Dec 22 2017 01: +0,2.052,6
Dec 23 2017 01: +0,2.124,9
Dec 24 2017 01: +0,2.144,12
Dec 25 2017 01: +0,2.178,5
Dec 26 2017 01: +0,2.149,7
Dec 27 2017 01: +0,2.322,1
Dec 28 2017 01: +0,2.13,10
Dec 29 2017 01: +0,2.101,8
Dec 30 2017 01: +0,1.613,8
Dec 31 2017 01: +0,2.125,7
Jan 01 2018 01: +0,2.211,4
Jan 02 2018 01: +0,2.154,2
Jan 03 2018 01: +0,2.165,3
Jan 04 2018 01: +0,2.053,6
Jan 05 2018 01: +0,2.032,27
Jan 06 2018 01: +0,2.312,9
Jan 07 2018 01: +0,2.265,2
Jan 08 2018 01: +0,2.07,3
Jan 09 2018 01: +0,2.15,3
Jan 10 2018 01: +0,2.206,1
Jan 11 2018 01: +0,2.014,5
Jan 12 2018 01: +0,2.084,2
Jan 13 2018 01: +0,2.024,4
Jan 14 2018 01: +0,2.063,2
Jan 15 2018 01: +0,2.079,5
Jan 16 2018 01: +0,2.158,4
Jan 17 2018 01: +0,2.07,1
Jan 18 2018 01: +0,2.174,2
Jan 19 2018 01: +0,2.067,3
Jan 20 2018 01: +0,2.176,8
Jan 21 2018 01: +0,2.212,16
Jan 22 2018 01: +0,2.206,3
Jan 23 2018 01: +0,2.288,6
Jan 24 2018 01: +0,2.205,6
Jan 25 2018 01: +0,2.37,2
Jan 26 2018 01: +0,2.262,13
Jan 27 2018 01: +0,2.215,10
Jan 28 2018 01: +0,2.281,4
Jan 29 2018 01: +0,2.353,7
Jan 30 2018 01: +0,2.274,5
Jan 31 2018 01: +0,2.296,3
Feb 01 2018 01: +0,2.427,3
Feb 02 2018 01: +0,2.316,2
Feb 03 2018 01: +0,2.456,30
Feb 04 2018 01: +0,2.932,13
Feb 05 2018 01: +0,3.871,18
Feb 06 2018 01: +0,4.661,9
Feb 07 2018 01: +0,5.024,18
Feb 08 2018 01: +0,6.358,19
Feb 09 2018 01: +0,6.977,14
Feb 10 2018 01: +0,8.254,23
Feb 11 2018 01: +0,7.557,9
Feb 12 2018 01: +0,7.248,14
Feb 13 2018 01: +0,7.7,13
Feb 14 2018 01: +0,7.223,10
Feb 15 2018 01: +0,6.819,9
Feb 16 2018 01: +0,7.625,6
Feb 17 2018 01: +0,7.822,7
Feb 18 2018 01: +0,7.892,16
Feb 19 2018 01: +0,8.2,15
Feb 20 2018 01: +0,8.604,15
Feb 21 2018 01: +0,8.791,11
Feb 22 2018 01: +0,8.394,15
Feb 23 2018 01: +0,7.892,5
Feb 24 2018 01: +0,8.6,1
Feb 25 2018 01: +0,8.722,14
Feb 26 2018 01: +0,8.987,7
Feb 27 2018 01: +0,8.887,12
Feb 28 2018 01: +0,8.923,20
Mar 01 2018 01: +0,10.338,18
Mar 02 2018 01: +0,13.504,20
Mar 03 2018 01: +0,14.979,26
Mar 04 2018 01: +0,15.343,28
Mar 05 2018 01: +0,17.841,19
Mar 06 2018 01: +0,20.049,38
Mar 07 2018 01: +0,19.234,21
Mar 08 2018 01: +0,19.929,33
Mar 09 2018 01: +0,22.77,22
Mar 10 2018 01: +0,24.263,29
Mar 11 2018 01: +0,21.868,9
Mar 12 2018 01: +0,23.048,36
Mar 13 2018 01: +0,16.99,2
Mar 14 2018 01: +0,12.62,5
Mar 15 2018 01: +0,10.049,4
Mar 16 2018 01: +0,12.34,5
Mar 17 2018 01: +0,8.765,4
Mar 18 2018 01: +0,7.587,9
Mar 19 2018 01: +0,6.961,19
Mar 21 2018 01: +0,6.204,13
Mar 22 2018 01: +0,2.749,1
Mar 24 2018 01: +0,3.736,5
Mar 25 2018 01: +0,3.411,7
Mar 26 2018 01: +0,2.943,2
Mar 27 2018 01: +0,2.693,18
Mar 28 2018 01: +0,2.494,11
Mar 29 2018 01: +0,2.58,15
Mar 30 2018 01: +0,2.103,49
Mar 31 2018 01: +0,1.822,27
Apr 01 2018 01: +0,1.911,35
Apr 02 2018 01: +0,2.321,29
Apr 03 2018 01: +0,2.262,31
Apr 04 2018 01: +0,2.238,9
Apr 05 2018 01: +0,2.276,21
Apr 06 2018 01: +0,2.816,39
Apr 07 2018 01: +0,2.606,28
Apr 08 2018 01: +0,2.539,6
Apr 09 2018 01: +0,2.543,6
Apr 10 2018 01: +0,2.697,13
Apr 11 2018 01: +0,2.835,14
Apr 12 2018 01: +0,2.629,13
Apr 13 2018 01: +0,2.6,9
Apr 14 2018 01: +0,2.447,12
Apr 15 2018 01: +0,2.327,7
Apr 16 2018 01: +0,2.494,5
Apr 17 2018 01: +0,2.312,4
Apr 18 2018 01: +0,2.281,32
Apr 19 2018 01: +0,2.284,15
Apr 20 2018 01: +0,2.43,8
Apr 21 2018 01: +0,2.324,6
Apr 22 2018 01: +0,2.198,4
Apr 23 2018 01: +0,2.252,3
Apr 24 2018 01: +0,2.25,2
Apr 25 2018 01: +0,2.198,8
Apr 26 2018 01: +0,2.262,6
Apr 27 2018 01: +0,2.23,5
Apr 28 2018 01: +0,2.311,2
Apr 29 2018 01: +0,2.276,10
Apr 30 2018 01: +0,2.199,5
May 01 2018 01: +0,2.192,9
May 02 2018 01: +0,2.223,2
May 03 2018 01: +0,2.251,7
May 04 2018 01: +0,2.334,8
May 05 2018 01: +0,2.393,8
May 06 2018 01: +0,2.41,21
May 07 2018 01: +0,2.256,5
May 08 2018 01: +0,2.202,23
May 09 2018 01: +0,2.082,9
May 10 2018 01: +0,2.264,15
May 11 2018 01: +0,2.155,3
May 12 2018 01: +0,2.065,7
May 13 2018 01: +0,2.044,5
May 14 2018 01: +0,2.106,12
May 15 2018 01: +0,2.03,1
May 16 2018 01: +0,2.226,2
May 17 2018 01: +0,1.967,21
May 18 2018 01: +0,1.883,3
May 19 2018 01: +0,2.118,8
May 20 2018 01: +0,2.091,12
May 21 2018 01: +0,2.033,11
May 22 2018 01: +0,2.133,4
May 23 2018 01: +0,2.081,12
May 24 2018 01: +0,2.105,3
May 25 2018 01: +0,2.117,2
May 26 2018 01: +0,2.026,6
May 27 2018 01: +0,1.98,1
May 28 2018 01: +0,1.919,4
May 29 2018 01: +0,1.932,2
May 30 2018 01: +0,1.946,17
May 31 2018 01: +0,1.88,5
Jun 01 2018 01: +0,1.945,7
Jun 02 2018 01: +0,1.987,5
Jun 03 2018 01: +0,1.71,3
Jun 04 2018 01: +0,1.902,4
Jun 05 2018 01: +0,1.949,1
Jun 06 2018 01: +0,1.989,6
Jun 07 2018 01: +0,2.015,2
Jun 08 2018 01: +0,2.006,3
Jun 09 2018 01: +0,1.953,5
Jun 10 2018 01: +0,1.926,3
Jun 11 2018 01: +0,1.87,8
Jun 12 2018 01: +0,1.848,9
Jun 13 2018 01: +0,1.894,7
Jun 14 2018 01: +0,1.893,3
Jun 15 2018 01: +0,1.924,10
Jun 16 2018 01: +0,1.732,5
Jun 17 2018 01: +0,1.912,2
Jun 18 2018 01: +0,1.772,5
Jun 19 2018 01: +0,1.841,14
Jun 20 2018 01: +0,1.817,2
Jun 21 2018 01: +0,1.529,12
Jun 22 2018 01: +0,1.54,12
Jun 23 2018 01: +0,1.719,19
Jun 24 2018 01: +0,1.735,9
Jun 25 2018 01: +0,1.694,12
Jun 26 2018 01: +0,1.803,7
Jun 27 2018 01: +0,1.681,3
Jun 28 2018 01: +0,1.522,5
Jun 29 2018 01: +0,1.65,4
Jun 30 2018 01: +0,1.603,4
Jul 01 2018 01: +0,1.826,3
Jul 02 2018 01: +0,1.87,4
Jul 03 2018 01: +0,1.669,6
Jul 04 2018 01: +0,1.747,2
Jul 05 2018 01: +0,1.596,4
Jul 06 2018 01: +0,1.782,2
Jul 07 2018 01: +0,1.806,1
Jul 08 2018 01: +0,1.85,2
Jul 09 2018 01: +0,1.869,6
Jul 10 2018 01: +0,1.864,8
Jul 11 2018 01: +0,1.826,1
Jul 12 2018 01: +0,1.688,5
Jul 13 2018 01: +0,1.725,4
Jul 14 2018 01: +0,1.823,7
Jul 15 2018 01: +0,1.85,2
Jul 16 2018 01: +0,1.815,5
Jul 17 2018 01: +0,1.855,2
Jul 18 2018 01: +0,1.839,3
Jul 19 2018 01: +0,1.724,3
Jul 20 2018 01: +0,1.845,4
Jul 21 2018 01: +0,1.884,1
Jul 22 2018 01: +0,1.83,12
Jul 23 2018 01: +0,1.87,1
Jul 24 2018 01: +0,1.826,7
Jul 25 2018 01: +0,1.857,7
Jul 26 2018 01: +0,1.903,4
Jul 27 2018 01: +0,1.994,7
Jul 28 2018 01: +0,2.019,4
Jul 29 2018 01: +0,1.57,5
Jul 30 2018 01: +0,1.656,4
Jul 31 2018 01: +0,1.901,5
Aug 01 2018 01: +0,2.013,6
Aug 02 2018 01: +0,1.66,4
Aug 03 2018 01: +0,1.598,3
Aug 04 2018 01: +0,1.592,7
Aug 05 2018 01: +0,1.713,3
Aug 06 2018 01: +0,1.704,4
Aug 08 2018 01: +0,1.742,2
Aug 09 2018 01: +0,1.639,7
Aug 10 2018 01: +0,1.901,5
Aug 11 2018 01: +0,1.798,4
Aug 12 2018 01: +0,1.581,4
Aug 13 2018 01: +0,1.796,12
Aug 14 2018 01: +0,1.779,5
Aug 15 2018 01: +0,1.71,5
Aug 16 2018 01: +0,1.933,3
Aug 17 2018 01: +0,1.989,5
Aug 18 2018 01: +0,2.012,1
Aug 19 2018 01: +0,2.131,3
Aug 20 2018 01: +0,1.917,4
Aug 21 2018 01: +0,1.889,3
Aug 22 2018 01: +0,1.743,1
Aug 23 2018 01: +0,1.708,3
Aug 25 2018 01: +0,1.836,5
Aug 26 2018 01: +0,1.964,3
Aug 27 2018 01: +0,1.626,1
Aug 28 2018 01: +0,1.927,2
Aug 29 2018 01: +0,1.93,6
Aug 30 2018 01: +0,1.912,5
Aug 31 2018 01: +0,2.017,9
Sep 01 2018 01: +0,2.172,1
Sep 02 2018 01: +0,1.893,2
Sep 03 2018 01: +0,1.928,3
Sep 04 2018 01: +0,1.975,3
Sep 05 2018 01: +0,1.836,12
Sep 06 2018 01: +0,1.92,6
Sep 07 2018 01: +0,1.93,10
Sep 08 2018 01: +0,1.836,6
Sep 09 2018 01: +0,1.784,2
Sep 10 2018 01: +0,1.903,9
Sep 11 2018 01: +0,2.067,3
Sep 12 2018 01: +0,2.093,4
Sep 13 2018 01: +0,2.012,5
Sep 14 2018 01: +0,2.081,6
Sep 15 2018 01: +0,1.953,5
Sep 16 2018 01: +0,1.886,4
Sep 17 2018 01: +0,2.04,1
Sep 18 2018 01: +0,1.556,5
Sep 19 2018 01: +0,1.867,3
Sep 20 2018 01: +0,2.111,5
Sep 21 2018 01: +0,2.198,3
Sep 22 2018 01: +0,2.029,3
Sep 23 2018 01: +0,1.868,6
Sep 24 2018 01: +0,1.97,7
Sep 25 2018 01: +0,1.835,3
Sep 26 2018 01: +0,1.746,1
Sep 27 2018 01: +0,1.975,2
Sep 28 2018 01: +0,1.989,4
Sep 29 2018 01: +0,2.118,6
Sep 30 2018 01: +0,2.054,4
Oct 01 2018 01: +0,1.961,2
Oct 02 2018 01: +0,1.862,6
Oct 03 2018 07: +0,1.836,1
Oct 03 2018 11: +0,1.855,1
Oct 03 2018 14: +0,1.7,1
Oct 03 2018 16: +0,1.752,1
Oct 04 2018 13: +0,1.821,1
Oct 04 2018 16: +0,1.856,1
Oct 05 2018 00: +0,1.98,1
Oct 05 2018 03: +0,1.97,1
Oct 05 2018 10: +0,2.038,1
Oct 06 2018 11: +0,2.062,1
Oct 06 2018 12: +0,2.092,2
Oct 06 2018 13: +0,2.074,1
Oct 06 2018 16: +0,1.765,2
Oct 07 2018 08: +0,2.063,2
Oct 07 2018 12: +0,2.074,1
Oct 07 2018 13: +0,1.7,1
Oct 08 2018 08: +0,1.68,1
Oct 09 2018 16: +0,1.958,1
Oct 10 2018 07: +0,1.98,1
Oct 10 2018 17: +0,1.984,1
Oct 12 2018 13: +0,1.987,1
Oct 12 2018 14: +0,1.987,1
Oct 12 2018 22: +0,1.986,7
Oct 12 2018 23: +0,2.125,1
Oct 13 2018 03: +0,2.115,1
Oct 13 2018 05: +0,2.14,1
Oct 13 2018 06: +0,2.148,1
Oct 13 2018 07: +0,2.144,1
Oct 13 2018 17: +0,2.144,1
Oct 14 2018 13: +0,2.147,1
Oct 14 2018 14: +0,1.963,1
Oct 15 2018 08: +0,2.147,1
Oct 15 2018 11: +0,2.15,1
Oct 15 2018 19: +0,1.915,3
Oct 16 2018 10: +0,1.828,1
Oct 16 2018 18: +0,2.13,1
Oct 17 2018 12: +0,2.158,1
Oct 17 2018 15: +0,1.84,1
Oct 18 2018 08: +0,1.769,1
Oct 18 2018 15: +0,1.975,1
Oct 18 2018 21: +0,2.182,1
Oct 19 2018 02: +0,1.81,1
Oct 19 2018 11: +0,2.159,1
Oct 21 2018 08: +0,1.77,1
Oct 21 2018 21: +0,1.752,1
Oct 22 2018 00: +0,1.924,2
Oct 22 2018 16: +0,2.004,1
Oct 23 2018 09: +0,1.72,1
Oct 23 2018 18: +0,1.901,2
Oct 23 2018 19: +0,1.904,1
Oct 24 2018 10: +0,1.994,1
Oct 24 2018 19: +0,1.708,1
Oct 25 2018 10: +0,1.8,1
Oct 25 2018 13: +0,1.8,1
Oct 25 2018 14: +0,1.937,1
Oct 25 2018 21: +0,1.931,1
Oct 26 2018 15: +0,1.935,1
Oct 27 2018 09: +0,1.928,1
Oct 27 2018 11: +0,1.944,1
Oct 27 2018 12: +0,1.973,1
Oct 27 2018 19: +0,1.917,1
Oct 28 2018 14: +0,1.974,1
Oct 29 2018 13: +0,1.974,1
Oct 30 2018 17: +0,0.64,1
Oct 31 2018 09: +0,1.702,1
Oct 31 2018 19: +0,1.924,1
Nov 01 2018 23: +0,1.887,1
Nov 02 2018 11: +0,1.778,1
