Aug 05 2014 01: +0,0.549,4106
Aug 06 2014 01: +0,0.526,1915
Aug 07 2014 01: +0,0.524,1439
Aug 08 2014 01: +0,0.492,1235
Aug 09 2014 01: +0,0.539,1265
Aug 10 2014 01: +0,0.523,1099
Aug 11 2014 01: +0,0.488,1110
Aug 12 2014 01: +0,0.494,1308
Aug 13 2014 01: +0,0.508,1887
Aug 14 2014 01: +0,1.062,4691
Aug 15 2014 01: +0,1.487,2741
Aug 16 2014 01: +0,1.252,1631
Aug 17 2014 01: +0,0.116,14182
Aug 18 2014 01: +0,0.096,5704
Aug 19 2014 01: +0,0.218,2363
Aug 20 2014 01: +0,0.211,1600
Aug 21 2014 01: +0,0.197,1441
Aug 22 2014 01: +0,0.188,1466
Aug 23 2014 01: +0,0.188,1373
Aug 24 2014 01: +0,0.182,1250
Aug 25 2014 01: +0,0.187,1355
Aug 26 2014 01: +0,0.181,1251
Aug 27 2014 01: +0,0.19,1164
Aug 28 2014 01: +0,0.192,1147
Aug 29 2014 01: +0,0.202,1131
Aug 30 2014 01: +0,0.22,1198
Aug 31 2014 01: +0,0.242,1229
Sep 01 2014 01: +0,0.276,1147
Sep 02 2014 01: +0,0.356,1223
Sep 03 2014 01: +0,0.343,966
Sep 04 2014 01: +0,0.278,944
Sep 05 2014 01: +0,0.266,902
Sep 06 2014 01: +0,0.25,962
Sep 07 2014 01: +0,0.246,868
Sep 08 2014 01: +0,0.243,717
Sep 09 2014 01: +0,0.249,715
Sep 10 2014 01: +0,0.241,754
Sep 11 2014 01: +0,0.206,869
Sep 12 2014 01: +0,0.197,916
Sep 13 2014 01: +0,0.204,1026
Sep 14 2014 01: +0,0.224,864
Sep 15 2014 01: +0,0.234,626
Sep 16 2014 01: +0,0.229,671
Sep 17 2014 01: +0,0.235,771
Sep 18 2014 01: +0,0.228,730
Sep 19 2014 01: +0,0.215,734
Sep 20 2014 01: +0,0.211,809
Sep 21 2014 01: +0,0.232,778
Sep 22 2014 01: +0,0.219,614
Sep 23 2014 01: +0,0.212,576
Sep 24 2014 01: +0,0.217,614
Sep 25 2014 01: +0,0.216,629
Sep 26 2014 01: +0,0.209,736
Sep 27 2014 01: +0,0.214,849
Sep 28 2014 01: +0,0.217,776
Sep 29 2014 01: +0,0.208,636
Sep 30 2014 01: +0,0.206,604
Oct 01 2014 01: +0,0.207,721
Oct 02 2014 01: +0,0.211,664
Oct 03 2014 01: +0,0.21,690
Oct 04 2014 01: +0,0.223,747
Oct 05 2014 01: +0,0.222,732
Oct 06 2014 01: +0,0.216,549
Oct 07 2014 01: +0,0.214,643
Oct 08 2014 01: +0,0.214,593
Oct 09 2014 01: +0,0.216,611
Oct 10 2014 01: +0,0.221,691
Oct 11 2014 01: +0,0.224,778
Oct 12 2014 01: +0,0.229,699
Oct 13 2014 01: +0,0.228,655
Oct 14 2014 01: +0,0.223,572
Oct 15 2014 01: +0,0.232,581
Oct 16 2014 01: +0,0.226,494
Oct 17 2014 01: +0,0.234,550
Oct 18 2014 01: +0,0.238,682
Oct 19 2014 01: +0,0.23,690
Oct 20 2014 01: +0,0.222,563
Oct 21 2014 01: +0,0.224,575
Oct 22 2014 01: +0,0.234,520
Oct 23 2014 01: +0,0.243,571
Oct 24 2014 01: +0,0.237,714
Oct 25 2014 01: +0,0.225,746
Oct 26 2014 01: +0,0.228,710
Oct 27 2014 01: +0,0.227,554
Oct 28 2014 01: +0,0.228,499
Oct 29 2014 01: +0,0.23,617
Oct 30 2014 01: +0,0.229,554
Oct 31 2014 01: +0,0.231,597
Nov 01 2014 01: +0,0.226,823
Nov 02 2014 01: +0,0.222,682
Nov 03 2014 01: +0,0.227,511
Nov 04 2014 01: +0,0.222,485
Nov 05 2014 01: +0,0.222,582
Nov 06 2014 01: +0,0.219,599
Nov 07 2014 01: +0,0.219,565
Nov 08 2014 01: +0,0.226,763
Nov 09 2014 01: +0,0.229,594
Nov 10 2014 01: +0,0.225,509
Nov 11 2014 01: +0,0.223,509
Nov 12 2014 01: +0,0.175,808
Nov 13 2014 01: +0,0.168,565
Nov 14 2014 01: +0,0.19,574
Nov 15 2014 01: +0,0.197,612
Nov 16 2014 01: +0,0.204,585
Nov 17 2014 01: +0,0.207,431
Nov 18 2014 01: +0,0.205,417
Nov 19 2014 01: +0,0.202,451
Nov 20 2014 01: +0,0.201,430
Nov 21 2014 01: +0,0.166,758
Nov 22 2014 01: +0,0.154,577
Nov 23 2014 01: +0,0.162,589
Nov 24 2014 01: +0,0.164,500
Nov 25 2014 01: +0,0.161,476
Nov 26 2014 01: +0,0.161,534
Nov 27 2014 01: +0,0.159,509
Nov 28 2014 01: +0,0.152,573
Nov 29 2014 01: +0,0.141,364
Nov 30 2014 01: +0,0.116,785
Dec 01 2014 01: +0,0.121,576
Dec 02 2014 01: +0,0.152,444
Dec 03 2014 01: +0,0.178,385
Dec 04 2014 01: +0,0.174,414
Dec 05 2014 01: +0,0.187,375
Dec 06 2014 01: +0,0.197,484
Dec 07 2014 01: +0,0.191,460
Dec 08 2014 01: +0,0.189,435
Dec 09 2014 01: +0,0.191,325
Dec 10 2014 01: +0,0.189,452
Dec 11 2014 01: +0,0.188,396
Dec 12 2014 01: +0,0.181,436
Dec 13 2014 01: +0,0.185,512
Dec 14 2014 01: +0,0.183,509
Dec 15 2014 01: +0,0.178,473
Dec 16 2014 01: +0,0.172,450
Dec 17 2014 01: +0,0.181,426
Dec 18 2014 01: +0,0.192,375
Dec 19 2014 01: +0,0.192,362
Dec 20 2014 01: +0,0.189,437
Dec 21 2014 01: +0,0.199,396
Dec 22 2014 01: +0,0.195,420
Dec 23 2014 01: +0,0.201,363
Dec 24 2014 01: +0,0.201,408
Dec 25 2014 01: +0,0.225,438
Dec 26 2014 01: +0,0.223,485
Dec 27 2014 01: +0,0.233,571
Dec 28 2014 01: +0,0.251,460
Dec 29 2014 01: +0,0.246,535
Dec 30 2014 01: +0,0.259,533
Dec 31 2014 01: +0,0.28,408
Jan 01 2015 01: +0,0.289,386
Jan 02 2015 01: +0,0.287,525
Jan 03 2015 01: +0,0.294,487
Jan 04 2015 01: +0,0.312,450
Jan 05 2015 01: +0,0.323,408
Jan 06 2015 01: +0,0.326,398
Jan 07 2015 01: +0,0.329,315
Jan 08 2015 01: +0,0.349,326
Jan 09 2015 01: +0,0.35,396
Jan 10 2015 01: +0,0.353,403
Jan 11 2015 01: +0,0.36,423
Jan 12 2015 01: +0,0.349,400
Jan 13 2015 01: +0,0.365,354
Jan 14 2015 01: +0,0.378,387
Jan 15 2015 01: +0,0.365,342
Jan 16 2015 01: +0,0.382,363
Jan 17 2015 01: +0,0.38,458
Jan 18 2015 01: +0,0.38,395
Jan 19 2015 01: +0,0.389,329
Jan 20 2015 01: +0,0.386,298
Jan 21 2015 01: +0,0.39,304
Jan 22 2015 01: +0,0.39,335
Jan 23 2015 01: +0,0.386,437
Jan 24 2015 01: +0,0.39,535
Jan 25 2015 01: +0,0.386,533
Jan 26 2015 01: +0,0.394,393
Jan 27 2015 01: +0,0.387,424
Jan 28 2015 01: +0,0.395,358
Jan 29 2015 01: +0,0.395,358
Jan 30 2015 01: +0,0.391,446
Jan 31 2015 01: +0,0.4,500
Feb 01 2015 01: +0,0.392,469
Feb 02 2015 01: +0,0.39,371
Feb 03 2015 01: +0,0.404,435
Feb 04 2015 01: +0,0.398,362
Feb 05 2015 01: +0,0.404,346
Feb 06 2015 01: +0,0.396,350
Feb 07 2015 01: +0,0.407,413
Feb 08 2015 01: +0,0.4,430
Feb 09 2015 01: +0,0.411,326
Feb 10 2015 01: +0,0.404,299
Feb 11 2015 01: +0,0.406,336
Feb 12 2015 01: +0,0.403,352
Feb 13 2015 01: +0,0.409,389
Feb 14 2015 01: +0,0.415,476
Feb 15 2015 01: +0,0.414,414
Feb 16 2015 01: +0,0.408,361
Feb 17 2015 01: +0,0.413,332
Feb 18 2015 01: +0,0.418,314
Feb 19 2015 01: +0,0.422,275
Feb 20 2015 01: +0,0.411,402
Feb 21 2015 01: +0,0.434,360
Feb 22 2015 01: +0,0.444,381
Feb 23 2015 01: +0,0.44,349
Feb 24 2015 01: +0,0.453,256
Feb 25 2015 01: +0,0.451,301
Feb 26 2015 01: +0,0.454,286
Feb 27 2015 01: +0,0.374,524
Feb 28 2015 01: +0,0.375,433
Mar 01 2015 01: +0,0.366,353
Mar 02 2015 01: +0,0.374,290
Mar 03 2015 01: +0,0.39,273
Mar 04 2015 01: +0,0.394,269
Mar 05 2015 01: +0,0.394,257
Mar 06 2015 01: +0,0.414,281
Mar 07 2015 01: +0,0.415,285
Mar 08 2015 01: +0,0.411,277
Mar 09 2015 01: +0,0.41,260
Mar 10 2015 01: +0,0.4,218
Mar 11 2015 01: +0,0.381,248
Mar 12 2015 01: +0,0.353,268
Mar 13 2015 01: +0,0.358,236
Mar 14 2015 01: +0,0.327,333
Mar 15 2015 01: +0,0.278,404
Mar 16 2015 01: +0,0.279,340
Mar 17 2015 01: +0,0.337,263
Mar 18 2015 01: +0,0.349,196
Mar 19 2015 01: +0,0.344,159
Mar 20 2015 01: +0,0.346,203
Mar 21 2015 01: +0,0.347,243
Mar 22 2015 01: +0,0.349,203
Mar 23 2015 01: +0,0.357,185
Mar 24 2015 01: +0,0.358,177
Mar 25 2015 01: +0,0.366,147
Mar 26 2015 01: +0,0.365,172
Mar 27 2015 01: +0,0.357,176
Mar 28 2015 01: +0,0.374,176
Mar 29 2015 01: +0,0.377,212
Mar 30 2015 01: +0,0.372,138
Mar 31 2015 01: +0,0.379,150
Apr 01 2015 01: +0,0.369,215
Apr 02 2015 01: +0,0.375,210
Apr 03 2015 01: +0,0.384,228
Apr 04 2015 01: +0,0.393,256
Apr 05 2015 01: +0,0.394,239
Apr 06 2015 01: +0,0.408,205
Apr 07 2015 01: +0,0.417,231
Apr 08 2015 01: +0,0.412,255
Apr 09 2015 01: +0,0.41,237
Apr 10 2015 01: +0,0.39,299
Apr 11 2015 01: +0,0.414,313
Apr 12 2015 01: +0,0.413,270
Apr 13 2015 01: +0,0.407,204
Apr 14 2015 01: +0,0.401,194
Apr 15 2015 01: +0,0.391,170
Apr 16 2015 01: +0,0.369,282
Apr 17 2015 01: +0,0.369,268
Apr 18 2015 01: +0,0.394,291
Apr 19 2015 01: +0,0.4,208
Apr 20 2015 01: +0,0.395,209
Apr 21 2015 01: +0,0.407,201
Apr 22 2015 01: +0,0.406,222
Apr 23 2015 01: +0,0.425,193
Apr 24 2015 01: +0,0.425,200
Apr 25 2015 01: +0,0.456,211
Apr 26 2015 01: +0,0.452,196
Apr 27 2015 01: +0,0.451,153
Apr 28 2015 01: +0,0.482,151
Apr 29 2015 01: +0,0.5,170
Apr 30 2015 01: +0,0.514,150
May 01 2015 01: +0,0.529,156
May 02 2015 01: +0,0.523,230
May 03 2015 01: +0,0.516,176
May 04 2015 01: +0,0.519,146
May 05 2015 01: +0,0.523,154
May 06 2015 01: +0,0.529,122
May 07 2015 01: +0,0.531,105
May 08 2015 01: +0,0.533,163
May 09 2015 01: +0,0.532,195
May 10 2015 01: +0,0.526,225
May 11 2015 01: +0,0.541,161
May 12 2015 01: +0,0.552,137
May 13 2015 01: +0,0.55,134
May 14 2015 01: +0,0.541,188
May 15 2015 01: +0,0.553,158
May 16 2015 01: +0,0.591,191
May 17 2015 01: +0,0.618,188
May 18 2015 01: +0,0.638,103
May 19 2015 01: +0,0.62,147
May 20 2015 01: +0,0.628,118
May 21 2015 01: +0,0.642,116
May 22 2015 01: +0,0.645,120
May 23 2015 01: +0,0.653,187
May 24 2015 01: +0,0.658,102
May 25 2015 01: +0,0.646,124
May 26 2015 01: +0,0.626,110
May 27 2015 01: +0,0.418,230
May 28 2015 01: +0,0.527,155
May 29 2015 01: +0,0.573,137
May 30 2015 01: +0,0.582,145
May 31 2015 01: +0,0.6,108
Jun 01 2015 01: +0,0.573,174
Jun 02 2015 01: +0,0.586,127
Jun 03 2015 01: +0,0.58,140
Jun 04 2015 01: +0,0.534,186
Jun 05 2015 01: +0,0.525,154
Jun 06 2015 01: +0,0.533,171
Jun 07 2015 01: +0,0.534,190
Jun 08 2015 01: +0,0.546,150
Jun 09 2015 01: +0,0.555,135
Jun 10 2015 01: +0,0.549,159
Jun 11 2015 01: +0,0.522,148
Jun 12 2015 01: +0,0.496,194
Jun 13 2015 01: +0,0.486,220
Jun 14 2015 01: +0,0.483,178
Jun 15 2015 01: +0,0.487,161
Jun 16 2015 01: +0,0.5,195
Jun 17 2015 01: +0,0.502,199
Jun 18 2015 01: +0,0.509,313
Jun 19 2015 01: +0,0.536,178
Jun 20 2015 01: +0,0.522,221
Jun 21 2015 01: +0,0.521,162
Jun 22 2015 01: +0,0.508,156
Jun 23 2015 01: +0,0.54,154
Jun 24 2015 01: +0,0.579,125
Jun 25 2015 01: +0,0.603,151
Jun 26 2015 01: +0,0.616,142
Jun 27 2015 01: +0,0.613,169
Jun 28 2015 01: +0,0.629,133
Jun 29 2015 01: +0,0.626,138
Jun 30 2015 01: +0,0.65,147
Jul 01 2015 01: +0,0.666,130
Jul 02 2015 01: +0,0.66,122
Jul 03 2015 01: +0,0.674,121
Jul 04 2015 01: +0,0.695,125
Jul 05 2015 01: +0,0.688,107
Jul 06 2015 01: +0,0.706,111
Jul 07 2015 01: +0,0.704,118
Jul 08 2015 01: +0,0.757,75
Jul 09 2015 01: +0,0.712,104
Jul 10 2015 01: +0,0.713,91
Jul 11 2015 01: +0,0.733,96
Jul 12 2015 01: +0,0.684,149
Jul 13 2015 01: +0,0.731,121
Jul 14 2015 01: +0,0.791,90
Jul 15 2015 01: +0,0.76,68
Jul 16 2015 01: +0,0.711,114
Jul 17 2015 01: +0,0.744,92
Jul 18 2015 01: +0,0.762,96
Jul 19 2015 01: +0,0.724,115
Jul 20 2015 01: +0,0.751,105
Jul 21 2015 01: +0,0.742,107
Jul 22 2015 01: +0,0.755,90
Jul 23 2015 01: +0,0.741,133
Jul 24 2015 01: +0,0.75,112
Jul 25 2015 01: +0,0.763,82
Jul 26 2015 01: +0,0.75,78
Jul 27 2015 01: +0,0.738,106
Jul 28 2015 01: +0,0.741,102
Jul 29 2015 01: +0,0.736,99
Jul 30 2015 01: +0,0.707,109
Jul 31 2015 01: +0,0.714,98
Aug 01 2015 01: +0,0.733,102
Aug 02 2015 01: +0,0.72,121
Aug 03 2015 01: +0,0.722,113
Aug 04 2015 01: +0,0.7,112
Aug 05 2015 01: +0,0.7,99
Aug 06 2015 01: +0,0.731,83
Aug 07 2015 01: +0,0.725,95
Aug 08 2015 01: +0,0.728,102
Aug 09 2015 01: +0,0.757,74
Aug 10 2015 01: +0,0.733,130
Aug 11 2015 01: +0,0.735,97
Aug 12 2015 01: +0,0.704,92
Aug 13 2015 01: +0,0.719,108
Aug 14 2015 01: +0,0.749,93
Aug 15 2015 01: +0,0.573,86
Aug 16 2015 01: +0,0.511,92
Aug 17 2015 01: +0,0.518,84
Aug 18 2015 01: +0,0.534,84
Aug 19 2015 01: +0,0.531,61
Aug 20 2015 01: +0,0.517,58
Aug 21 2015 01: +0,0.445,88
Aug 22 2015 01: +0,0.428,61
Aug 23 2015 01: +0,0.379,100
Aug 24 2015 01: +0,0.352,79
Aug 25 2015 01: +0,0.399,50
Aug 26 2015 01: +0,0.412,58
Aug 27 2015 01: +0,0.416,54
Aug 28 2015 01: +0,0.439,40
Aug 29 2015 01: +0,0.411,57
Aug 30 2015 01: +0,0.391,72
Aug 31 2015 01: +0,0.428,48
Sep 01 2015 01: +0,0.429,49
Sep 02 2015 01: +0,0.426,50
Sep 03 2015 01: +0,0.402,51
Sep 04 2015 01: +0,0.399,73
Sep 05 2015 01: +0,0.423,63
Sep 06 2015 01: +0,0.41,62
Sep 07 2015 01: +0,0.403,49
Sep 08 2015 01: +0,0.406,46
Sep 09 2015 01: +0,0.416,39
Sep 10 2015 01: +0,0.378,54
Sep 11 2015 01: +0,0.406,62
Sep 12 2015 01: +0,0.42,62
Sep 13 2015 01: +0,0.386,89
Sep 14 2015 01: +0,0.391,52
Sep 15 2015 01: +0,0.359,81
Sep 16 2015 01: +0,0.433,55
Sep 17 2015 01: +0,0.385,64
Sep 18 2015 01: +0,0.41,98
Sep 19 2015 01: +0,0.478,90
Sep 20 2015 01: +0,0.458,80
Sep 21 2015 01: +0,0.466,58
Sep 22 2015 01: +0,0.447,74
Sep 23 2015 01: +0,0.466,56
Sep 24 2015 01: +0,0.458,66
Sep 25 2015 01: +0,0.459,84
Sep 26 2015 01: +0,0.477,90
Sep 27 2015 01: +0,0.505,70
Sep 28 2015 01: +0,0.446,76
Sep 29 2015 01: +0,0.438,63
Sep 30 2015 01: +0,0.453,60
Oct 01 2015 01: +0,0.477,43
Oct 02 2015 01: +0,0.513,61
Oct 03 2015 01: +0,0.543,54
Oct 04 2015 01: +0,0.493,56
Oct 05 2015 01: +0,0.495,65
Oct 06 2015 01: +0,0.493,45
Oct 07 2015 01: +0,0.475,53
Oct 08 2015 01: +0,0.506,62
Oct 09 2015 01: +0,0.517,61
Oct 10 2015 01: +0,0.53,71
Oct 11 2015 01: +0,0.494,62
Oct 12 2015 01: +0,0.48,70
Oct 13 2015 01: +0,0.491,51
Oct 14 2015 01: +0,0.517,51
Oct 15 2015 01: +0,0.471,57
Oct 16 2015 01: +0,0.482,63
Oct 17 2015 01: +0,0.535,71
Oct 18 2015 01: +0,0.533,60
Oct 19 2015 01: +0,0.529,40
Oct 20 2015 01: +0,0.529,42
Oct 21 2015 01: +0,0.451,49
Oct 22 2015 01: +0,0.446,35
Oct 23 2015 01: +0,0.478,42
Oct 24 2015 01: +0,0.445,56
Oct 25 2015 01: +0,0.473,45
Oct 26 2015 01: +0,0.439,43
Oct 27 2015 01: +0,0.455,67
Oct 28 2015 01: +0,0.44,54
Oct 29 2015 01: +0,0.417,58
Oct 30 2015 01: +0,0.429,46
Oct 31 2015 01: +0,0.411,67
Nov 01 2015 01: +0,0.364,58
Nov 02 2015 01: +0,0.348,89
Nov 03 2015 01: +0,0.377,47
Nov 04 2015 01: +0,0.395,34
Nov 05 2015 01: +0,0.397,58
Nov 06 2015 01: +0,0.378,62
Nov 07 2015 01: +0,0.402,58
Nov 08 2015 01: +0,0.412,60
Nov 09 2015 01: +0,0.408,51
Nov 10 2015 01: +0,0.38,48
Nov 11 2015 01: +0,0.448,41
Nov 12 2015 01: +0,0.439,23
Nov 13 2015 01: +0,0.472,30
Nov 14 2015 01: +0,0.479,46
Nov 15 2015 01: +0,0.498,49
Nov 16 2015 01: +0,0.484,27
Nov 17 2015 01: +0,0.471,33
Nov 18 2015 01: +0,0.485,37
Nov 19 2015 01: +0,0.499,33
Nov 20 2015 01: +0,0.481,31
Nov 21 2015 01: +0,0.464,38
Nov 22 2015 01: +0,0.506,39
Nov 23 2015 01: +0,0.435,38
Nov 24 2015 01: +0,0.475,39
Nov 25 2015 01: +0,0.487,32
Nov 26 2015 01: +0,0.462,32
Nov 27 2015 01: +0,0.425,64
Nov 28 2015 01: +0,0.45,51
Nov 29 2015 01: +0,0.383,59
Nov 30 2015 01: +0,0.367,29
Dec 01 2015 01: +0,0.409,38
Dec 02 2015 01: +0,0.407,49
Dec 03 2015 01: +0,0.443,29
Dec 04 2015 01: +0,0.447,42
Dec 05 2015 01: +0,0.488,54
Dec 06 2015 01: +0,0.52,49
Dec 07 2015 01: +0,0.52,33
Dec 08 2015 01: +0,0.516,32
Dec 09 2015 01: +0,0.493,54
Dec 10 2015 01: +0,0.495,35
Dec 11 2015 01: +0,0.511,51
Dec 12 2015 01: +0,0.526,56
Dec 13 2015 01: +0,0.542,43
Dec 14 2015 01: +0,0.514,46
Dec 15 2015 01: +0,0.494,45
Dec 16 2015 01: +0,0.523,49
Dec 17 2015 01: +0,0.541,46
Dec 18 2015 01: +0,0.563,28
Dec 19 2015 01: +0,0.569,28
Dec 20 2015 01: +0,0.552,36
Dec 21 2015 01: +0,0.628,29
Dec 22 2015 01: +0,0.636,26
Dec 23 2015 01: +0,0.544,39
Dec 24 2015 01: +0,0.6,32
Dec 25 2015 01: +0,0.583,37
Dec 26 2015 01: +0,0.58,33
Dec 27 2015 01: +0,0.606,49
Dec 28 2015 01: +0,0.627,70
Dec 29 2015 01: +0,0.592,36
Dec 30 2015 01: +0,0.598,26
Dec 31 2015 01: +0,0.594,33
Jan 01 2016 01: +0,0.579,42
Jan 02 2016 01: +0,0.626,48
Jan 03 2016 01: +0,0.602,48
Jan 04 2016 01: +0,0.621,33
Jan 05 2016 01: +0,0.62,28
Jan 06 2016 01: +0,0.913,155
Jan 07 2016 01: +0,1.085,63
Jan 08 2016 01: +0,1.274,40
Jan 09 2016 01: +0,1.215,46
Jan 10 2016 01: +0,1.102,37
Jan 11 2016 01: +0,0.951,27
Jan 12 2016 01: +0,0.931,8
Jan 13 2016 01: +0,0.856,44
Jan 14 2016 01: +0,0.898,89
Jan 15 2016 01: +0,1.028,64
Jan 16 2016 01: +0,1.047,21
Jan 17 2016 01: +0,0.928,36
Jan 18 2016 01: +0,1.004,24
Jan 19 2016 01: +0,1.052,30
Jan 20 2016 01: +0,1.058,29
Jan 21 2016 01: +0,1.204,23
Jan 22 2016 01: +0,1.046,17
Jan 23 2016 01: +0,1.047,26
Jan 24 2016 01: +0,0.974,18
Jan 25 2016 01: +0,0.929,18
Jan 26 2016 01: +0,0.898,25
Jan 27 2016 01: +0,0.868,30
Jan 28 2016 01: +0,0.878,18
Jan 29 2016 01: +0,0.897,23
Jan 30 2016 01: +0,0.957,27
Jan 31 2016 01: +0,0.862,24
Feb 01 2016 01: +0,0.912,42
Feb 02 2016 01: +0,0.93,22
Feb 03 2016 01: +0,0.827,25
Feb 04 2016 01: +0,0.923,28
Feb 05 2016 01: +0,0.825,27
Feb 06 2016 01: +0,0.658,63
Feb 07 2016 01: +0,0.744,26
Feb 08 2016 01: +0,0.741,36
Feb 09 2016 01: +0,0.733,31
Feb 10 2016 01: +0,0.74,22
Feb 11 2016 01: +0,0.68,27
Feb 12 2016 01: +0,0.69,50
Feb 13 2016 01: +0,0.812,29
Feb 14 2016 01: +0,0.812,31
Feb 15 2016 01: +0,0.866,31
Feb 16 2016 01: +0,0.797,26
Feb 17 2016 01: +0,0.808,30
Feb 18 2016 01: +0,0.7,52
Feb 19 2016 01: +0,0.723,42
Feb 20 2016 01: +0,0.806,37
Feb 21 2016 01: +0,0.774,34
Feb 22 2016 01: +0,0.858,23
Feb 23 2016 01: +0,0.771,38
Feb 24 2016 01: +0,0.852,24
Feb 25 2016 01: +0,0.882,36
Feb 26 2016 01: +0,0.922,30
Feb 27 2016 01: +0,0.897,22
Feb 28 2016 01: +0,0.881,28
Feb 29 2016 01: +0,0.893,26
Mar 01 2016 01: +0,0.883,20
Mar 02 2016 01: +0,0.879,15
Mar 03 2016 01: +0,0.877,30
Mar 04 2016 01: +0,0.906,40
Mar 05 2016 01: +0,0.898,34
Mar 06 2016 01: +0,0.89,49
Mar 07 2016 01: +0,0.813,34
Mar 08 2016 01: +0,0.772,42
Mar 09 2016 01: +0,0.877,16
Mar 10 2016 01: +0,0.802,20
Mar 11 2016 01: +0,0.856,23
Mar 12 2016 01: +0,0.874,20
Mar 13 2016 01: +0,0.827,34
Mar 14 2016 01: +0,0.851,20
Mar 15 2016 01: +0,0.842,25
Mar 16 2016 01: +0,0.879,16
Mar 17 2016 01: +0,0.81,44
Mar 18 2016 01: +0,0.821,28
Mar 19 2016 01: +0,0.847,24
Mar 20 2016 01: +0,0.863,29
Mar 21 2016 01: +0,0.782,16
Mar 22 2016 01: +0,0.825,30
Mar 23 2016 01: +0,0.872,10
Mar 24 2016 01: +0,0.782,10
Mar 25 2016 01: +0,0.766,20
Mar 26 2016 01: +0,0.757,24
Mar 27 2016 01: +0,0.768,15
Mar 28 2016 01: +0,0.766,22
Mar 29 2016 01: +0,0.752,21
Mar 30 2016 01: +0,0.773,28
Mar 31 2016 01: +0,0.758,23
Apr 01 2016 01: +0,0.772,21
Apr 02 2016 01: +0,0.762,22
Apr 03 2016 01: +0,0.691,26
Apr 04 2016 01: +0,0.723,24
Apr 05 2016 01: +0,0.754,23
Apr 06 2016 01: +0,0.758,17
Apr 07 2016 01: +0,0.734,11
Apr 08 2016 01: +0,0.778,10
Apr 09 2016 01: +0,0.735,36
Apr 10 2016 01: +0,0.675,27
Apr 11 2016 01: +0,0.642,40
Apr 12 2016 01: +0,0.688,43
Apr 13 2016 01: +0,0.84,24
Apr 14 2016 01: +0,0.701,14
Apr 15 2016 01: +0,0.749,22
Apr 16 2016 01: +0,0.78,23
Apr 17 2016 01: +0,0.767,13
Apr 18 2016 01: +0,0.795,17
Apr 19 2016 01: +0,0.797,18
Apr 20 2016 01: +0,0.809,19
Apr 21 2016 01: +0,0.817,14
Apr 22 2016 01: +0,0.787,21
Apr 23 2016 01: +0,0.775,21
Apr 24 2016 01: +0,0.785,26
Apr 25 2016 01: +0,0.788,30
Apr 26 2016 01: +0,0.787,18
Apr 27 2016 01: +0,0.832,21
Apr 28 2016 01: +0,0.81,16
Apr 29 2016 01: +0,0.823,19
Apr 30 2016 01: +0,0.914,26
May 01 2016 01: +0,0.873,28
May 02 2016 01: +0,0.944,13
May 03 2016 01: +0,0.887,22
May 04 2016 01: +0,0.942,23
May 05 2016 01: +0,0.987,10
May 06 2016 01: +0,0.954,12
May 07 2016 01: +0,0.922,15
May 08 2016 01: +0,0.938,28
May 09 2016 01: +0,1.098,15
May 10 2016 01: +0,1.096,12
May 11 2016 01: +0,1.053,15
May 12 2016 01: +0,1.041,11
May 13 2016 01: +0,0.986,14
May 14 2016 01: +0,1.007,26
May 15 2016 01: +0,0.916,28
May 16 2016 01: +0,0.839,26
May 17 2016 01: +0,0.77,16
May 18 2016 01: +0,0.832,43
May 19 2016 01: +0,0.973,15
May 20 2016 01: +0,0.871,19
May 21 2016 01: +0,0.871,37
May 22 2016 01: +0,1.013,19
May 23 2016 01: +0,1.04,19
May 24 2016 01: +0,1.121,20
May 25 2016 01: +0,1.027,9
May 26 2016 01: +0,1.019,13
May 27 2016 01: +0,0.967,20
May 28 2016 01: +0,0.973,23
May 29 2016 01: +0,0.961,36
May 30 2016 01: +0,0.997,34
May 31 2016 01: +0,1.198,15
Jun 01 2016 01: +0,1.132,13
Jun 02 2016 01: +0,1.042,17
Jun 03 2016 01: +0,1.009,28
Jun 04 2016 01: +0,1.051,21
Jun 05 2016 01: +0,1.127,12
Jun 06 2016 01: +0,1.143,18
Jun 07 2016 01: +0,1.188,10
Jun 08 2016 01: +0,1.16,12
Jun 09 2016 01: +0,1.143,21
Jun 10 2016 01: +0,1.127,15
Jun 11 2016 01: +0,1.095,19
Jun 12 2016 01: +0,1.054,16
Jun 13 2016 01: +0,0.945,11
Jun 14 2016 01: +0,0.952,22
Jun 15 2016 01: +0,1.019,17
Jun 16 2016 01: +0,1.02,14
Jun 17 2016 01: +0,1.024,16
Jun 18 2016 01: +0,1.011,19
Jun 19 2016 01: +0,1.113,40
Jun 20 2016 01: +0,1.115,15
Jun 21 2016 01: +0,1.163,18
Jun 22 2016 01: +0,1.092,19
Jun 23 2016 01: +0,1.017,18
Jun 24 2016 01: +0,0.793,25
Jun 25 2016 01: +0,0.734,31
Jun 26 2016 01: +0,0.783,19
Jun 27 2016 01: +0,0.814,17
Jun 28 2016 01: +0,0.769,22
Jun 29 2016 01: +0,0.754,14
Jun 30 2016 01: +0,0.769,16
Jul 01 2016 01: +0,0.801,22
Jul 02 2016 01: +0,0.778,16
Jul 03 2016 01: +0,0.749,22
Jul 04 2016 01: +0,0.728,28
Jul 05 2016 01: +0,0.827,23
Jul 06 2016 01: +0,0.87,15
Jul 07 2016 01: +0,0.831,15
Jul 08 2016 01: +0,0.741,19
Jul 09 2016 01: +0,0.794,27
Jul 10 2016 01: +0,0.703,19
Jul 11 2016 01: +0,0.698,26
Jul 12 2016 01: +0,0.845,13
Jul 13 2016 01: +0,0.95,13
Jul 14 2016 01: +0,0.888,16
Jul 15 2016 01: +0,0.894,10
Jul 16 2016 01: +0,0.83,24
Jul 17 2016 01: +0,0.919,23
Jul 18 2016 01: +0,0.912,12
Jul 19 2016 01: +0,0.761,7
Jul 20 2016 01: +0,0.727,20
Jul 21 2016 01: +0,0.756,27
Jul 22 2016 01: +0,0.774,21
Jul 23 2016 01: +0,0.819,13
Jul 24 2016 01: +0,0.866,23
Jul 25 2016 01: +0,0.89,25
Jul 26 2016 01: +0,1.077,19
Jul 27 2016 01: +0,1.04,5
Jul 28 2016 01: +0,1.014,20
Jul 29 2016 01: +0,1.099,23
Jul 30 2016 01: +0,1.04,18
Jul 31 2016 01: +0,1.183,10
Aug 01 2016 01: +0,1.071,10
Aug 02 2016 01: +0,1.087,18
Aug 03 2016 01: +0,1.041,18
Aug 04 2016 01: +0,1.001,11
Aug 05 2016 01: +0,0.877,14
Aug 06 2016 01: +0,0.926,23
Aug 07 2016 01: +0,0.87,10
Aug 08 2016 01: +0,0.928,22
Aug 09 2016 01: +0,0.979,7
Aug 10 2016 01: +0,0.835,11
Aug 11 2016 01: +0,0.776,16
Aug 12 2016 01: +0,0.866,19
Aug 13 2016 01: +0,0.866,14
Aug 14 2016 01: +0,0.834,24
Aug 15 2016 01: +0,0.828,26
Aug 16 2016 01: +0,0.847,10
Aug 17 2016 01: +0,0.905,18
Aug 18 2016 01: +0,0.92,13
Aug 19 2016 01: +0,1.057,10
Aug 20 2016 01: +0,1.066,8
Aug 21 2016 01: +0,0.968,23
Aug 22 2016 01: +0,0.923,12
Aug 23 2016 01: +0,0.947,29
Aug 24 2016 01: +0,1.055,9
Aug 25 2016 01: +0,0.903,14
Aug 26 2016 01: +0,0.916,17
Aug 27 2016 01: +0,0.98,23
Aug 28 2016 01: +0,0.991,19
Aug 29 2016 01: +0,1.064,24
Aug 30 2016 01: +0,1.059,12
Aug 31 2016 01: +0,1.072,11
Sep 01 2016 01: +0,0.997,10
Sep 02 2016 01: +0,0.897,14
Sep 03 2016 01: +0,0.853,13
Sep 04 2016 01: +0,0.792,23
Sep 05 2016 01: +0,0.829,17
Sep 06 2016 01: +0,0.863,11
Sep 07 2016 01: +0,0.912,13
Sep 08 2016 01: +0,0.839,13
Sep 09 2016 01: +0,0.827,17
Sep 10 2016 01: +0,0.758,35
Sep 11 2016 01: +0,0.781,19
Sep 12 2016 01: +0,0.712,15
Sep 13 2016 01: +0,0.721,11
Sep 14 2016 01: +0,0.834,13
Sep 15 2016 01: +0,0.829,18
Sep 16 2016 01: +0,0.851,15
Sep 17 2016 01: +0,0.833,20
Sep 18 2016 01: +0,0.824,19
Sep 19 2016 01: +0,0.829,9
Sep 20 2016 01: +0,0.834,19
Sep 21 2016 01: +0,0.83,18
Sep 22 2016 01: +0,0.902,18
Sep 23 2016 01: +0,0.973,31
Sep 24 2016 01: +0,1.035,15
Sep 25 2016 01: +0,0.976,23
Sep 26 2016 01: +0,1.077,8
Sep 27 2016 01: +0,1.095,15
Sep 28 2016 01: +0,1.076,14
Sep 29 2016 01: +0,0.884,12
Sep 30 2016 01: +0,0.868,18
Oct 01 2016 01: +0,1.044,17
Oct 02 2016 01: +0,0.996,12
Oct 03 2016 01: +0,1.02,3
Oct 04 2016 01: +0,1.033,13
Oct 05 2016 01: +0,0.913,13
Oct 06 2016 01: +0,0.951,4
Oct 07 2016 01: +0,0.889,14
Oct 08 2016 01: +0,0.824,19
Oct 09 2016 01: +0,0.82,17
Oct 10 2016 01: +0,0.841,24
Oct 11 2016 01: +0,0.931,7
Oct 12 2016 01: +0,0.892,14
Oct 13 2016 01: +0,1.061,12
Oct 14 2016 01: +0,0.989,9
Oct 15 2016 01: +0,0.87,5
Oct 16 2016 01: +0,0.891,16
Oct 17 2016 01: +0,0.926,10
Oct 18 2016 01: +0,0.877,11
Oct 19 2016 01: +0,0.94,19
Oct 20 2016 01: +0,0.915,7
Oct 21 2016 01: +0,0.94,11
Oct 22 2016 01: +0,0.902,6
Oct 23 2016 01: +0,0.848,8
Oct 24 2016 01: +0,0.759,11
Oct 25 2016 01: +0,0.752,13
Oct 26 2016 01: +0,0.76,12
Oct 27 2016 01: +0,0.764,6
Oct 28 2016 01: +0,0.719,8
Oct 29 2016 01: +0,0.706,11
Oct 30 2016 01: +0,0.688,6
Oct 31 2016 01: +0,0.738,22
Nov 01 2016 01: +0,0.743,9
Nov 02 2016 01: +0,0.782,15
Nov 03 2016 01: +0,0.796,6
Nov 04 2016 01: +0,0.774,9
Nov 05 2016 01: +0,0.77,21
Nov 06 2016 01: +0,1.048,45
Nov 07 2016 01: +0,1.116,3
Nov 08 2016 01: +0,0.995,23
Nov 09 2016 01: +0,1.031,7
Nov 10 2016 01: +0,0.959,11
Nov 11 2016 01: +0,0.929,26
Nov 12 2016 01: +0,0.921,15
Nov 13 2016 01: +0,0.77,7
Nov 14 2016 01: +0,0.744,15
Nov 15 2016 01: +0,0.766,8
Nov 16 2016 01: +0,0.75,12
Nov 17 2016 01: +0,0.859,17
Nov 18 2016 01: +0,0.909,11
Nov 19 2016 01: +0,1.026,17
Nov 20 2016 01: +0,0.938,6
Nov 21 2016 01: +0,1.019,15
Nov 22 2016 01: +0,0.983,9
Nov 23 2016 01: +0,0.946,6
Nov 24 2016 01: +0,0.767,6
Nov 25 2016 01: +0,0.695,17
Nov 26 2016 01: +0,0.711,23
Nov 27 2016 01: +0,0.673,18
Nov 28 2016 01: +0,0.593,23
Nov 29 2016 01: +0,0.594,29
Nov 30 2016 01: +0,0.711,24
Dec 01 2016 01: +0,0.695,6
Dec 02 2016 01: +0,0.755,14
Dec 03 2016 01: +0,0.838,12
Dec 04 2016 01: +0,0.901,16
Dec 05 2016 01: +0,0.841,11
Dec 06 2016 01: +0,0.929,15
Dec 07 2016 01: +0,0.902,11
Dec 08 2016 01: +0,0.819,13
Dec 09 2016 01: +0,0.872,9
Dec 10 2016 01: +0,0.91,20
Dec 11 2016 01: +0,0.937,18
Dec 12 2016 01: +0,0.91,13
Dec 13 2016 01: +0,0.885,16
Dec 14 2016 01: +0,0.807,7
Dec 15 2016 01: +0,0.803,10
Dec 16 2016 01: +0,0.705,7
Dec 17 2016 01: +0,0.763,19
Dec 18 2016 01: +0,0.796,9
Dec 19 2016 01: +0,0.865,12
Dec 20 2016 01: +0,0.798,12
Dec 21 2016 01: +0,0.764,18
Dec 22 2016 01: +0,0.771,10
Dec 23 2016 01: +0,0.816,8
Dec 24 2016 01: +0,0.753,19
Dec 25 2016 01: +0,0.756,12
Dec 26 2016 01: +0,0.78,12
Dec 27 2016 01: +0,0.724,19
Dec 28 2016 01: +0,0.73,9
Dec 29 2016 01: +0,0.726,18
Dec 30 2016 01: +0,0.71,18
Dec 31 2016 01: +0,0.696,9
Jan 01 2017 01: +0,0.735,18
Jan 02 2017 01: +0,0.721,28
Jan 03 2017 01: +0,0.639,29
Jan 04 2017 01: +0,0.667,12
Jan 05 2017 01: +0,0.753,22
Jan 06 2017 01: +0,0.752,20
Jan 07 2017 01: +0,0.855,16
Jan 08 2017 01: +0,0.831,14
Jan 09 2017 01: +0,0.803,5
Jan 10 2017 01: +0,0.686,13
Jan 11 2017 01: +0,0.732,25
Jan 12 2017 01: +0,0.837,9
Jan 13 2017 01: +0,0.843,15
Jan 14 2017 01: +0,0.813,15
Jan 15 2017 01: +0,0.829,7
Jan 16 2017 01: +0,0.845,8
Jan 17 2017 01: +0,0.804,7
Jan 18 2017 01: +0,0.74,7
Jan 19 2017 01: +0,0.812,5
Jan 20 2017 01: +0,0.782,16
Jan 21 2017 01: +0,0.798,23
Jan 22 2017 01: +0,0.822,7
Jan 23 2017 01: +0,0.843,12
Jan 24 2017 01: +0,0.774,8
Jan 25 2017 01: +0,0.819,14
Jan 26 2017 01: +0,0.815,11
Jan 27 2017 01: +0,0.859,14
Jan 28 2017 01: +0,0.921,25
Jan 29 2017 01: +0,0.805,8
Jan 30 2017 01: +0,0.723,9
Jan 31 2017 01: +0,0.723,9
Feb 01 2017 01: +0,0.733,17
Feb 02 2017 01: +0,0.759,12
Feb 03 2017 01: +0,0.842,9
Feb 04 2017 01: +0,0.836,13
Feb 05 2017 01: +0,0.861,16
Feb 06 2017 01: +0,0.814,12
Feb 07 2017 01: +0,0.826,13
Feb 08 2017 01: +0,0.783,7
Feb 09 2017 01: +0,0.756,10
Feb 10 2017 01: +0,0.792,14
Feb 11 2017 01: +0,0.692,15
Feb 12 2017 01: +0,0.978,20
Feb 13 2017 01: +0,0.891,9
Feb 14 2017 01: +0,0.875,20
Feb 15 2017 01: +0,0.843,3
Feb 16 2017 01: +0,0.84,15
Feb 17 2017 01: +0,0.954,13
Feb 18 2017 01: +0,0.921,13
Feb 19 2017 01: +0,1.059,26
Feb 20 2017 01: +0,0.874,8
Feb 21 2017 01: +0,0.921,13
Feb 22 2017 01: +0,0.991,9
Feb 23 2017 01: +0,0.954,19
Feb 24 2017 01: +0,0.976,13
Feb 25 2017 01: +0,0.991,6
Feb 26 2017 01: +0,1.005,11
Feb 27 2017 01: +0,0.924,13
Feb 28 2017 01: +0,0.962,8
Mar 01 2017 01: +0,0.963,32
Mar 02 2017 01: +0,1.02,15
Mar 03 2017 01: +0,1.065,14
Mar 04 2017 01: +0,0.954,12
Mar 05 2017 01: +0,1.048,28
Mar 06 2017 01: +0,1.043,5
Mar 07 2017 01: +0,1.017,15
Mar 08 2017 01: +0,1.061,16
Mar 09 2017 01: +0,1.144,9
Mar 10 2017 01: +0,1.04,11
Mar 11 2017 01: +0,1.08,34
Mar 12 2017 01: +0,1.185,13
Mar 13 2017 01: +0,1.035,17
Mar 14 2017 01: +0,1.179,8
Mar 15 2017 01: +0,1.138,9
Mar 16 2017 01: +0,0.911,9
Mar 17 2017 01: +0,0.956,15
Mar 18 2017 01: +0,1.031,15
Mar 19 2017 01: +0,0.959,11
Mar 20 2017 01: +0,1.036,17
Mar 21 2017 01: +0,1.19,22
Mar 22 2017 01: +0,1.15,17
Mar 23 2017 01: +0,1.136,9
Mar 24 2017 01: +0,1.023,18
Mar 25 2017 01: +0,1.065,17
Mar 26 2017 01: +0,1.019,10
Mar 27 2017 01: +0,0.861,10
Mar 28 2017 01: +0,1.026,11
Mar 29 2017 01: +0,1.038,25
Mar 30 2017 01: +0,1.128,5
Mar 31 2017 01: +0,1.032,12
Apr 01 2017 01: +0,0.92,8
Apr 02 2017 01: +0,0.918,11
Apr 03 2017 01: +0,0.95,9
Apr 04 2017 01: +0,1.031,11
Apr 05 2017 01: +0,1.051,16
Apr 06 2017 01: +0,1.128,7
Apr 07 2017 01: +0,1.071,7
Apr 08 2017 01: +0,1.12,14
Apr 09 2017 01: +0,1.082,7
Apr 10 2017 01: +0,0.979,4
Apr 11 2017 01: +0,0.934,9
Apr 12 2017 01: +0,0.854,12
Apr 13 2017 01: +0,0.96,22
Apr 14 2017 01: +0,0.993,18
Apr 15 2017 01: +0,0.856,16
Apr 16 2017 01: +0,0.898,30
Apr 17 2017 01: +0,0.992,18
Apr 18 2017 01: +0,1.047,15
Apr 19 2017 01: +0,1.073,14
Apr 20 2017 01: +0,0.881,7
Apr 21 2017 01: +0,0.942,14
Apr 22 2017 01: +0,0.915,21
Apr 23 2017 01: +0,0.963,14
Apr 24 2017 01: +0,0.942,14
Apr 25 2017 01: +0,0.863,12
Apr 26 2017 01: +0,0.951,34
Apr 27 2017 01: +0,1.076,31
Apr 28 2017 01: +0,1.04,16
Apr 29 2017 01: +0,1.011,12
Apr 30 2017 01: +0,0.991,21
May 01 2017 01: +0,1.124,23
May 02 2017 01: +0,1.116,13
May 03 2017 01: +0,1.158,11
May 04 2017 01: +0,1.176,15
May 05 2017 01: +0,1.225,11
May 06 2017 01: +0,1.276,10
May 07 2017 01: +0,1.218,11
May 08 2017 01: +0,1.351,3
May 09 2017 01: +0,1.253,10
May 10 2017 01: +0,1.152,7
May 11 2017 01: +0,0.998,9
May 12 2017 01: +0,0.966,12
May 13 2017 01: +0,1.08,21
May 14 2017 01: +0,1.192,11
May 15 2017 01: +0,1.199,4
May 16 2017 01: +0,1.192,7
May 17 2017 01: +0,1.234,14
May 18 2017 01: +0,1.17,5
May 19 2017 01: +0,1.161,6
May 20 2017 01: +0,1.049,12
May 21 2017 01: +0,1.108,11
May 22 2017 01: +0,1.144,6
May 23 2017 01: +0,1.184,7
May 24 2017 01: +0,1.037,20
May 25 2017 01: +0,1.005,7
May 26 2017 01: +0,1.002,16
May 27 2017 01: +0,0.999,21
May 28 2017 01: +0,1.037,8
May 29 2017 01: +0,0.983,5
May 30 2017 01: +0,0.921,8
May 31 2017 01: +0,1.004,8
Jun 01 2017 01: +0,0.896,12
Jun 02 2017 01: +0,1.051,7
Jun 03 2017 01: +0,1.007,12
Jun 04 2017 01: +0,0.967,8
Jun 05 2017 01: +0,0.892,11
Jun 06 2017 01: +0,0.888,18
Jun 07 2017 01: +0,1.096,19
Jun 08 2017 01: +0,0.931,5
Jun 09 2017 01: +0,1.029,12
Jun 10 2017 01: +0,0.986,9
Jun 11 2017 01: +0,1.049,12
Jun 12 2017 01: +0,0.985,8
Jun 13 2017 01: +0,0.875,12
Jun 14 2017 01: +0,1.048,19
Jun 15 2017 01: +0,0.986,9
Jun 16 2017 01: +0,0.981,11
Jun 17 2017 01: +0,1.046,9
Jun 18 2017 01: +0,1.082,14
Jun 19 2017 01: +0,0.988,20
Jun 20 2017 01: +0,1.066,18
Jun 21 2017 01: +0,1.078,17
Jun 22 2017 01: +0,1.016,14
Jun 23 2017 01: +0,0.918,11
Jun 24 2017 01: +0,0.82,15
Jun 25 2017 01: +0,0.846,19
Jun 26 2017 01: +0,0.951,11
Jun 27 2017 01: +0,0.917,8
Jun 28 2017 01: +0,0.948,4
Jun 29 2017 01: +0,0.872,12
Jun 30 2017 01: +0,0.935,12
Jul 01 2017 01: +0,0.944,13
Jul 02 2017 01: +0,0.934,13
Jul 03 2017 01: +0,0.955,11
Jul 04 2017 01: +0,0.984,13
Jul 05 2017 01: +0,0.937,11
Jul 06 2017 01: +0,1.031,11
Jul 07 2017 01: +0,0.978,7
Jul 08 2017 01: +0,0.946,2
Jul 09 2017 01: +0,0.867,10
Jul 10 2017 01: +0,0.979,11
Jul 11 2017 01: +0,0.957,10
Jul 12 2017 01: +0,1.036,7
Jul 13 2017 01: +0,0.885,8
Jul 14 2017 01: +0,0.888,6
Jul 15 2017 01: +0,0.843,5
Jul 16 2017 01: +0,0.881,10
Jul 17 2017 01: +0,0.852,7
Jul 18 2017 01: +0,0.87,7
Jul 19 2017 01: +0,0.843,10
Jul 20 2017 01: +0,0.922,9
Jul 21 2017 01: +0,0.928,8
Jul 22 2017 01: +0,0.795,16
Jul 23 2017 01: +0,0.812,20
Jul 24 2017 01: +0,0.778,9
Jul 25 2017 01: +0,0.753,6
Jul 26 2017 01: +0,0.914,13
Jul 27 2017 01: +0,0.92,7
Jul 28 2017 01: +0,0.938,8
Jul 29 2017 01: +0,0.903,10
Jul 30 2017 01: +0,0.967,19
Jul 31 2017 01: +0,1.106,14
Aug 01 2017 01: +0,0.956,7
Aug 02 2017 01: +0,0.982,14
Aug 03 2017 01: +0,1.1,8
Aug 04 2017 01: +0,1.001,10
Aug 05 2017 01: +0,0.908,7
Aug 06 2017 01: +0,0.872,8
Aug 07 2017 01: +0,0.815,16
Aug 08 2017 01: +0,0.814,15
Aug 09 2017 01: +0,0.8,21
Aug 10 2017 01: +0,0.831,13
Aug 11 2017 01: +0,0.845,7
Aug 12 2017 01: +0,1.032,18
Aug 13 2017 01: +0,0.749,20
Aug 14 2017 01: +0,1.053,7
Aug 15 2017 01: +0,1.05,5
Aug 16 2017 01: +0,0.944,5
Aug 17 2017 01: +0,1.062,4
Aug 18 2017 01: +0,0.833,13
Aug 19 2017 01: +0,0.814,6
Aug 20 2017 01: +0,0.841,13
Aug 21 2017 01: +0,0.791,13
Aug 22 2017 01: +0,0.811,15
Aug 23 2017 01: +0,0.797,10
Aug 24 2017 01: +0,0.713,13
Aug 25 2017 01: +0,0.942,12
Aug 26 2017 01: +0,1.011,13
Aug 27 2017 01: +0,0.893,10
Aug 28 2017 01: +0,0.911,12
Aug 29 2017 01: +0,0.911,11
Aug 30 2017 01: +0,0.926,8
Aug 31 2017 01: +0,0.905,10
Sep 01 2017 01: +0,0.934,14
Sep 02 2017 01: +0,0.945,19
Sep 03 2017 01: +0,0.929,8
Sep 04 2017 01: +0,0.91,9
Sep 05 2017 01: +0,0.952,7
Sep 06 2017 01: +0,0.984,16
Sep 07 2017 01: +0,0.991,5
Sep 08 2017 01: +0,0.899,5
Sep 09 2017 01: +0,1.088,18
Sep 10 2017 01: +0,1.137,7
Sep 11 2017 01: +0,1.016,5
Sep 12 2017 01: +0,1.016,12
Sep 13 2017 01: +0,0.978,12
Sep 14 2017 01: +0,1.062,7
Sep 15 2017 01: +0,0.953,14
Sep 16 2017 01: +0,1.003,13
Sep 17 2017 01: +0,0.995,6
Sep 18 2017 01: +0,0.973,6
Sep 19 2017 01: +0,1.092,9
Sep 20 2017 01: +0,1.132,7
Sep 21 2017 01: +0,1.025,6
Sep 22 2017 01: +0,1.016,21
Sep 23 2017 01: +0,1.097,4
Sep 24 2017 01: +0,1.17,10
Sep 25 2017 01: +0,1.064,1
Sep 26 2017 01: +0,1.174,1
Sep 27 2017 01: +0,0.946,14
Sep 28 2017 01: +0,0.949,9
Sep 29 2017 01: +0,0.912,6
Sep 30 2017 01: +0,0.953,8
Oct 01 2017 01: +0,0.958,4
Oct 02 2017 01: +0,0.829,7
Oct 03 2017 01: +0,0.833,4
Oct 04 2017 01: +0,0.856,11
Oct 05 2017 01: +0,0.911,12
Oct 06 2017 01: +0,0.959,5
Oct 07 2017 01: +0,0.888,11
Oct 08 2017 01: +0,0.883,11
Oct 09 2017 01: +0,0.852,11
Oct 10 2017 01: +0,0.842,9
Oct 11 2017 01: +0,0.903,10
Oct 12 2017 01: +0,0.977,5
Oct 13 2017 01: +0,0.99,9
Oct 14 2017 01: +0,0.905,2
Oct 15 2017 01: +0,0.902,11
Oct 16 2017 01: +0,0.827,5
Oct 17 2017 01: +0,0.766,8
Oct 18 2017 01: +0,0.831,15
Oct 19 2017 01: +0,1.001,7
Oct 20 2017 01: +0,1.023,9
Oct 21 2017 01: +0,0.894,6
Oct 22 2017 01: +0,0.82,24
Oct 23 2017 01: +0,0.824,10
Oct 24 2017 01: +0,0.893,15
Oct 25 2017 01: +0,0.869,5
Oct 26 2017 01: +0,0.786,7
Oct 27 2017 01: +0,0.726,8
Oct 28 2017 01: +0,0.758,6
Oct 29 2017 01: +0,0.828,21
Oct 30 2017 01: +0,0.816,7
Oct 31 2017 01: +0,0.851,7
Nov 01 2017 01: +0,0.8,14
Nov 02 2017 01: +0,0.824,6
Nov 03 2017 01: +0,0.78,8
Nov 04 2017 01: +0,0.823,13
Nov 05 2017 01: +0,0.825,14
Nov 06 2017 01: +0,0.845,12
Nov 07 2017 01: +0,0.81,8
Nov 08 2017 01: +0,0.86,6
Nov 09 2017 01: +0,0.85,8
Nov 10 2017 01: +0,0.78,9
Nov 11 2017 01: +0,0.818,4
Nov 12 2017 01: +0,0.819,7
Nov 13 2017 01: +0,0.818,11
Nov 14 2017 01: +0,0.778,11
Nov 15 2017 01: +0,0.72,1
Nov 16 2017 01: +0,0.744,4
Nov 17 2017 01: +0,0.838,3
Nov 18 2017 01: +0,0.823,9
Nov 19 2017 01: +0,0.801,11
Nov 20 2017 01: +0,0.855,7
Nov 21 2017 01: +0,0.864,5
Nov 22 2017 01: +0,0.76,5
Nov 23 2017 01: +0,0.747,7
Nov 24 2017 01: +0,0.915,11
Nov 25 2017 01: +0,0.775,4
Nov 26 2017 01: +0,0.778,6
Nov 27 2017 01: +0,0.872,13
Nov 28 2017 01: +0,0.817,7
Nov 29 2017 01: +0,0.874,4
Nov 30 2017 01: +0,0.85,10
Dec 01 2017 01: +0,0.913,10
Dec 02 2017 01: +0,0.915,4
Dec 03 2017 01: +0,0.907,6
Dec 04 2017 01: +0,0.919,4
Dec 05 2017 01: +0,0.86,3
Dec 06 2017 01: +0,0.875,6
Dec 07 2017 01: +0,0.943,4
Dec 08 2017 01: +0,0.916,6
Dec 09 2017 01: +0,0.899,9
Dec 10 2017 01: +0,0.894,3
Dec 11 2017 01: +0,0.838,7
Dec 12 2017 01: +0,0.827,7
Dec 13 2017 01: +0,0.759,5
Dec 14 2017 01: +0,0.761,7
Dec 15 2017 01: +0,0.757,7
Dec 16 2017 01: +0,0.738,14
Dec 17 2017 01: +0,0.709,9
Dec 18 2017 01: +0,0.812,12
Dec 19 2017 01: +0,0.756,6
Dec 20 2017 01: +0,0.793,6
Dec 21 2017 01: +0,0.823,8
Dec 22 2017 01: +0,0.764,10
Dec 23 2017 01: +0,0.756,10
Dec 24 2017 01: +0,0.812,12
Dec 25 2017 01: +0,0.861,9
Dec 26 2017 01: +0,0.799,3
Dec 27 2017 01: +0,0.816,6
Dec 28 2017 01: +0,0.797,21
Dec 29 2017 01: +0,0.845,15
Dec 30 2017 01: +0,0.908,8
Dec 31 2017 01: +0,0.924,8
Jan 01 2018 01: +0,0.849,6
Jan 02 2018 01: +0,0.965,16
Jan 03 2018 01: +0,0.954,5
Jan 04 2018 01: +0,1.026,14
Jan 05 2018 01: +0,1.049,10
Jan 06 2018 01: +0,1.058,17
Jan 07 2018 01: +0,0.981,19
Jan 08 2018 01: +0,0.907,7
Jan 09 2018 01: +0,1.042,7
Jan 10 2018 01: +0,1.007,6
Jan 11 2018 01: +0,0.955,11
Jan 12 2018 01: +0,0.965,19
Jan 13 2018 01: +0,1.011,10
Jan 14 2018 01: +0,0.993,15
Jan 15 2018 01: +0,0.899,18
Jan 16 2018 01: +0,0.807,20
Jan 17 2018 01: +0,0.871,14
Jan 18 2018 01: +0,0.915,6
Jan 19 2018 01: +0,0.937,12
Jan 20 2018 01: +0,0.815,18
Jan 21 2018 01: +0,0.81,10
Jan 22 2018 01: +0,0.772,6
Jan 23 2018 01: +0,0.885,18
Jan 24 2018 01: +0,0.88,11
Jan 25 2018 01: +0,0.947,15
Jan 26 2018 01: +0,0.866,11
Jan 27 2018 01: +0,0.804,14
Jan 28 2018 01: +0,0.904,10
Jan 29 2018 01: +0,0.877,12
Jan 30 2018 01: +0,0.967,4
Jan 31 2018 01: +0,0.719,10
Feb 01 2018 01: +0,0.886,9
Feb 02 2018 01: +0,0.927,10
Feb 03 2018 01: +0,0.895,11
Feb 04 2018 01: +0,0.89,6
Feb 05 2018 01: +0,0.892,8
Feb 06 2018 01: +0,0.93,7
Feb 07 2018 01: +0,0.897,12
Feb 08 2018 01: +0,0.926,7
Feb 09 2018 01: +0,0.942,12
Feb 10 2018 01: +0,0.92,10
Feb 11 2018 01: +0,0.907,5
Feb 12 2018 01: +0,0.862,2
Feb 13 2018 01: +0,0.935,9
Feb 14 2018 01: +0,0.985,9
Feb 15 2018 01: +0,0.968,9
Feb 16 2018 01: +0,0.934,7
Feb 17 2018 01: +0,0.978,9
Feb 18 2018 01: +0,1.001,8
Feb 19 2018 01: +0,1.014,2
Feb 20 2018 01: +0,0.98,5
Feb 21 2018 01: +0,0.871,5
Feb 22 2018 01: +0,0.885,9
Feb 23 2018 01: +0,0.877,8
Feb 24 2018 01: +0,0.91,11
Feb 25 2018 01: +0,1.021,12
Feb 26 2018 01: +0,1.002,3
Feb 27 2018 01: +0,0.976,10
Feb 28 2018 01: +0,0.865,5
Mar 01 2018 01: +0,0.954,9
Mar 02 2018 01: +0,1.003,6
Mar 03 2018 01: +0,0.882,3
Mar 04 2018 01: +0,0.98,8
Mar 05 2018 01: +0,0.966,6
Mar 06 2018 01: +0,1.018,12
Mar 07 2018 01: +0,0.923,5
Mar 08 2018 01: +0,1.019,4
Mar 09 2018 01: +0,0.891,7
Mar 10 2018 01: +0,0.916,13
Mar 11 2018 01: +0,0.865,9
Mar 13 2018 01: +0,0.882,4
Mar 14 2018 01: +0,0.945,10
Mar 15 2018 01: +0,0.915,6
Mar 16 2018 01: +0,1.024,8
Mar 17 2018 01: +0,0.993,9
Mar 18 2018 01: +0,1.025,10
Mar 19 2018 01: +0,1.013,5
Mar 20 2018 01: +0,0.979,9
Mar 21 2018 01: +0,0.92,3
Mar 22 2018 01: +0,0.993,8
Mar 23 2018 01: +0,0.849,7
Mar 24 2018 01: +0,0.907,5
Mar 25 2018 01: +0,0.861,10
Mar 26 2018 01: +0,0.923,5
Mar 27 2018 01: +0,0.81,4
Mar 28 2018 01: +0,0.817,4
Mar 29 2018 01: +0,0.839,10
Mar 30 2018 01: +0,0.851,3
Mar 31 2018 01: +0,0.839,10
Apr 01 2018 01: +0,0.846,6
Apr 02 2018 01: +0,0.8,11
Apr 03 2018 01: +0,0.901,8
Apr 04 2018 01: +0,0.883,4
Apr 05 2018 01: +0,0.974,10
Apr 06 2018 01: +0,1.036,4
Apr 07 2018 01: +0,0.967,9
Apr 08 2018 01: +0,0.842,6
Apr 09 2018 01: +0,0.884,8
Apr 10 2018 01: +0,0.851,10
Apr 11 2018 01: +0,0.918,12
Apr 12 2018 01: +0,0.897,3
Apr 13 2018 01: +0,0.937,6
Apr 14 2018 01: +0,0.811,7
Apr 15 2018 01: +0,0.975,10
Apr 16 2018 01: +0,0.99,3
Apr 17 2018 01: +0,0.821,4
Apr 18 2018 01: +0,0.917,10
Apr 19 2018 01: +0,0.945,6
Apr 20 2018 01: +0,0.94,3
Apr 21 2018 01: +0,0.834,7
Apr 22 2018 01: +0,0.949,6
Apr 23 2018 01: +0,0.937,4
Apr 24 2018 01: +0,0.883,6
Apr 25 2018 01: +0,0.847,6
Apr 26 2018 01: +0,0.914,8
Apr 27 2018 01: +0,0.887,4
Apr 28 2018 01: +0,0.958,14
Apr 29 2018 01: +0,0.926,9
Apr 30 2018 01: +0,0.934,9
May 01 2018 01: +0,0.989,8
May 02 2018 01: +0,1.066,4
May 03 2018 01: +0,1.005,1
May 04 2018 01: +0,1.084,5
May 05 2018 01: +0,1.019,9
May 06 2018 01: +0,1.101,3
May 07 2018 01: +0,1.131,4
May 08 2018 01: +0,1.011,4
May 09 2018 01: +0,1.113,3
May 10 2018 01: +0,0.928,5
May 11 2018 01: +0,0.995,15
May 13 2018 01: +0,1.096,3
May 14 2018 01: +0,1.118,2
May 15 2018 01: +0,1.069,4
May 16 2018 01: +0,1.028,5
May 17 2018 01: +0,0.937,2
May 18 2018 01: +0,1.033,6
May 19 2018 01: +0,1.049,6
May 21 2018 01: +0,0.943,3
May 22 2018 01: +0,1.034,3
May 23 2018 01: +0,1.132,3
May 24 2018 01: +0,0.935,1
May 25 2018 01: +0,1.062,7
May 26 2018 01: +0,1.069,4
May 27 2018 01: +0,0.905,19
May 28 2018 01: +0,0.854,5
May 29 2018 01: +0,0.93,7
May 30 2018 01: +0,0.975,8
May 31 2018 01: +0,1.064,2
Jun 01 2018 01: +0,1.057,5
Jun 02 2018 01: +0,0.991,3
Jun 03 2018 01: +0,1.044,10
Jun 04 2018 01: +0,1.08,2
Jun 05 2018 01: +0,1.076,8
Jun 06 2018 01: +0,1.138,3
Jun 07 2018 01: +0,1.135,3
Jun 08 2018 01: +0,1.016,6
Jun 09 2018 01: +0,1.086,5
Jun 10 2018 01: +0,1.045,4
Jun 11 2018 01: +0,1.06,2
Jun 12 2018 01: +0,0.985,7
Jun 13 2018 01: +0,0.969,6
Jun 14 2018 01: +0,0.762,6
Jun 15 2018 01: +0,0.847,3
Jun 16 2018 01: +0,0.987,6
Jun 17 2018 01: +0,0.964,2
Jun 18 2018 01: +0,0.895,2
Jun 19 2018 01: +0,0.946,14
Jun 20 2018 01: +0,0.825,6
Jun 21 2018 01: +0,0.888,10
Jun 22 2018 01: +0,0.934,5
Jun 23 2018 01: +0,0.918,5
Jun 24 2018 01: +0,0.952,2
Jun 25 2018 01: +0,0.898,3
Jun 26 2018 01: +0,0.902,5
Jun 27 2018 01: +0,0.763,9
Jun 28 2018 01: +0,0.855,7
Jun 29 2018 01: +0,0.777,4
Jun 30 2018 01: +0,0.774,7
Jul 01 2018 01: +0,0.843,5
Jul 02 2018 01: +0,0.713,3
Jul 03 2018 01: +0,0.71,8
Jul 04 2018 01: +0,0.853,7
Jul 05 2018 01: +0,0.829,5
Jul 06 2018 01: +0,0.852,12
Jul 07 2018 01: +0,0.856,4
Jul 08 2018 01: +0,0.875,3
Jul 09 2018 01: +0,0.79,5
Jul 10 2018 01: +0,0.948,9
Jul 11 2018 01: +0,0.845,4
Jul 12 2018 01: +0,0.772,6
Jul 13 2018 01: +0,0.979,4
Jul 14 2018 01: +0,0.856,1
Jul 15 2018 01: +0,0.843,4
Jul 16 2018 01: +0,0.876,5
Jul 18 2018 01: +0,0.788,5
Jul 19 2018 01: +0,0.837,9
Jul 20 2018 01: +0,0.872,6
Jul 21 2018 01: +0,0.956,9
Jul 22 2018 01: +0,0.885,7
Jul 23 2018 01: +0,0.966,6
Jul 24 2018 01: +0,0.985,10
Jul 25 2018 01: +0,1.083,1
Jul 26 2018 01: +0,0.971,5
Jul 27 2018 01: +0,1.006,5
Jul 28 2018 01: +0,0.992,3
Jul 29 2018 01: +0,0.912,5
Jul 30 2018 01: +0,0.96,7
Jul 31 2018 01: +0,0.982,3
Aug 01 2018 01: +0,1.007,3
Aug 02 2018 01: +0,1.04,7
Aug 03 2018 01: +0,1.015,3
Aug 04 2018 01: +0,1.05,13
Aug 05 2018 01: +0,1.022,8
Aug 06 2018 01: +0,1.016,7
Aug 07 2018 01: +0,1.093,7
Aug 08 2018 01: +0,0.888,4
Aug 09 2018 01: +0,0.781,4
Aug 10 2018 01: +0,0.853,11
Aug 11 2018 01: +0,0.844,8
Aug 12 2018 01: +0,0.865,4
Aug 13 2018 01: +0,0.792,8
Aug 14 2018 01: +0,0.824,3
Aug 15 2018 01: +0,0.777,9
Aug 16 2018 01: +0,0.859,16
Aug 17 2018 01: +0,0.981,6
Aug 18 2018 01: +0,0.928,8
Aug 19 2018 01: +0,0.783,5
Aug 20 2018 01: +0,0.795,3
Aug 21 2018 01: +0,0.814,7
Aug 22 2018 01: +0,0.911,2
Aug 23 2018 01: +0,0.801,8
Aug 24 2018 01: +0,0.918,4
Aug 25 2018 01: +0,0.952,4
Aug 26 2018 01: +0,0.925,8
Aug 27 2018 01: +0,1.025,12
Aug 28 2018 01: +0,0.929,8
Aug 29 2018 01: +0,1.1,14
Aug 30 2018 01: +0,0.934,9
Aug 31 2018 01: +0,0.861,8
Sep 01 2018 01: +0,0.865,5
Sep 02 2018 01: +0,0.821,10
Sep 03 2018 01: +0,0.82,8
Sep 04 2018 01: +0,0.878,7
Sep 05 2018 01: +0,0.851,7
Sep 06 2018 01: +0,0.819,4
Sep 07 2018 01: +0,0.799,4
Sep 08 2018 01: +0,0.745,3
Sep 09 2018 01: +0,0.731,9
Sep 10 2018 01: +0,0.762,4
Sep 11 2018 01: +0,0.773,12
Sep 12 2018 01: +0,0.782,7
Sep 13 2018 01: +0,0.796,4
Sep 14 2018 01: +0,0.737,6
Sep 15 2018 01: +0,0.702,6
Sep 16 2018 01: +0,0.796,8
Sep 17 2018 01: +0,0.907,4
Sep 18 2018 01: +0,0.845,7
Sep 19 2018 01: +0,0.892,4
Sep 20 2018 01: +0,0.799,4
Sep 21 2018 01: +0,0.807,5
Sep 22 2018 01: +0,0.798,12
Sep 23 2018 01: +0,0.811,12
Sep 24 2018 01: +0,0.863,11
Sep 25 2018 01: +0,0.922,3
Sep 26 2018 01: +0,0.855,2
Sep 27 2018 01: +0,0.805,4
Sep 28 2018 01: +0,0.881,5
Sep 29 2018 01: +0,0.891,10
Sep 30 2018 01: +0,0.871,11
Oct 01 2018 01: +0,0.815,4
Oct 02 2018 01: +0,0.907,5
Oct 03 2018 17: +0,0.872,1
Oct 03 2018 21: +0,0.83,1
Oct 04 2018 14: +0,0.876,1
Oct 04 2018 19: +0,0.808,1
Oct 04 2018 21: +0,0.91,1
Oct 04 2018 23: +0,0.81,1
Oct 05 2018 01: +0,0.92,3
Oct 05 2018 04: +0,0.919,1
Oct 05 2018 16: +0,0.914,2
Oct 05 2018 18: +0,0.76,1
Oct 05 2018 19: +0,0.927,2
Oct 06 2018 03: +0,0.966,1
Oct 06 2018 05: +0,0.971,1
Oct 06 2018 06: +0,0.994,2
Oct 06 2018 07: +0,1.015,1
Oct 06 2018 12: +0,1.02,1
Oct 06 2018 14: +0,1.02,2
Oct 06 2018 16: +0,0.899,1
Oct 06 2018 18: +0,0.841,2
Oct 06 2018 19: +0,1.025,3
Oct 07 2018 05: +0,1.059,1
Oct 07 2018 23: +0,1.025,1
Oct 08 2018 06: +0,1.058,1
Oct 08 2018 17: +0,1.047,2
Oct 08 2018 20: +0,1.058,2
Oct 08 2018 21: +0,1.06,1
Oct 08 2018 23: +0,1.06,1
Oct 09 2018 00: +0,0.691,1
Oct 09 2018 06: +0,0.89,1
Oct 09 2018 08: +0,0.957,2
Oct 09 2018 15: +0,0.899,1
Oct 09 2018 18: +0,1.025,3
Oct 09 2018 20: +0,1.025,1
Oct 10 2018 03: +0,0.88,1
Oct 10 2018 08: +0,0.934,2
Oct 10 2018 15: +0,0.852,2
Oct 10 2018 18: +0,0.996,1
Oct 10 2018 23: +0,1.024,5
Oct 11 2018 19: +0,1.013,4
Oct 12 2018 20: +0,1.115,2
Oct 13 2018 08: +0,1.12,1
Oct 13 2018 11: +0,1.132,2
Oct 13 2018 14: +0,1.132,3
Oct 13 2018 16: +0,1.008,2
Oct 13 2018 19: +0,1.132,1
Oct 14 2018 00: +0,1.005,1
Oct 14 2018 07: +0,0.899,2
Oct 14 2018 10: +0,1.109,1
Oct 14 2018 13: +0,1.12,1
Oct 14 2018 15: +0,1.134,4
Oct 14 2018 18: +0,1.028,2
Oct 15 2018 06: +0,1.138,1
Oct 15 2018 15: +0,1.138,1
Oct 15 2018 17: +0,1.142,1
Oct 16 2018 01: +0,1.03,1
Oct 16 2018 14: +0,1.018,2
Oct 16 2018 16: +0,1.089,1
Oct 17 2018 11: +0,0.986,1
Oct 17 2018 12: +0,0.992,2
Oct 17 2018 14: +0,1,1
Oct 17 2018 15: +0,0.85,5
Oct 18 2018 00: +0,0.865,2
Oct 18 2018 01: +0,0.87,2
Oct 18 2018 03: +0,0.82,5
Oct 18 2018 05: +0,0.782,1
Oct 18 2018 13: +0,0.793,1
Oct 18 2018 14: +0,0.747,3
Oct 18 2018 17: +0,0.864,1
Oct 18 2018 19: +0,0.905,1
Oct 18 2018 22: +0,0.893,4
Oct 19 2018 08: +0,0.859,1
Oct 19 2018 16: +0,0.78,1
Oct 19 2018 17: +0,0.77,1
Oct 20 2018 02: +0,0.74,1
Oct 20 2018 06: +0,0.805,2
Oct 20 2018 18: +0,0.884,2
Oct 20 2018 19: +0,0.899,1
Oct 21 2018 08: +0,0.77,1
Oct 21 2018 12: +0,0.882,3
Oct 21 2018 15: +0,0.896,1
Oct 21 2018 22: +0,0.903,2
Oct 22 2018 12: +0,0.734,1
Oct 22 2018 13: +0,0.816,1
Oct 22 2018 14: +0,0.763,2
Oct 22 2018 16: +0,0.747,1
Oct 22 2018 17: +0,0.768,2
Oct 22 2018 19: +0,0.802,1
Oct 22 2018 21: +0,0.648,1
Oct 23 2018 11: +0,0.685,1
Oct 23 2018 13: +0,0.718,1
Oct 23 2018 15: +0,0.699,1
Oct 23 2018 18: +0,0.612,1
Oct 23 2018 20: +0,0.711,1
Oct 24 2018 01: +0,0.711,2
Oct 24 2018 11: +0,0.61,1
Oct 24 2018 12: +0,0.733,1
Oct 24 2018 16: +0,0.628,2
Oct 24 2018 18: +0,0.733,2
Oct 24 2018 19: +0,0.745,2
Oct 25 2018 16: +0,0.817,1
Oct 25 2018 18: +0,0.838,1
Oct 26 2018 05: +0,0.7,1
Oct 26 2018 19: +0,0.815,3
Oct 27 2018 04: +0,0.819,1
Oct 27 2018 05: +0,0.826,1
Oct 27 2018 16: +0,0.69,1
Oct 27 2018 18: +0,0.811,2
Oct 27 2018 20: +0,0.827,1
Oct 27 2018 21: +0,0.698,1
Oct 28 2018 02: +0,0.82,1
Oct 28 2018 14: +0,0.794,1
Oct 28 2018 16: +0,0.828,2
Oct 29 2018 06: +0,0.826,1
Oct 29 2018 12: +0,0.826,1
Oct 29 2018 14: +0,0.862,2
Oct 29 2018 15: +0,0.879,4
Oct 30 2018 03: +0,0.784,1
Oct 30 2018 18: +0,0.863,1
Oct 30 2018 21: +0,0.909,4
Oct 30 2018 22: +0,0.92,7
Oct 31 2018 16: +0,0.973,3
Nov 01 2018 12: +0,0.99,1
Nov 01 2018 16: +0,0.984,1
Nov 01 2018 17: +0,0.995,1
Nov 01 2018 20: +0,0.85,1
Nov 01 2018 21: +0,0.903,2
Nov 02 2018 17: +0,0.81,1
Nov 02 2018 19: +0,0.945,1
Nov 02 2018 21: +0,0.76,1
Nov 02 2018 22: +0,0.577,1
Nov 03 2018 00: +0,0.787,1
Nov 03 2018 04: +0,0.93,1
