Jan 13 2017 01: +0,1.097,339
Jan 14 2017 01: +0,1.043,194
Jan 15 2017 01: +0,1.066,145
Jan 16 2017 01: +0,1.043,130
Jan 17 2017 01: +0,1.049,139
Jan 18 2017 01: +0,1.041,139
Jan 19 2017 01: +0,1.03,84
Jan 20 2017 01: +0,1.039,186
Jan 21 2017 01: +0,1.025,214
Jan 22 2017 01: +0,1.041,201
Jan 23 2017 01: +0,1.055,102
Jan 24 2017 01: +0,0.994,79
Jan 25 2017 01: +0,1.023,106
Jan 26 2017 01: +0,1.035,160
Jan 27 2017 01: +0,0.382,1888
Jan 28 2017 01: +0,0.325,2305
Jan 29 2017 01: +0,0.297,7419
Jan 30 2017 01: +0,0.251,4422
Jan 31 2017 01: +0,0.283,2168
Feb 01 2017 01: +0,0.28,1234
Feb 02 2017 01: +0,0.277,950
Feb 03 2017 01: +0,0.276,1037
Feb 04 2017 01: +0,0.271,1235
Feb 05 2017 01: +0,0.274,1027
Feb 06 2017 01: +0,0.273,896
Feb 07 2017 01: +0,0.263,928
Feb 08 2017 01: +0,0.264,805
Feb 09 2017 01: +0,0.266,813
Feb 10 2017 01: +0,0.27,755
Feb 11 2017 01: +0,0.27,852
Feb 12 2017 01: +0,0.269,792
Feb 13 2017 01: +0,0.266,679
Feb 14 2017 01: +0,0.267,584
Feb 15 2017 01: +0,0.278,542
Feb 16 2017 01: +0,0.274,621
Feb 17 2017 01: +0,0.277,677
Feb 18 2017 01: +0,0.279,783
Feb 19 2017 01: +0,0.282,735
Feb 20 2017 01: +0,0.276,738
Feb 21 2017 01: +0,0.282,571
Feb 22 2017 01: +0,0.274,599
Feb 23 2017 01: +0,0.281,836
Feb 24 2017 01: +0,0.28,613
Feb 25 2017 01: +0,0.284,833
Feb 26 2017 01: +0,0.283,688
Feb 27 2017 01: +0,0.284,672
Feb 28 2017 01: +0,0.29,776
Mar 01 2017 01: +0,0.29,499
Mar 02 2017 01: +0,0.292,621
Mar 03 2017 01: +0,0.3,626
Mar 04 2017 01: +0,0.303,811
Mar 05 2017 01: +0,0.306,561
Mar 06 2017 01: +0,0.301,577
Mar 07 2017 01: +0,0.299,511
Mar 08 2017 01: +0,0.296,535
Mar 09 2017 01: +0,0.296,534
Mar 10 2017 01: +0,0.298,547
Mar 11 2017 01: +0,0.304,627
Mar 12 2017 01: +0,0.306,632
Mar 13 2017 01: +0,0.305,498
Mar 14 2017 01: +0,0.306,391
Mar 15 2017 01: +0,0.301,461
Mar 16 2017 01: +0,0.304,609
Mar 17 2017 01: +0,0.311,654
Mar 18 2017 01: +0,0.31,1033
Mar 19 2017 01: +0,0.32,788
Mar 20 2017 01: +0,0.321,636
Mar 21 2017 01: +0,0.324,546
Mar 22 2017 01: +0,0.333,508
Mar 23 2017 01: +0,0.334,476
Mar 24 2017 01: +0,0.335,399
Mar 25 2017 01: +0,0.336,486
Mar 26 2017 01: +0,0.338,497
Mar 27 2017 01: +0,0.332,453
Mar 28 2017 01: +0,0.335,412
Mar 29 2017 01: +0,0.333,511
Mar 30 2017 01: +0,0.344,338
Mar 31 2017 01: +0,0.34,543
Apr 01 2017 01: +0,0.34,558
Apr 02 2017 01: +0,0.336,555
Apr 03 2017 01: +0,0.335,536
Apr 04 2017 01: +0,0.333,432
Apr 05 2017 01: +0,0.335,408
Apr 06 2017 01: +0,0.341,437
Apr 07 2017 01: +0,0.344,509
Apr 08 2017 01: +0,0.342,587
Apr 09 2017 01: +0,0.338,521
Apr 10 2017 01: +0,0.347,336
Apr 11 2017 01: +0,0.341,376
Apr 12 2017 01: +0,0.339,398
Apr 13 2017 01: +0,0.347,426
Apr 14 2017 01: +0,0.356,435
Apr 15 2017 01: +0,0.351,489
Apr 16 2017 01: +0,0.358,443
Apr 17 2017 01: +0,0.357,486
Apr 18 2017 01: +0,0.358,427
Apr 19 2017 01: +0,0.37,405
Apr 20 2017 01: +0,0.379,316
Apr 21 2017 01: +0,0.372,455
Apr 22 2017 01: +0,0.377,432
Apr 23 2017 01: +0,0.373,354
Apr 24 2017 01: +0,0.372,312
Apr 25 2017 01: +0,0.376,303
Apr 26 2017 01: +0,0.38,292
Apr 27 2017 01: +0,0.377,394
Apr 28 2017 01: +0,0.383,324
Apr 29 2017 01: +0,0.385,371
Apr 30 2017 01: +0,0.388,410
May 01 2017 01: +0,0.388,373
May 02 2017 01: +0,0.382,283
May 03 2017 01: +0,0.385,281
May 04 2017 01: +0,0.388,286
May 05 2017 01: +0,0.376,365
May 06 2017 01: +0,0.384,340
May 07 2017 01: +0,0.381,327
May 08 2017 01: +0,0.372,362
May 09 2017 01: +0,0.373,347
May 10 2017 01: +0,0.379,324
May 11 2017 01: +0,0.379,313
May 12 2017 01: +0,0.377,394
May 13 2017 01: +0,0.381,416
May 14 2017 01: +0,0.377,502
May 15 2017 01: +0,0.381,369
May 16 2017 01: +0,0.383,262
May 17 2017 01: +0,0.383,346
May 18 2017 01: +0,0.389,340
May 19 2017 01: +0,0.392,259
May 20 2017 01: +0,0.392,384
May 21 2017 01: +0,0.388,294
May 22 2017 01: +0,0.392,316
May 23 2017 01: +0,0.397,265
May 24 2017 01: +0,0.328,633
May 25 2017 01: +0,0.374,368
May 26 2017 01: +0,0.392,337
May 27 2017 01: +0,0.393,347
May 28 2017 01: +0,0.397,254
May 29 2017 01: +0,0.394,299
May 30 2017 01: +0,0.391,359
May 31 2017 01: +0,0.397,238
Jun 01 2017 01: +0,0.399,319
Jun 02 2017 01: +0,0.396,426
Jun 03 2017 01: +0,0.398,280
Jun 04 2017 01: +0,0.398,374
Jun 05 2017 01: +0,0.401,281
Jun 06 2017 01: +0,0.394,323
Jun 07 2017 01: +0,0.391,416
Jun 08 2017 01: +0,0.386,331
Jun 09 2017 01: +0,0.391,247
Jun 10 2017 01: +0,0.387,328
Jun 11 2017 01: +0,0.389,287
Jun 12 2017 01: +0,0.389,229
Jun 13 2017 01: +0,0.382,297
Jun 14 2017 01: +0,0.384,222
Jun 15 2017 01: +0,0.378,293
Jun 16 2017 01: +0,0.368,396
Jun 17 2017 01: +0,0.372,444
Jun 18 2017 01: +0,0.354,400
Jun 19 2017 01: +0,0.355,365
Jun 20 2017 01: +0,0.353,347
Jun 21 2017 01: +0,0.343,352
Jun 22 2017 01: +0,0.335,434
Jun 23 2017 01: +0,0.328,299
Jun 24 2017 01: +0,0.338,225
Jun 25 2017 01: +0,0.328,416
Jun 26 2017 01: +0,0.339,293
Jun 27 2017 01: +0,0.349,250
Jun 28 2017 01: +0,0.355,246
Jun 29 2017 01: +0,0.354,286
Jun 30 2017 01: +0,0.358,434
Jul 01 2017 01: +0,0.361,356
Jul 02 2017 01: +0,0.361,331
Jul 03 2017 01: +0,0.355,331
Jul 04 2017 01: +0,0.353,403
Jul 05 2017 01: +0,0.356,328
Jul 06 2017 01: +0,0.356,390
Jul 07 2017 01: +0,0.347,542
Jul 08 2017 01: +0,0.297,288
Jul 09 2017 01: +0,0.3,192
Jul 10 2017 01: +0,0.304,173
Jul 11 2017 01: +0,0.29,251
Jul 12 2017 01: +0,0.286,230
Jul 13 2017 01: +0,0.292,200
Jul 14 2017 01: +0,0.297,235
Jul 15 2017 01: +0,0.292,203
Jul 16 2017 01: +0,0.292,197
Jul 17 2017 01: +0,0.305,204
Jul 18 2017 01: +0,0.307,258
Jul 19 2017 01: +0,0.304,246
Jul 20 2017 01: +0,0.313,197
Jul 21 2017 01: +0,0.325,231
Jul 22 2017 01: +0,0.322,152
Jul 23 2017 01: +0,0.26,286
Jul 24 2017 01: +0,0.256,176
Jul 25 2017 01: +0,0.275,138
Jul 26 2017 01: +0,0.309,82
Jul 27 2017 01: +0,0.309,87
Jul 28 2017 01: +0,0.306,96
Jul 29 2017 01: +0,0.309,79
Jul 30 2017 01: +0,0.319,76
Jul 31 2017 01: +0,0.295,103
Aug 01 2017 01: +0,0.275,103
Aug 02 2017 01: +0,0.292,86
Aug 03 2017 01: +0,0.304,118
Aug 04 2017 01: +0,0.308,62
Aug 05 2017 01: +0,0.304,71
Aug 06 2017 01: +0,0.279,111
Aug 07 2017 01: +0,0.28,92
Aug 08 2017 01: +0,0.282,92
Aug 09 2017 01: +0,0.3,80
Aug 10 2017 01: +0,0.301,92
Aug 11 2017 01: +0,0.306,85
Aug 12 2017 01: +0,0.305,79
Aug 13 2017 01: +0,0.284,73
Aug 14 2017 01: +0,0.275,78
Aug 15 2017 01: +0,0.279,80
Aug 16 2017 01: +0,0.288,78
Aug 17 2017 01: +0,0.295,64
Aug 18 2017 01: +0,0.283,115
Aug 19 2017 01: +0,0.293,80
Aug 20 2017 01: +0,0.293,54
Aug 21 2017 01: +0,0.287,85
Aug 22 2017 01: +0,0.288,125
Aug 23 2017 01: +0,0.306,91
Aug 24 2017 01: +0,0.308,62
Aug 25 2017 01: +0,0.314,90
Aug 26 2017 01: +0,0.307,68
Aug 27 2017 01: +0,0.314,105
Aug 28 2017 01: +0,0.317,78
Aug 29 2017 01: +0,0.305,66
Aug 30 2017 01: +0,0.296,68
Aug 31 2017 01: +0,0.306,92
Sep 01 2017 01: +0,0.318,74
Sep 02 2017 01: +0,0.321,82
Sep 03 2017 01: +0,0.321,144
Sep 04 2017 01: +0,0.318,85
Sep 05 2017 01: +0,0.327,88
Sep 06 2017 01: +0,0.319,84
Sep 07 2017 01: +0,0.34,49
Sep 08 2017 01: +0,0.317,127
Sep 09 2017 01: +0,0.337,72
Sep 10 2017 01: +0,0.334,115
Sep 11 2017 01: +0,0.327,82
Sep 12 2017 01: +0,0.333,80
Sep 13 2017 01: +0,0.338,66
Sep 14 2017 01: +0,0.319,59
Sep 15 2017 01: +0,0.345,82
Sep 16 2017 01: +0,0.341,101
Sep 17 2017 01: +0,0.338,101
Sep 18 2017 01: +0,0.334,69
Sep 19 2017 01: +0,0.342,78
Sep 20 2017 01: +0,0.327,68
Sep 21 2017 01: +0,0.32,76
Sep 22 2017 01: +0,0.34,77
Sep 23 2017 01: +0,0.333,107
Sep 24 2017 01: +0,0.345,81
Sep 25 2017 01: +0,0.35,58
Sep 26 2017 01: +0,0.341,54
Sep 27 2017 01: +0,0.337,55
Sep 28 2017 01: +0,0.334,50
Sep 29 2017 01: +0,0.336,69
Sep 30 2017 01: +0,0.35,81
Oct 01 2017 01: +0,0.35,80
Oct 02 2017 01: +0,0.33,39
Oct 03 2017 01: +0,0.334,47
Oct 04 2017 01: +0,0.33,49
Oct 05 2017 01: +0,0.329,66
Oct 06 2017 01: +0,0.34,67
Oct 07 2017 01: +0,0.341,53
Oct 08 2017 01: +0,0.325,62
Oct 09 2017 01: +0,0.333,68
Oct 10 2017 01: +0,0.347,30
Oct 11 2017 01: +0,0.346,50
Oct 12 2017 01: +0,0.332,70
Oct 13 2017 01: +0,0.341,61
Oct 14 2017 01: +0,0.338,69
Oct 15 2017 01: +0,0.353,66
Oct 16 2017 01: +0,0.344,41
Oct 17 2017 01: +0,0.34,44
Oct 18 2017 01: +0,0.343,76
Oct 19 2017 01: +0,0.349,45
Oct 20 2017 01: +0,0.353,64
Oct 21 2017 01: +0,0.355,59
Oct 22 2017 01: +0,0.352,40
Oct 23 2017 01: +0,0.323,62
Oct 24 2017 01: +0,0.323,52
Oct 25 2017 01: +0,0.339,43
Oct 26 2017 01: +0,0.336,41
Oct 27 2017 01: +0,0.319,46
Oct 28 2017 01: +0,0.321,76
Oct 29 2017 01: +0,0.342,48
Oct 30 2017 01: +0,0.333,45
Oct 31 2017 01: +0,0.329,38
Nov 01 2017 01: +0,0.307,44
Nov 02 2017 01: +0,0.318,48
Nov 03 2017 01: +0,0.341,35
Nov 04 2017 01: +0,0.332,73
Nov 05 2017 01: +0,0.31,37
Nov 06 2017 01: +0,0.332,42
Nov 07 2017 01: +0,0.317,33
Nov 08 2017 01: +0,0.318,40
Nov 09 2017 01: +0,0.319,23
Nov 10 2017 01: +0,0.319,64
Nov 11 2017 01: +0,0.325,58
Nov 12 2017 01: +0,0.319,62
Nov 13 2017 01: +0,0.299,36
Nov 14 2017 01: +0,0.312,45
Nov 15 2017 01: +0,0.313,34
Nov 16 2017 01: +0,0.308,70
Nov 17 2017 01: +0,0.319,61
Nov 18 2017 01: +0,0.32,69
Nov 19 2017 01: +0,0.318,31
Nov 20 2017 01: +0,0.303,34
Nov 21 2017 01: +0,0.322,65
Nov 22 2017 01: +0,0.316,28
Nov 23 2017 01: +0,0.299,49
Nov 24 2017 01: +0,0.29,53
Nov 25 2017 01: +0,0.294,59
Nov 26 2017 01: +0,0.297,49
Nov 27 2017 01: +0,0.288,42
Nov 28 2017 01: +0,0.317,49
Nov 29 2017 01: +0,0.322,36
Nov 30 2017 01: +0,0.322,42
Dec 01 2017 01: +0,0.311,36
Dec 02 2017 01: +0,0.319,45
Dec 03 2017 01: +0,0.323,79
Dec 04 2017 01: +0,0.308,39
Dec 05 2017 01: +0,0.323,33
Dec 06 2017 01: +0,0.329,57
Dec 07 2017 01: +0,0.326,52
Dec 08 2017 01: +0,0.329,41
Dec 09 2017 01: +0,0.322,49
Dec 10 2017 01: +0,0.327,46
Dec 11 2017 01: +0,0.338,59
Dec 12 2017 01: +0,0.311,29
Dec 13 2017 01: +0,0.326,54
Dec 14 2017 01: +0,0.317,23
Dec 15 2017 01: +0,0.331,44
Dec 16 2017 01: +0,0.322,62
Dec 17 2017 01: +0,0.301,57
Dec 18 2017 01: +0,0.291,45
Dec 19 2017 01: +0,0.301,53
Dec 20 2017 01: +0,0.293,60
Dec 21 2017 01: +0,0.303,32
Dec 22 2017 01: +0,0.299,33
Dec 23 2017 01: +0,0.3,34
Dec 24 2017 01: +0,0.296,69
Dec 25 2017 01: +0,0.297,32
Dec 26 2017 01: +0,0.298,57
Dec 27 2017 01: +0,0.293,61
Dec 28 2017 01: +0,0.3,55
Dec 29 2017 01: +0,0.312,43
Dec 30 2017 01: +0,0.33,43
Dec 31 2017 01: +0,0.326,42
Jan 01 2018 01: +0,0.318,28
Jan 02 2018 01: +0,0.33,45
Jan 03 2018 01: +0,0.338,46
Jan 04 2018 01: +0,0.294,38
Jan 05 2018 01: +0,0.322,54
Jan 06 2018 01: +0,0.338,47
Jan 07 2018 01: +0,0.348,30
Jan 08 2018 01: +0,0.333,32
Jan 09 2018 01: +0,0.315,29
Jan 10 2018 01: +0,0.318,41
Jan 11 2018 01: +0,0.313,47
Jan 12 2018 01: +0,0.335,51
Jan 13 2018 01: +0,0.321,59
Jan 14 2018 01: +0,0.324,44
Jan 15 2018 01: +0,0.315,37
Jan 16 2018 01: +0,0.326,35
Jan 17 2018 01: +0,0.307,42
Jan 18 2018 01: +0,0.325,38
Jan 19 2018 01: +0,0.322,54
Jan 20 2018 01: +0,0.323,51
Jan 21 2018 01: +0,0.328,96
Jan 22 2018 01: +0,0.331,44
Jan 23 2018 01: +0,0.306,32
Jan 24 2018 01: +0,0.306,32
Jan 25 2018 01: +0,0.296,25
Jan 26 2018 01: +0,0.292,42
Jan 27 2018 01: +0,0.267,58
Jan 28 2018 01: +0,0.25,77
Jan 29 2018 01: +0,0.233,41
Jan 30 2018 01: +0,0.232,42
Jan 31 2018 01: +0,0.242,33
Feb 01 2018 01: +0,0.259,57
Feb 02 2018 01: +0,0.261,52
Feb 03 2018 01: +0,0.278,37
Feb 04 2018 01: +0,0.269,24
Feb 05 2018 01: +0,0.283,20
Feb 06 2018 01: +0,0.269,26
Feb 07 2018 01: +0,0.261,30
Feb 08 2018 01: +0,0.275,21
Feb 09 2018 01: +0,0.281,32
Feb 10 2018 01: +0,0.273,39
Feb 11 2018 01: +0,0.285,27
Feb 12 2018 01: +0,0.27,24
Feb 13 2018 01: +0,0.29,18
Feb 14 2018 01: +0,0.276,24
Feb 15 2018 01: +0,0.284,33
Feb 16 2018 01: +0,0.301,35
Feb 17 2018 01: +0,0.299,29
Feb 18 2018 01: +0,0.291,27
Feb 19 2018 01: +0,0.258,36
Feb 20 2018 01: +0,0.308,28
Feb 21 2018 01: +0,0.295,20
Feb 22 2018 01: +0,0.295,27
Feb 23 2018 01: +0,0.304,28
Feb 24 2018 01: +0,0.298,33
Feb 25 2018 01: +0,0.327,31
Feb 26 2018 01: +0,0.321,28
Feb 27 2018 01: +0,0.309,18
Feb 28 2018 01: +0,0.319,23
Mar 01 2018 01: +0,0.311,23
Mar 02 2018 01: +0,0.324,22
Mar 03 2018 01: +0,0.317,28
Mar 04 2018 01: +0,0.286,34
Mar 05 2018 01: +0,0.297,31
Mar 06 2018 01: +0,0.304,23
Mar 07 2018 01: +0,0.332,15
Mar 08 2018 01: +0,0.307,19
Mar 09 2018 01: +0,0.308,25
Mar 10 2018 01: +0,0.308,20
Mar 11 2018 01: +0,0.304,16
Mar 12 2018 01: +0,0.317,13
Mar 13 2018 01: +0,0.32,20
Mar 14 2018 01: +0,0.292,21
Mar 15 2018 01: +0,0.316,15
Mar 16 2018 01: +0,0.333,18
Mar 17 2018 01: +0,0.329,28
Mar 18 2018 01: +0,0.334,13
Mar 19 2018 01: +0,0.334,22
Mar 20 2018 01: +0,0.325,20
Mar 21 2018 01: +0,0.335,12
Mar 22 2018 01: +0,0.306,7
Mar 23 2018 01: +0,0.329,19
Mar 24 2018 01: +0,0.327,18
Mar 25 2018 01: +0,0.332,16
Mar 26 2018 01: +0,0.334,20
Mar 27 2018 01: +0,0.302,15
Mar 28 2018 01: +0,0.315,11
Mar 29 2018 01: +0,0.316,20
Mar 30 2018 01: +0,0.29,38
Mar 31 2018 01: +0,0.294,35
Apr 01 2018 01: +0,0.312,20
Apr 02 2018 01: +0,0.314,23
Apr 03 2018 01: +0,0.304,18
Apr 04 2018 01: +0,0.312,17
Apr 05 2018 01: +0,0.308,25
Apr 06 2018 01: +0,0.323,22
Apr 07 2018 01: +0,0.34,25
Apr 08 2018 01: +0,0.336,31
Apr 09 2018 01: +0,0.346,19
Apr 10 2018 01: +0,0.34,17
Apr 11 2018 01: +0,0.332,12
Apr 12 2018 01: +0,0.338,22
Apr 13 2018 01: +0,0.334,25
Apr 14 2018 01: +0,0.342,21
Apr 15 2018 01: +0,0.34,19
Apr 16 2018 01: +0,0.339,16
Apr 17 2018 01: +0,0.339,25
Apr 18 2018 01: +0,0.328,16
Apr 19 2018 01: +0,0.332,32
Apr 20 2018 01: +0,0.334,26
Apr 21 2018 01: +0,0.327,26
Apr 22 2018 01: +0,0.302,24
Apr 23 2018 01: +0,0.32,14
Apr 24 2018 01: +0,0.324,13
Apr 25 2018 01: +0,0.335,18
Apr 26 2018 01: +0,0.327,12
Apr 27 2018 01: +0,0.325,6
Apr 28 2018 01: +0,0.324,20
Apr 29 2018 01: +0,0.331,20
Apr 30 2018 01: +0,0.347,9
May 01 2018 01: +0,0.325,19
May 02 2018 01: +0,0.324,12
May 03 2018 01: +0,0.32,15
May 04 2018 01: +0,0.326,10
May 05 2018 01: +0,0.323,21
May 06 2018 01: +0,0.311,19
May 07 2018 01: +0,0.316,12
May 08 2018 01: +0,0.33,22
May 09 2018 01: +0,0.332,12
May 10 2018 01: +0,0.315,18
May 11 2018 01: +0,0.32,20
May 12 2018 01: +0,0.31,27
May 13 2018 01: +0,0.299,25
May 14 2018 01: +0,0.311,7
May 15 2018 01: +0,0.32,17
May 16 2018 01: +0,0.343,13
May 17 2018 01: +0,0.311,18
May 18 2018 01: +0,0.309,16
May 19 2018 01: +0,0.329,20
May 20 2018 01: +0,0.319,19
May 21 2018 01: +0,0.329,36
May 22 2018 01: +0,0.333,11
May 23 2018 01: +0,0.295,13
May 24 2018 01: +0,0.316,12
May 25 2018 01: +0,0.306,162
May 26 2018 01: +0,0.31,29
May 27 2018 01: +0,0.312,22
May 28 2018 01: +0,0.315,16
May 29 2018 01: +0,0.303,27
May 30 2018 01: +0,0.313,19
May 31 2018 01: +0,0.323,9
Jun 01 2018 01: +0,0.317,15
Jun 02 2018 01: +0,0.31,36
Jun 03 2018 01: +0,0.287,18
Jun 04 2018 01: +0,0.284,13
Jun 05 2018 01: +0,0.296,27
Jun 06 2018 01: +0,0.3,18
Jun 07 2018 01: +0,0.299,13
Jun 08 2018 01: +0,0.316,10
Jun 09 2018 01: +0,0.293,28
Jun 10 2018 01: +0,0.295,13
Jun 11 2018 01: +0,0.291,20
Jun 12 2018 01: +0,0.294,18
Jun 13 2018 01: +0,0.281,35
Jun 14 2018 01: +0,0.297,20
Jun 15 2018 01: +0,0.283,28
Jun 16 2018 01: +0,0.278,13
Jun 17 2018 01: +0,0.291,17
Jun 18 2018 01: +0,0.272,31
Jun 19 2018 01: +0,0.286,17
Jun 20 2018 01: +0,0.27,21
Jun 21 2018 01: +0,0.253,26
Jun 22 2018 01: +0,0.237,19
Jun 23 2018 01: +0,0.245,40
Jun 24 2018 01: +0,0.27,37
Jun 25 2018 01: +0,0.28,29
Jun 26 2018 01: +0,0.277,17
Jun 27 2018 01: +0,0.259,18
Jun 28 2018 01: +0,0.268,23
Jun 29 2018 01: +0,0.262,20
Jun 30 2018 01: +0,0.259,27
Jul 01 2018 01: +0,0.252,30
Jul 02 2018 01: +0,0.236,21
Jul 03 2018 01: +0,0.243,36
Jul 04 2018 01: +0,0.251,35
Jul 05 2018 01: +0,0.253,24
Jul 06 2018 01: +0,0.28,24
Jul 07 2018 01: +0,0.274,37
Jul 08 2018 01: +0,0.283,22
Jul 09 2018 01: +0,0.284,11
Jul 10 2018 01: +0,0.287,25
Jul 11 2018 01: +0,0.28,21
Jul 12 2018 01: +0,0.292,24
Jul 13 2018 01: +0,0.291,15
Jul 14 2018 01: +0,0.281,24
Jul 15 2018 01: +0,0.29,34
Jul 16 2018 01: +0,0.294,44
Jul 17 2018 01: +0,0.29,19
Jul 18 2018 01: +0,0.279,15
Jul 19 2018 01: +0,0.287,17
Jul 20 2018 01: +0,0.282,22
Jul 21 2018 01: +0,0.287,16
Jul 22 2018 01: +0,0.284,18
Jul 23 2018 01: +0,0.302,23
Jul 24 2018 01: +0,0.292,32
Jul 25 2018 01: +0,0.297,22
Jul 26 2018 01: +0,0.292,58
Jul 27 2018 01: +0,0.299,29
Jul 28 2018 01: +0,0.301,19
Jul 29 2018 01: +0,0.286,27
Jul 30 2018 01: +0,0.279,19
Jul 31 2018 01: +0,0.287,13
Aug 01 2018 01: +0,0.291,34
Aug 02 2018 01: +0,0.297,28
Aug 03 2018 01: +0,0.296,22
Aug 04 2018 01: +0,0.297,34
Aug 05 2018 01: +0,0.308,38
Aug 06 2018 01: +0,0.297,37
Aug 07 2018 01: +0,0.297,15
Aug 08 2018 01: +0,0.293,39
Aug 09 2018 01: +0,0.316,24
Aug 10 2018 01: +0,0.313,28
Aug 11 2018 01: +0,0.314,16
Aug 12 2018 01: +0,0.303,55
Aug 13 2018 01: +0,0.3,38
Aug 14 2018 01: +0,0.311,24
Aug 15 2018 01: +0,0.314,26
Aug 16 2018 01: +0,0.304,21
Aug 17 2018 01: +0,0.31,23
Aug 18 2018 01: +0,0.308,30
Aug 19 2018 01: +0,0.304,37
Aug 20 2018 01: +0,0.313,18
Aug 21 2018 01: +0,0.313,26
Aug 22 2018 01: +0,0.316,23
Aug 23 2018 01: +0,0.311,41
Aug 24 2018 01: +0,0.319,34
Aug 25 2018 01: +0,0.335,37
Aug 26 2018 01: +0,0.341,28
Aug 27 2018 01: +0,0.34,25
Aug 28 2018 01: +0,0.357,22
Aug 29 2018 01: +0,0.366,16
Aug 30 2018 01: +0,0.343,20
Aug 31 2018 01: +0,0.34,30
Sep 01 2018 01: +0,0.331,21
Sep 02 2018 01: +0,0.349,31
Sep 03 2018 01: +0,0.367,56
Sep 04 2018 01: +0,0.392,25
Sep 05 2018 01: +0,0.388,27
Sep 06 2018 01: +0,0.389,18
Sep 07 2018 01: +0,0.411,16
Sep 08 2018 01: +0,0.452,32
Sep 09 2018 01: +0,0.439,28
Sep 10 2018 01: +0,0.401,22
Sep 11 2018 01: +0,0.368,17
Sep 12 2018 01: +0,0.363,9
Sep 13 2018 01: +0,0.382,16
Sep 14 2018 01: +0,0.385,12
Sep 15 2018 01: +0,0.388,27
Sep 16 2018 01: +0,0.386,23
Sep 17 2018 01: +0,0.391,17
Sep 18 2018 01: +0,0.401,17
Sep 19 2018 01: +0,0.378,7
Sep 20 2018 01: +0,0.387,20
Sep 21 2018 01: +0,0.399,14
Sep 22 2018 01: +0,0.349,25
Sep 23 2018 01: +0,0.286,43
Sep 24 2018 01: +0,0.329,29
Sep 25 2018 01: +0,0.382,13
Sep 26 2018 01: +0,0.349,12
Sep 27 2018 01: +0,0.356,16
Sep 28 2018 01: +0,0.367,15
Sep 29 2018 01: +0,0.354,25
Sep 30 2018 01: +0,0.358,28
Oct 01 2018 01: +0,0.373,11
Oct 02 2018 01: +0,0.351,9
Oct 02 2018 23: +0,0.382,1
Oct 03 2018 00: +0,0.372,2
Oct 03 2018 03: +0,0.384,2
Oct 03 2018 07: +0,0.38,1
Oct 03 2018 10: +0,0.369,1
Oct 03 2018 11: +0,0.369,1
Oct 03 2018 14: +0,0.384,1
Oct 03 2018 18: +0,0.369,1
Oct 04 2018 03: +0,0.34,1
Oct 04 2018 06: +0,0.364,2
Oct 04 2018 15: +0,0.336,1
Oct 04 2018 21: +0,0.299,5
Oct 04 2018 23: +0,0.357,1
Oct 05 2018 05: +0,0.3,1
Oct 05 2018 08: +0,0.345,1
Oct 05 2018 10: +0,0.345,2
Oct 05 2018 12: +0,0.357,1
Oct 05 2018 13: +0,0.335,1
Oct 05 2018 14: +0,0.335,1
Oct 05 2018 16: +0,0.357,2
Oct 05 2018 17: +0,0.375,7
Oct 05 2018 19: +0,0.271,1
Oct 05 2018 20: +0,0.31,1
Oct 05 2018 22: +0,0.344,1
Oct 05 2018 23: +0,0.345,1
Oct 06 2018 02: +0,0.347,1
Oct 06 2018 07: +0,0.36,1
Oct 06 2018 09: +0,0.369,4
Oct 06 2018 10: +0,0.369,1
Oct 06 2018 14: +0,0.384,1
Oct 06 2018 16: +0,0.341,2
Oct 06 2018 17: +0,0.384,2
Oct 06 2018 18: +0,0.384,4
Oct 07 2018 05: +0,0.32,1
Oct 07 2018 07: +0,0.367,2
Oct 07 2018 08: +0,0.293,1
Oct 07 2018 09: +0,0.383,1
Oct 07 2018 10: +0,0.383,1
Oct 07 2018 14: +0,0.375,2
Oct 07 2018 15: +0,0.328,2
Oct 07 2018 19: +0,0.374,1
Oct 07 2018 20: +0,0.369,5
Oct 08 2018 04: +0,0.2,1
Oct 08 2018 09: +0,0.366,1
Oct 08 2018 13: +0,0.358,1
Oct 08 2018 14: +0,0.343,1
Oct 08 2018 15: +0,0.3,3
Oct 08 2018 16: +0,0.345,2
Oct 08 2018 17: +0,0.379,2
Oct 08 2018 20: +0,0.383,1
Oct 08 2018 22: +0,0.32,1
Oct 09 2018 10: +0,0.291,1
Oct 09 2018 11: +0,0.346,1
Oct 09 2018 13: +0,0.369,1
Oct 09 2018 14: +0,0.343,2
Oct 09 2018 15: +0,0.375,1
Oct 09 2018 17: +0,0.327,1
Oct 09 2018 19: +0,0.345,1
Oct 09 2018 21: +0,0.32,2
Oct 09 2018 23: +0,0.329,1
Oct 10 2018 01: +0,0.329,1
Oct 10 2018 04: +0,0.32,1
Oct 10 2018 11: +0,0.322,1
Oct 10 2018 13: +0,0.329,3
Oct 10 2018 15: +0,0.331,1
Oct 10 2018 16: +0,0.326,5
Oct 10 2018 18: +0,0.32,1
Oct 10 2018 19: +0,0.32,3
Oct 11 2018 03: +0,0.329,1
Oct 11 2018 08: +0,0.331,1
Oct 11 2018 09: +0,0.322,1
Oct 11 2018 10: +0,0.338,2
Oct 11 2018 14: +0,0.344,1
Oct 11 2018 16: +0,0.357,1
Oct 11 2018 17: +0,0.355,1
Oct 11 2018 19: +0,0.35,1
Oct 11 2018 21: +0,0.317,1
Oct 12 2018 02: +0,0.324,1
Oct 12 2018 04: +0,0.32,1
Oct 12 2018 09: +0,0.312,1
Oct 12 2018 11: +0,0.356,2
Oct 12 2018 15: +0,0.365,1
Oct 12 2018 16: +0,0.35,1
Oct 12 2018 18: +0,0.367,4
Oct 12 2018 19: +0,0.37,1
Oct 12 2018 20: +0,0.375,1
Oct 12 2018 22: +0,0.379,1
Oct 12 2018 23: +0,0.37,1
Oct 13 2018 01: +0,0.378,3
Oct 13 2018 03: +0,0.378,1
Oct 13 2018 04: +0,0.378,1
Oct 13 2018 09: +0,0.379,7
Oct 13 2018 11: +0,0.37,4
Oct 13 2018 12: +0,0.382,1
Oct 13 2018 15: +0,0.38,4
Oct 13 2018 18: +0,0.378,1
Oct 13 2018 19: +0,0.385,1
Oct 13 2018 20: +0,0.385,1
Oct 13 2018 21: +0,0.377,2
Oct 14 2018 00: +0,0.383,5
Oct 14 2018 08: +0,0.361,1
Oct 14 2018 10: +0,0.383,1
Oct 14 2018 11: +0,0.38,2
Oct 14 2018 12: +0,0.376,2
Oct 14 2018 13: +0,0.383,3
Oct 14 2018 14: +0,0.368,1
Oct 14 2018 16: +0,0.37,3
Oct 14 2018 17: +0,0.38,4
Oct 14 2018 18: +0,0.383,4
Oct 14 2018 23: +0,0.231,1
Oct 15 2018 01: +0,0.383,1
Oct 15 2018 05: +0,0.385,1
Oct 15 2018 06: +0,0.38,1
Oct 15 2018 11: +0,0.344,1
Oct 15 2018 13: +0,0.37,2
Oct 15 2018 15: +0,0.385,1
Oct 15 2018 16: +0,0.384,13
Oct 15 2018 17: +0,0.399,4
Oct 15 2018 19: +0,0.4,1
Oct 15 2018 21: +0,0.394,1
Oct 15 2018 23: +0,0.391,1
Oct 16 2018 00: +0,0.398,1
Oct 16 2018 12: +0,0.395,2
Oct 16 2018 16: +0,0.396,3
Oct 16 2018 19: +0,0.399,1
Oct 17 2018 03: +0,0.32,1
Oct 17 2018 08: +0,0.394,4
Oct 17 2018 09: +0,0.351,3
Oct 17 2018 10: +0,0.334,1
Oct 17 2018 11: +0,0.366,1
Oct 17 2018 14: +0,0.4,4
Oct 17 2018 21: +0,0.38,2
Oct 18 2018 04: +0,0.38,4
Oct 18 2018 07: +0,0.398,1
Oct 18 2018 14: +0,0.32,1
Oct 18 2018 16: +0,0.391,7
Oct 18 2018 19: +0,0.403,1
Oct 18 2018 20: +0,0.403,1
Oct 19 2018 01: +0,0.391,2
Oct 19 2018 08: +0,0.39,1
Oct 19 2018 17: +0,0.391,1
Oct 19 2018 21: +0,0.384,1
Oct 20 2018 00: +0,0.385,1
Oct 20 2018 06: +0,0.355,1
Oct 20 2018 11: +0,0.39,8
Oct 20 2018 12: +0,0.391,3
Oct 20 2018 14: +0,0.378,1
Oct 20 2018 21: +0,0.389,1
Oct 20 2018 23: +0,0.364,2
Oct 21 2018 05: +0,0.304,1
Oct 21 2018 10: +0,0.382,3
Oct 21 2018 12: +0,0.356,1
Oct 21 2018 13: +0,0.316,1
Oct 21 2018 14: +0,0.388,3
Oct 21 2018 15: +0,0.389,1
Oct 21 2018 19: +0,0.355,1
Oct 21 2018 21: +0,0.31,1
Oct 22 2018 00: +0,0.32,1
Oct 22 2018 08: +0,0.21,1
Oct 22 2018 11: +0,0.318,2
Oct 22 2018 13: +0,0.356,1
Oct 22 2018 16: +0,0.361,2
Oct 22 2018 18: +0,0.379,1
Oct 22 2018 19: +0,0.32,1
Oct 22 2018 22: +0,0.379,1
Oct 23 2018 08: +0,0.373,1
Oct 23 2018 13: +0,0.345,1
Oct 23 2018 14: +0,0.373,1
Oct 23 2018 15: +0,0.367,1
Oct 23 2018 18: +0,0.385,2
Oct 24 2018 02: +0,0.357,1
Oct 24 2018 10: +0,0.367,1
Oct 24 2018 12: +0,0.344,1
Oct 24 2018 13: +0,0.38,3
Oct 24 2018 16: +0,0.39,3
Oct 24 2018 17: +0,0.39,1
Oct 24 2018 19: +0,0.347,2
Oct 24 2018 20: +0,0.382,1
Oct 25 2018 00: +0,0.365,2
Oct 25 2018 06: +0,0.352,1
Oct 25 2018 07: +0,0.393,1
Oct 25 2018 11: +0,0.395,1
Oct 25 2018 15: +0,0.401,2
Oct 25 2018 16: +0,0.382,1
Oct 25 2018 17: +0,0.403,1
Oct 26 2018 05: +0,0.32,1
Oct 26 2018 07: +0,0.267,1
Oct 26 2018 11: +0,0.358,1
Oct 26 2018 13: +0,0.364,2
Oct 26 2018 16: +0,0.357,2
Oct 26 2018 19: +0,0.389,2
Oct 26 2018 20: +0,0.403,1
Oct 27 2018 09: +0,0.391,4
Oct 27 2018 11: +0,0.403,3
Oct 27 2018 12: +0,0.404,1
Oct 27 2018 13: +0,0.403,1
Oct 27 2018 15: +0,0.397,1
Oct 27 2018 16: +0,0.34,1
Oct 27 2018 19: +0,0.39,1
Oct 27 2018 21: +0,0.347,1
Oct 28 2018 01: +0,0.37,3
Oct 28 2018 05: +0,0.39,1
Oct 28 2018 08: +0,0.372,2
Oct 28 2018 12: +0,0.326,2
Oct 28 2018 15: +0,0.339,1
Oct 28 2018 18: +0,0.326,1
Oct 28 2018 22: +0,0.34,4
Oct 29 2018 12: +0,0.357,1
Oct 29 2018 13: +0,0.349,1
Oct 29 2018 17: +0,0.311,1
Oct 29 2018 19: +0,0.326,5
Oct 29 2018 21: +0,0.329,2
Oct 30 2018 00: +0,0.324,1
Oct 30 2018 01: +0,0.33,2
Oct 30 2018 02: +0,0.327,2
Oct 30 2018 06: +0,0.274,1
Oct 30 2018 09: +0,0.327,2
Oct 30 2018 11: +0,0.333,2
Oct 30 2018 12: +0,0.345,1
Oct 30 2018 13: +0,0.356,1
Oct 30 2018 15: +0,0.352,3
Oct 30 2018 19: +0,0.391,2
Oct 31 2018 07: +0,0.32,1
Oct 31 2018 11: +0,0.307,1
Oct 31 2018 14: +0,0.367,1
Oct 31 2018 16: +0,0.367,2
Oct 31 2018 18: +0,0.357,2
Oct 31 2018 19: +0,0.364,3
Oct 31 2018 23: +0,0.365,1
Nov 01 2018 04: +0,0.367,1
Nov 01 2018 10: +0,0.369,2
Nov 01 2018 12: +0,0.362,1
Nov 01 2018 14: +0,0.391,1
Nov 01 2018 22: +0,0.398,3
Nov 02 2018 01: +0,0.394,1
Nov 02 2018 08: +0,0.395,1
Nov 02 2018 10: +0,0.403,1
Nov 02 2018 14: +0,0.398,1
Nov 02 2018 15: +0,0.398,1
Nov 02 2018 17: +0,0.395,1
Nov 02 2018 18: +0,0.39,1
Nov 02 2018 20: +0,0.353,1
